temple,date,hour,day_of_week,is_weekend,is_holiday,is_festival,weather,temperature,previous_visitors,current_crowd,visitors
Somnath,2025-01-01,0,Wednesday,0,1,0,Clear,27.4,60,182,54
Somnath,2025-01-01,1,Wednesday,0,1,0,Clear,27.1,54,126,31
Somnath,2025-01-01,2,Wednesday,0,1,0,Clear,26.0,31,88,29
Somnath,2025-01-01,3,Wednesday,0,1,0,Clear,27.1,29,133,69
Somnath,2025-01-01,4,Wednesday,0,1,0,Clear,26.5,69,694,471
Somnath,2025-01-01,5,Wednesday,0,1,0,Clear,28.2,471,1842,1132
Somnath,2025-01-01,6,Wednesday,0,1,0,Clear,28.2,1132,3635,2097
Somnath,2025-01-01,7,Wednesday,0,1,0,Clear,30.8,2097,4977,2363
Somnath,2025-01-01,8,Wednesday,0,1,0,Clear,31.5,2363,5461,2405
Somnath,2025-01-01,9,Wednesday,0,1,0,Clear,33.1,2405,5993,2797
Somnath,2025-01-01,10,Wednesday,0,1,0,Clear,33.4,2797,6093,2494
Somnath,2025-01-01,11,Wednesday,0,1,0,Clear,35.8,2494,5344,1958
Somnath,2025-01-01,12,Wednesday,0,1,0,Clear,35.2,1958,3928,1248
Somnath,2025-01-01,13,Wednesday,0,1,0,Clear,36.1,1248,3325,1179
Somnath,2025-01-01,14,Wednesday,0,1,0,Clear,36.4,1179,3353,1343
Somnath,2025-01-01,15,Wednesday,0,1,0,Clear,37.0,1343,3731,1663
Somnath,2025-01-01,16,Wednesday,0,1,0,Clear,36.3,1663,5096,2542
Somnath,2025-01-01,17,Wednesday,0,1,0,Clear,35.0,2542,6623,3092
Somnath,2025-01-01,18,Wednesday,0,1,0,Clear,34.1,3092,7580,3300
Somnath,2025-01-01,19,Wednesday,0,1,0,Clear,33.4,3300,7172,2588
Somnath,2025-01-01,20,Wednesday,0,1,0,Clear,30.0,2588,5634,1952
Somnath,2025-01-01,21,Wednesday,0,1,0,Clear,30.8,1952,4063,1098
Somnath,2025-01-01,22,Wednesday,0,1,0,Clear,29.8,1098,2392,432
Somnath,2025-01-01,23,Wednesday,0,1,0,Clear,27.6,432,1322,169
Somnath,2025-01-02,0,Thursday,0,0,0,Cloudy,20.2,169,625,38
Somnath,2025-01-02,1,Thursday,0,0,0,Cloudy,19.4,38,290,22
Somnath,2025-01-02,2,Thursday,0,0,0,Cloudy,19.6,22,162,23
Somnath,2025-01-02,3,Thursday,0,0,0,Cloudy,19.5,23,136,48
Somnath,2025-01-02,4,Thursday,0,0,0,Cloudy,19.9,48,545,359
Somnath,2025-01-02,5,Thursday,0,0,0,Cloudy,21.2,359,1681,1062
Somnath,2025-01-02,6,Thursday,0,0,0,Cloudy,22.2,1062,2724,1511
Somnath,2025-01-02,7,Thursday,0,0,0,Cloudy,23.3,1511,3986,1933
Somnath,2025-01-02,8,Thursday,0,0,0,Cloudy,24.6,1933,4715,2166
Somnath,2025-01-02,9,Thursday,0,0,0,Cloudy,25.3,2166,5086,2137
Somnath,2025-01-02,10,Thursday,0,0,0,Cloudy,27.8,2137,4362,1417
Somnath,2025-01-02,11,Thursday,0,0,0,Cloudy,27.6,1417,4058,1393
Somnath,2025-01-02,12,Thursday,0,0,0,Cloudy,28.6,1393,2975,844
Somnath,2025-01-02,13,Thursday,0,0,0,Cloudy,29.4,844,2229,656
Somnath,2025-01-02,14,Thursday,0,0,0,Cloudy,29.3,656,2406,1016
Somnath,2025-01-02,15,Thursday,0,0,0,Rainy,29.7,1016,2257,883
Somnath,2025-01-02,16,Thursday,0,0,0,Cloudy,29.7,883,2991,1412
Somnath,2025-01-02,17,Thursday,0,0,0,Rainy,29.9,1412,3610,1638
Somnath,2025-01-02,18,Thursday,0,0,0,Cloudy,26.6,1638,4204,1879
Somnath,2025-01-02,19,Thursday,0,0,0,Cloudy,26.2,1879,4437,1861
Somnath,2025-01-02,20,Thursday,0,0,0,Cloudy,24.3,1861,3906,1393
Somnath,2025-01-02,21,Thursday,0,0,0,Cloudy,22.9,1393,3134,989
Somnath,2025-01-02,22,Thursday,0,0,0,Cloudy,21.3,989,1836,366
Somnath,2025-01-02,23,Thursday,0,0,0,Cloudy,21.4,366,968,130
Somnath,2025-01-03,0,Friday,0,0,0,Sunny,26.6,130,500,52
Somnath,2025-01-03,1,Friday,0,0,0,Sunny,25.1,52,250,25
Somnath,2025-01-03,2,Friday,0,0,0,Sunny,25.3,25,153,29
Somnath,2025-01-03,3,Friday,0,0,0,Sunny,26.1,29,167,69
Somnath,2025-01-03,4,Friday,0,0,0,Sunny,25.9,69,981,669
Somnath,2025-01-03,5,Friday,0,0,0,Sunny,26.4,669,1681,910
Somnath,2025-01-03,6,Friday,0,0,0,Sunny,27.9,910,3515,2030
Somnath,2025-01-03,7,Friday,0,0,0,Sunny,29.2,2030,4323,2119
Somnath,2025-01-03,8,Friday,0,0,0,Sunny,30.4,2119,5785,2829
Somnath,2025-01-03,9,Friday,0,0,0,Sunny,31.3,2829,5792,2325
Somnath,2025-01-03,10,Friday,0,0,0,Sunny,32.7,2325,5271,1968
Somnath,2025-01-03,11,Friday,0,0,0,Sunny,33.7,1968,4675,1657
Somnath,2025-01-03,12,Friday,0,0,0,Sunny,35.8,1657,3650,1253
Somnath,2025-01-03,13,Friday,0,0,0,Sunny,35.2,1253,3072,1028
Somnath,2025-01-03,14,Friday,0,0,0,Sunny,36.2,1028,3936,1862
Somnath,2025-01-03,15,Friday,0,0,0,Sunny,36.4,1862,4127,1702
Somnath,2025-01-03,16,Friday,0,0,0,Sunny,35.0,1702,4745,2192
Somnath,2025-01-03,17,Friday,0,0,0,Sunny,34.2,2192,5307,2343
Somnath,2025-01-03,18,Friday,0,0,0,Sunny,34.7,2343,5374,2151
Somnath,2025-01-03,19,Friday,0,0,0,Sunny,31.0,2151,5366,2086
Somnath,2025-01-03,20,Friday,0,0,0,Sunny,30.7,2086,4293,1455
Somnath,2025-01-03,21,Friday,0,0,0,Sunny,29.7,1455,3148,885
Somnath,2025-01-03,22,Friday,0,0,0,Sunny,28.0,885,2086,383
Somnath,2025-01-03,23,Friday,0,0,0,Sunny,27.3,383,1093,108
Somnath,2025-01-04,0,Saturday,1,0,0,Sunny,20.4,108,581,57
Somnath,2025-01-04,1,Saturday,1,0,0,Sunny,20.9,57,302,33
Somnath,2025-01-04,2,Saturday,1,0,0,Sunny,19.9,33,196,36
Somnath,2025-01-04,3,Saturday,1,0,0,Sunny,20.6,36,204,83
Somnath,2025-01-04,4,Saturday,1,0,0,Sunny,22.2,83,1112,761
Somnath,2025-01-04,5,Saturday,1,0,0,Sunny,21.4,761,2745,1676
Somnath,2025-01-04,6,Saturday,1,0,0,Sunny,23.1,1676,5017,2844
Somnath,2025-01-04,7,Saturday,1,0,0,Sunny,24.0,2844,5128,2212
Somnath,2025-01-04,8,Saturday,1,0,0,Sunny,25.3,2212,6624,3058
Somnath,2025-01-04,9,Saturday,1,0,0,Sunny,25.9,3058,7057,3005
Somnath,2025-01-04,10,Saturday,1,0,0,Sunny,28.9,3005,6415,2263
Somnath,2025-01-04,11,Saturday,1,0,0,Sunny,29.2,2263,5603,1963
Somnath,2025-01-04,12,Saturday,1,0,0,Sunny,30.1,1963,4459,1429
Somnath,2025-01-04,13,Saturday,1,0,0,Sunny,30.3,1429,3912,1362
Somnath,2025-01-04,14,Saturday,1,0,0,Sunny,31.6,1362,3848,1407
Somnath,2025-01-04,15,Saturday,1,0,0,Sunny,29.3,1407,4582,2074
Somnath,2025-01-04,16,Saturday,1,0,0,Sunny,30.2,2074,5529,2584
Somnath,2025-01-04,17,Saturday,1,0,0,Sunny,28.9,2584,6941,3220
Somnath,2025-01-04,18,Saturday,1,0,0,Sunny,28.3,3220,7915,3445
Somnath,2025-01-04,19,Saturday,1,0,0,Sunny,27.0,3445,8246,3387
Somnath,2025-01-04,20,Saturday,1,0,0,Sunny,24.9,3387,6757,2154
Somnath,2025-01-04,21,Saturday,1,0,0,Sunny,24.4,2154,4869,1341
Somnath,2025-01-04,22,Saturday,1,0,0,Sunny,23.6,1341,2976,537
Somnath,2025-01-04,23,Saturday,1,0,0,Sunny,21.6,537,1665,187
Somnath,2025-01-05,0,Sunday,1,0,0,Sunny,26.0,187,856,60
Somnath,2025-01-05,1,Sunday,1,0,0,Sunny,24.5,60,438,41
Somnath,2025-01-05,2,Sunday,1,0,0,Sunny,24.6,41,247,43
Somnath,2025-01-05,3,Sunday,1,0,0,Sunny,26.0,43,223,88
Somnath,2025-01-05,4,Sunday,1,0,0,Sunny,25.9,88,1132,762
Somnath,2025-01-05,5,Sunday,1,0,0,Sunny,26.5,762,2489,1483
Somnath,2025-01-05,6,Sunday,1,0,0,Sunny,27.2,1483,4501,2464
Somnath,2025-01-05,7,Sunday,1,0,0,Sunny,28.3,2464,6109,3049
Somnath,2025-01-05,8,Sunday,1,0,0,Sunny,30.0,3049,7257,3423
Somnath,2025-01-05,9,Sunday,1,0,0,Sunny,31.3,3423,7724,3364
Somnath,2025-01-05,10,Sunday,1,0,0,Sunny,32.1,3364,7072,2850
Somnath,2025-01-05,11,Sunday,1,0,0,Sunny,32.7,2850,5969,2089
Somnath,2025-01-05,12,Sunday,1,0,0,Sunny,34.5,2089,5354,1891
Somnath,2025-01-05,13,Sunday,1,0,0,Sunny,34.8,1891,4156,1383
Somnath,2025-01-05,14,Sunday,1,0,0,Sunny,35.0,1383,4095,1626
Somnath,2025-01-05,15,Sunday,1,0,0,Sunny,34.4,1626,5113,2318
Somnath,2025-01-05,16,Sunday,1,0,0,Sunny,34.3,2318,6448,3013
Somnath,2025-01-05,17,Sunday,1,0,0,Sunny,33.3,3013,7846,3661
Somnath,2025-01-05,18,Sunday,1,0,0,Sunny,32.5,3661,8286,3519
Somnath,2025-01-05,19,Sunday,1,0,0,Sunny,31.4,3519,8998,3771
Somnath,2025-01-05,20,Sunday,1,0,0,Sunny,31.1,3771,7151,2167
Somnath,2025-01-05,21,Sunday,1,0,0,Sunny,28.5,2167,5522,1803
Somnath,2025-01-05,22,Sunday,1,0,0,Sunny,26.7,1803,2968,553
Somnath,2025-01-05,23,Sunday,1,0,0,Sunny,25.8,553,1590,181
Somnath,2025-01-06,0,Monday,0,0,0,Rainy,27.5,181,812,46
Somnath,2025-01-06,1,Monday,0,0,0,Rainy,26.5,46,404,22
Somnath,2025-01-06,2,Monday,0,0,0,Rainy,25.8,22,233,30
Somnath,2025-01-06,3,Monday,0,0,0,Rainy,26.5,30,178,49
Somnath,2025-01-06,4,Monday,0,0,0,Rainy,27.3,49,739,493
Somnath,2025-01-06,5,Monday,0,0,0,Rainy,27.8,493,1565,912
Somnath,2025-01-06,6,Monday,0,0,0,Rainy,29.0,912,3053,1768
Somnath,2025-01-06,7,Monday,0,0,0,Rainy,30.4,1768,4239,2096
Somnath,2025-01-06,8,Monday,0,0,0,Rainy,32.3,2096,4413,1964
Somnath,2025-01-06,9,Monday,0,0,0,Rainy,34.0,1964,4728,2086
Somnath,2025-01-06,10,Monday,0,0,0,Rainy,35.4,2086,4582,1725
Somnath,2025-01-06,11,Monday,0,0,0,Rainy,35.6,1725,4658,1789
Somnath,2025-01-06,12,Monday,0,0,0,Rainy,36.3,1789,3638,1092
Somnath,2025-01-06,13,Monday,0,0,0,Rainy,37.0,1092,2717,758
Somnath,2025-01-06,14,Monday,0,0,0,Rainy,37.0,758,2405,836
Somnath,2025-01-06,15,Monday,0,0,0,Heavy Rain,36.9,836,2274,880
Somnath,2025-01-06,16,Monday,0,0,0,Rainy,37.0,880,3038,1493
Somnath,2025-01-06,17,Monday,0,0,0,Heavy Rain,36.1,1493,3066,1260
Somnath,2025-01-06,18,Monday,0,0,0,Rainy,33.3,1260,4454,2344
Somnath,2025-01-06,19,Monday,0,0,0,Rainy,33.6,2344,4652,2031
Somnath,2025-01-06,20,Monday,0,0,0,Rainy,31.6,2031,3820,1284
Somnath,2025-01-06,21,Monday,0,0,0,Rainy,31.1,1284,2783,756
Somnath,2025-01-06,22,Monday,0,0,0,Rainy,28.9,756,1692,331
Somnath,2025-01-06,23,Monday,0,0,0,Rainy,27.5,331,870,114
Somnath,2025-01-07,0,Tuesday,0,0,0,Clear,24.2,114,435,34
Somnath,2025-01-07,1,Tuesday,0,0,0,Clear,24.0,34,236,24
Somnath,2025-01-07,2,Tuesday,0,0,0,Clear,23.6,24,133,21
Somnath,2025-01-07,3,Tuesday,0,0,0,Clear,22.8,21,126,46
Somnath,2025-01-07,4,Tuesday,0,0,0,Clear,25.7,46,565,375
Somnath,2025-01-07,5,Tuesday,0,0,0,Clear,25.7,375,1886,1198
Somnath,2025-01-07,6,Tuesday,0,0,0,Clear,26.5,1198,2575,1329
Somnath,2025-01-07,7,Tuesday,0,0,0,Clear,28.0,1329,3390,1714
Somnath,2025-01-07,8,Tuesday,0,0,0,Clear,28.8,1714,4076,1794
Somnath,2025-01-07,9,Tuesday,0,0,0,Clear,31.1,1794,4427,1820
Somnath,2025-01-07,10,Tuesday,0,0,0,Clear,31.9,1820,4026,1394
Somnath,2025-01-07,11,Tuesday,0,0,0,Clear,33.2,1394,3308,1121
Somnath,2025-01-07,12,Tuesday,0,0,0,Clear,33.2,1121,2567,748
Somnath,2025-01-07,13,Tuesday,0,0,0,Clear,35.4,748,2069,653
Somnath,2025-01-07,14,Tuesday,0,0,0,Clear,34.1,653,2098,885
Somnath,2025-01-07,15,Tuesday,0,0,0,Clear,33.8,885,2553,1221
Somnath,2025-01-07,16,Tuesday,0,0,0,Clear,33.9,1221,3283,1591
Somnath,2025-01-07,17,Tuesday,0,0,0,Clear,32.4,1591,4036,1854
Somnath,2025-01-07,18,Tuesday,0,0,0,Clear,32.1,1854,4410,1915
Somnath,2025-01-07,19,Tuesday,0,0,0,Clear,31.0,1915,3991,1446
Somnath,2025-01-07,20,Tuesday,0,0,0,Clear,28.8,1446,3643,1419
Somnath,2025-01-07,21,Tuesday,0,0,0,Clear,26.8,1419,2502,636
Somnath,2025-01-07,22,Tuesday,0,0,0,Clear,26.7,636,1563,297
Somnath,2025-01-07,23,Tuesday,0,0,0,Clear,24.5,297,809,110
Somnath,2025-01-08,0,Wednesday,0,0,0,Clear,18.4,110,426,32
Somnath,2025-01-08,1,Wednesday,0,0,0,Clear,18.0,32,215,25
Somnath,2025-01-08,2,Wednesday,0,0,0,Clear,18.5,25,121,27
Somnath,2025-01-08,3,Wednesday,0,0,0,Clear,18.0,27,135,60
Somnath,2025-01-08,4,Wednesday,0,0,0,Clear,19.1,60,556,367
Somnath,2025-01-08,5,Wednesday,0,0,0,Clear,19.7,367,1567,973
Somnath,2025-01-08,6,Wednesday,0,0,0,Clear,21.0,973,2644,1449
Somnath,2025-01-08,7,Wednesday,0,0,0,Clear,21.8,1449,3880,2011
Somnath,2025-01-08,8,Wednesday,0,0,0,Clear,23.6,2011,5436,2677
Somnath,2025-01-08,9,Wednesday,0,0,0,Clear,24.6,2677,5299,2150
Somnath,2025-01-08,10,Wednesday,0,0,0,Clear,24.9,2150,4050,1399
Somnath,2025-01-08,11,Wednesday,0,0,0,Clear,27.0,1399,3730,1300
Somnath,2025-01-08,12,Wednesday,0,0,0,Clear,28.2,1300,2935,879
Somnath,2025-01-08,13,Wednesday,0,0,0,Clear,27.2,879,2468,812
Somnath,2025-01-08,14,Wednesday,0,0,0,Clear,27.8,812,2614,1100
Somnath,2025-01-08,15,Wednesday,0,0,0,Clear,28.3,1100,3118,1339
Somnath,2025-01-08,16,Wednesday,0,0,0,Clear,28.1,1339,3646,1685
Somnath,2025-01-08,17,Wednesday,0,0,0,Clear,26.7,1685,4599,2243
Somnath,2025-01-08,18,Wednesday,0,0,0,Clear,26.1,2243,4923,2077
Somnath,2025-01-08,19,Wednesday,0,0,0,Clear,25.0,2077,4918,2044
Somnath,2025-01-08,20,Wednesday,0,0,0,Clear,23.3,2044,3789,1204
Somnath,2025-01-08,21,Wednesday,0,0,0,Clear,22.3,1204,2794,865
Somnath,2025-01-08,22,Wednesday,0,0,0,Clear,21.4,865,1821,398
Somnath,2025-01-08,23,Wednesday,0,0,0,Clear,20.9,398,908,103
Somnath,2025-01-09,0,Thursday,0,0,0,Clear,25.6,103,479,42
Somnath,2025-01-09,1,Thursday,0,0,0,Clear,26.1,42,236,24
Somnath,2025-01-09,2,Thursday,0,0,0,Clear,27.4,24,139,24
Somnath,2025-01-09,3,Thursday,0,0,0,Clear,26.5,24,147,62
Somnath,2025-01-09,4,Thursday,0,0,0,Clear,26.2,62,661,436
Somnath,2025-01-09,5,Thursday,0,0,0,Clear,28.3,436,1732,1068
Somnath,2025-01-09,6,Thursday,0,0,0,Clear,28.0,1068,2893,1564
Somnath,2025-01-09,7,Thursday,0,0,0,Clear,30.5,1564,3605,1632
Somnath,2025-01-09,8,Thursday,0,0,0,Clear,31.1,1632,4331,2067
Somnath,2025-01-09,9,Thursday,0,0,0,Clear,31.5,2067,4848,2142
Somnath,2025-01-09,10,Thursday,0,0,0,Clear,33.0,2142,4047,1409
Somnath,2025-01-09,11,Thursday,0,0,0,Clear,35.9,1409,3454,1311
Somnath,2025-01-09,12,Thursday,0,0,0,Clear,35.6,1311,2575,911
Somnath,2025-01-09,13,Thursday,0,0,0,Clear,36.2,911,2280,801
Somnath,2025-01-09,14,Thursday,0,0,0,Clear,37.0,801,2557,1144
Somnath,2025-01-09,15,Thursday,0,0,0,Clear,35.6,1144,3533,1762
Somnath,2025-01-09,16,Thursday,0,0,0,Clear,35.7,1762,3901,1700
Somnath,2025-01-09,17,Thursday,0,0,0,Clear,34.8,1700,4375,1976
Somnath,2025-01-09,18,Thursday,0,0,0,Clear,33.8,1976,4798,2148
Somnath,2025-01-09,19,Thursday,0,0,0,Clear,32.6,2148,4785,1825
Somnath,2025-01-09,20,Thursday,0,0,0,Clear,29.6,1825,4460,1609
Somnath,2025-01-09,21,Thursday,0,0,0,Clear,28.6,1609,3036,790
Somnath,2025-01-09,22,Thursday,0,0,0,Clear,27.7,790,1724,321
Somnath,2025-01-09,23,Thursday,0,0,0,Clear,28.5,321,1003,132
Somnath,2025-01-10,0,Friday,0,0,0,Clear,20.9,132,488,36
Somnath,2025-01-10,1,Friday,0,0,0,Clear,20.2,36,260,24
Somnath,2025-01-10,2,Friday,0,0,0,Clear,19.6,24,156,26
Somnath,2025-01-10,3,Friday,0,0,0,Clear,20.2,26,163,66
Somnath,2025-01-10,4,Friday,0,0,0,Clear,19.8,66,778,520
Somnath,2025-01-10,5,Friday,0,0,0,Clear,21.1,520,1781,1076
Somnath,2025-01-10,6,Friday,0,0,0,Clear,22.9,1076,3240,1822
Somnath,2025-01-10,7,Friday,0,0,0,Clear,24.3,1822,4266,2156
Somnath,2025-01-10,8,Friday,0,0,0,Clear,24.1,2156,5504,2746
Somnath,2025-01-10,9,Friday,0,0,0,Clear,27.4,2746,5082,1774
Somnath,2025-01-10,10,Friday,0,0,0,Clear,27.7,1774,4803,1910
Somnath,2025-01-10,11,Friday,0,0,0,Clear,28.9,1910,4414,1580
Somnath,2025-01-10,12,Friday,0,0,0,Clear,29.6,1580,3468,1124
Somnath,2025-01-10,13,Friday,0,0,0,Clear,30.0,1124,2780,1002
Somnath,2025-01-10,14,Friday,0,0,0,Clear,29.4,1002,2992,1282
Somnath,2025-01-10,15,Friday,0,0,0,Clear,30.0,1282,3423,1521
Somnath,2025-01-10,16,Friday,0,0,0,Clear,29.2,1521,4016,1823
Somnath,2025-01-10,17,Friday,0,0,0,Clear,28.1,1823,5176,2609
Somnath,2025-01-10,18,Friday,0,0,0,Clear,28.2,2609,6204,2848
Somnath,2025-01-10,19,Friday,0,0,0,Clear,26.9,2848,6573,2696
Somnath,2025-01-10,20,Friday,0,0,0,Clear,23.9,2696,4782,1420
Somnath,2025-01-10,21,Friday,0,0,0,Clear,23.7,1420,3462,1028
Somnath,2025-01-10,22,Friday,0,0,0,Clear,22.5,1028,2021,378
Somnath,2025-01-10,23,Friday,0,0,0,Clear,20.4,378,1015,124
Somnath,2025-01-11,0,Saturday,1,0,0,Sunny,20.6,124,575,79
Somnath,2025-01-11,1,Saturday,1,0,0,Sunny,20.7,79,315,35
Somnath,2025-01-11,2,Saturday,1,0,0,Sunny,20.1,35,213,39
Somnath,2025-01-11,3,Saturday,1,0,0,Sunny,20.5,39,241,110
Somnath,2025-01-11,4,Saturday,1,0,0,Sunny,21.1,110,1227,831
Somnath,2025-01-11,5,Saturday,1,0,0,Sunny,23.0,831,2653,1568
Somnath,2025-01-11,6,Saturday,1,0,0,Sunny,23.4,1568,5164,2913
Somnath,2025-01-11,7,Saturday,1,0,0,Sunny,23.4,2913,6333,2991
Somnath,2025-01-11,8,Saturday,1,0,0,Sunny,25.6,2991,8042,3827
Somnath,2025-01-11,9,Saturday,1,0,0,Sunny,26.2,3827,8206,3316
Somnath,2025-01-11,10,Saturday,1,0,0,Sunny,28.6,3316,7978,3060
Somnath,2025-01-11,11,Saturday,1,0,0,Sunny,29.7,3060,6247,2189
Somnath,2025-01-11,12,Saturday,1,0,0,Sunny,30.5,2189,4976,1575
Somnath,2025-01-11,13,Saturday,1,0,0,Sunny,30.0,1575,3950,1180
Somnath,2025-01-11,14,Saturday,1,0,0,Sunny,30.9,1180,4171,1771
Somnath,2025-01-11,15,Saturday,1,0,0,Sunny,30.8,1771,5020,2364
Somnath,2025-01-11,16,Saturday,1,0,0,Sunny,30.3,2364,5766,2634
Somnath,2025-01-11,17,Saturday,1,0,0,Sunny,29.2,2634,7324,3549
Somnath,2025-01-11,18,Saturday,1,0,0,Sunny,29.1,3549,7805,3363
Somnath,2025-01-11,19,Saturday,1,0,0,Sunny,26.8,3363,8481,3655
Somnath,2025-01-11,20,Saturday,1,0,0,Sunny,26.3,3655,6470,1928
Somnath,2025-01-11,21,Saturday,1,0,0,Sunny,24.8,1928,4899,1357
Somnath,2025-01-11,22,Saturday,1,0,0,Sunny,22.7,1357,3379,682
Somnath,2025-01-11,23,Saturday,1,0,0,Sunny,21.7,682,1877,182
Somnath,2025-01-12,0,Sunday,1,0,0,Clear,24.8,182,865,57
Somnath,2025-01-12,1,Sunday,1,0,0,Clear,24.0,57,422,35
Somnath,2025-01-12,2,Sunday,1,0,0,Clear,24.4,35,260,41
Somnath,2025-01-12,3,Sunday,1,0,0,Clear,24.0,41,266,111
Somnath,2025-01-12,4,Sunday,1,0,0,Clear,25.1,111,1127,751
Somnath,2025-01-12,5,Sunday,1,0,0,Clear,26.2,751,2565,1515
Somnath,2025-01-12,6,Sunday,1,0,0,Clear,27.2,1515,5963,3589
Somnath,2025-01-12,7,Sunday,1,0,0,Clear,28.0,3589,6825,3123
Somnath,2025-01-12,8,Sunday,1,0,0,Clear,29.3,3123,8993,4225
Somnath,2025-01-12,9,Sunday,1,0,0,Clear,30.7,4225,8133,2956
Somnath,2025-01-12,10,Sunday,1,0,0,Clear,31.9,2956,7735,2991
Somnath,2025-01-12,11,Sunday,1,0,0,Clear,32.4,2991,7495,2742
Somnath,2025-01-12,12,Sunday,1,0,0,Clear,33.8,2742,5462,1512
Somnath,2025-01-12,13,Sunday,1,0,0,Clear,34.9,1512,4730,1500
Somnath,2025-01-12,14,Sunday,1,0,0,Clear,34.8,1500,4046,1529
Somnath,2025-01-12,15,Sunday,1,0,0,Clear,34.3,1529,4912,2169
Somnath,2025-01-12,16,Sunday,1,0,0,Clear,33.9,2169,6190,2949
Somnath,2025-01-12,17,Sunday,1,0,0,Clear,34.1,2949,9227,4826
Somnath,2025-01-12,18,Sunday,1,0,0,Clear,32.0,4826,10201,4376
Somnath,2025-01-12,19,Sunday,1,0,0,Clear,32.1,4376,9095,3398
Somnath,2025-01-12,20,Sunday,1,0,0,Clear,30.0,3398,7925,2714
Somnath,2025-01-12,21,Sunday,1,0,0,Clear,28.6,2714,5901,1575
Somnath,2025-01-12,22,Sunday,1,0,0,Clear,27.8,1575,3500,642
Somnath,2025-01-12,23,Sunday,1,0,0,Clear,26.0,642,1820,229
Somnath,2025-01-13,0,Monday,0,0,0,Clear,25.8,229,904,57
Somnath,2025-01-13,1,Monday,0,0,0,Clear,25.3,57,460,28
Somnath,2025-01-13,2,Monday,0,0,0,Clear,25.5,28,261,42
Somnath,2025-01-13,3,Monday,0,0,0,Clear,25.4,42,239,83
Somnath,2025-01-13,4,Monday,0,0,0,Clear,25.8,83,902,586
Somnath,2025-01-13,5,Monday,0,0,0,Clear,26.8,586,1965,1152
Somnath,2025-01-13,6,Monday,0,0,0,Clear,28.4,1152,3501,1934
Somnath,2025-01-13,7,Monday,0,0,0,Clear,28.6,1934,5747,3179
Somnath,2025-01-13,8,Monday,0,0,0,Clear,30.0,3179,7022,3136
Somnath,2025-01-13,9,Monday,0,0,0,Clear,31.7,3136,6833,2501
Somnath,2025-01-13,10,Monday,0,0,0,Clear,32.1,2501,5494,1742
Somnath,2025-01-13,11,Monday,0,0,0,Clear,33.8,1742,4785,1648
Somnath,2025-01-13,12,Monday,0,0,0,Clear,35.1,1648,3650,1211
Somnath,2025-01-13,13,Monday,0,0,0,Clear,36.0,1211,3289,1226
Somnath,2025-01-13,14,Monday,0,0,0,Clear,36.7,1226,3002,1211
Somnath,2025-01-13,15,Monday,0,0,0,Clear,35.0,1211,3760,1772
Somnath,2025-01-13,16,Monday,0,0,0,Clear,34.8,1772,4894,2450
Somnath,2025-01-13,17,Monday,0,0,0,Clear,34.9,2450,6223,2887
Somnath,2025-01-13,18,Monday,0,0,0,Clear,33.2,2887,7385,3337
Somnath,2025-01-13,19,Monday,0,0,0,Clear,32.0,3337,7324,2800
Somnath,2025-01-13,20,Monday,0,0,0,Clear,30.5,2800,6139,2117
Somnath,2025-01-13,21,Monday,0,0,0,Clear,29.9,2117,4423,1046
Somnath,2025-01-13,22,Monday,0,0,0,Clear,27.7,1046,2555,409
Somnath,2025-01-13,23,Monday,0,0,0,Clear,26.2,409,1354,179
Somnath,2025-01-14,0,Tuesday,0,1,1,Clear,22.3,179,715,55
Somnath,2025-01-14,1,Tuesday,0,1,1,Clear,21.4,55,384,47
Somnath,2025-01-14,2,Tuesday,0,1,1,Clear,21.8,47,235,43
Somnath,2025-01-14,3,Tuesday,0,1,1,Clear,23.1,43,237,105
Somnath,2025-01-14,4,Tuesday,0,1,1,Clear,22.4,105,1005,666
Somnath,2025-01-14,5,Tuesday,0,1,1,Clear,22.9,666,3152,1989
Somnath,2025-01-14,6,Tuesday,0,1,1,Clear,24.1,1989,5659,3127
Somnath,2025-01-14,7,Tuesday,0,1,1,Clear,25.3,3127,8357,4365
Somnath,2025-01-14,8,Tuesday,0,1,1,Clear,27.5,4365,10341,4955
Somnath,2025-01-14,9,Tuesday,0,1,1,Clear,29.1,4955,11553,5077
Somnath,2025-01-14,10,Tuesday,0,1,1,Clear,31.0,5077,9313,3119
Somnath,2025-01-14,11,Tuesday,0,1,1,Clear,30.9,3119,7084,2218
Somnath,2025-01-14,12,Tuesday,0,1,1,Clear,31.5,2218,6141,2309
Somnath,2025-01-14,13,Tuesday,0,1,1,Clear,31.9,2309,5518,1821
Somnath,2025-01-14,14,Tuesday,0,1,1,Clear,33.4,1821,5011,1976
Somnath,2025-01-14,15,Tuesday,0,1,1,Clear,32.5,1976,5710,2699
Somnath,2025-01-14,16,Tuesday,0,1,1,Clear,31.9,2699,7779,4036
Somnath,2025-01-14,17,Tuesday,0,1,1,Clear,30.3,4036,9447,4269
Somnath,2025-01-14,18,Tuesday,0,1,1,Clear,30.7,4269,9863,4414
Somnath,2025-01-14,19,Tuesday,0,1,1,Clear,28.1,4414,11107,4713
Somnath,2025-01-14,20,Tuesday,0,1,1,Clear,26.7,4713,9421,3216
Somnath,2025-01-14,21,Tuesday,0,1,1,Clear,25.6,3216,6577,1790
Somnath,2025-01-14,22,Tuesday,0,1,1,Clear,24.9,1790,3450,490
Somnath,2025-01-14,23,Tuesday,0,1,1,Clear,23.6,490,1911,199
Somnath,2025-01-15,0,Wednesday,0,0,1,Sunny,19.6,199,867,72
Somnath,2025-01-15,1,Wednesday,0,0,1,Sunny,19.3,72,443,45
Somnath,2025-01-15,2,Wednesday,0,0,1,Sunny,19.8,45,274,49
Somnath,2025-01-15,3,Wednesday,0,0,1,Sunny,19.8,49,297,127
Somnath,2025-01-15,4,Wednesday,0,0,1,Sunny,20.2,127,1220,806
Somnath,2025-01-15,5,Wednesday,0,0,1,Sunny,20.1,806,2902,1742
Somnath,2025-01-15,6,Wednesday,0,0,1,Sunny,22.0,1742,5452,3100
Somnath,2025-01-15,7,Wednesday,0,0,1,Sunny,22.8,3100,8120,4166
Somnath,2025-01-15,8,Wednesday,0,0,1,Sunny,24.8,4166,7809,3196
Somnath,2025-01-15,9,Wednesday,0,0,1,Sunny,25.8,3196,8696,3974
Somnath,2025-01-15,10,Wednesday,0,0,1,Sunny,27.2,3974,8628,3452
Somnath,2025-01-15,11,Wednesday,0,0,1,Sunny,27.5,3452,7585,2711
Somnath,2025-01-15,12,Wednesday,0,0,1,Sunny,29.2,2711,6594,2360
Somnath,2025-01-15,13,Wednesday,0,0,1,Sunny,30.5,2360,5582,1821
Somnath,2025-01-15,14,Wednesday,0,0,1,Sunny,30.1,1821,5345,2200
Somnath,2025-01-15,15,Wednesday,0,0,1,Sunny,30.2,2200,6263,2925
Somnath,2025-01-15,16,Wednesday,0,0,1,Sunny,28.7,2925,8416,4111
Somnath,2025-01-15,17,Wednesday,0,0,1,Sunny,28.8,4111,10172,4594
Somnath,2025-01-15,18,Wednesday,0,0,1,Sunny,27.5,4594,10830,4509
Somnath,2025-01-15,19,Wednesday,0,0,1,Sunny,25.9,4509,10008,3781
Somnath,2025-01-15,20,Wednesday,0,0,1,Sunny,24.1,3781,7989,2795
Somnath,2025-01-15,21,Wednesday,0,0,1,Sunny,21.8,2795,5387,1614
Somnath,2025-01-15,22,Wednesday,0,0,1,Sunny,21.2,1614,3224,577
Somnath,2025-01-15,23,Wednesday,0,0,1,Sunny,20.0,577,1934,237
Somnath,2025-01-16,0,Thursday,0,0,0,Clear,24.7,237,872,46
Somnath,2025-01-16,1,Thursday,0,0,0,Clear,24.7,46,477,27
Somnath,2025-01-16,2,Thursday,0,0,0,Clear,26.4,27,255,25
Somnath,2025-01-16,3,Thursday,0,0,0,Clear,26.2,25,203,64
Somnath,2025-01-16,4,Thursday,0,0,0,Clear,26.3,64,640,409
Somnath,2025-01-16,5,Thursday,0,0,0,Clear,26.9,409,1259,720
Somnath,2025-01-16,6,Thursday,0,0,0,Clear,27.6,720,2449,1391
Somnath,2025-01-16,7,Thursday,0,0,0,Clear,30.2,1391,4029,2232
Somnath,2025-01-16,8,Thursday,0,0,0,Clear,30.2,2232,5013,2436
Somnath,2025-01-16,9,Thursday,0,0,0,Clear,32.0,2436,4945,2073
Somnath,2025-01-16,10,Thursday,0,0,0,Clear,33.5,2073,4052,1403
Somnath,2025-01-16,11,Thursday,0,0,0,Clear,34.7,1403,3372,1117
Somnath,2025-01-16,12,Thursday,0,0,0,Clear,35.3,1117,2891,1005
Somnath,2025-01-16,13,Thursday,0,0,0,Clear,36.7,1005,2402,836
Somnath,2025-01-16,14,Thursday,0,0,0,Clear,36.1,836,2524,1067
Somnath,2025-01-16,15,Thursday,0,0,0,Clear,35.9,1067,2703,1189
Somnath,2025-01-16,16,Thursday,0,0,0,Clear,34.5,1189,3981,2104
Somnath,2025-01-16,17,Thursday,0,0,0,Clear,34.1,2104,4493,1942
Somnath,2025-01-16,18,Thursday,0,0,0,Clear,33.2,1942,5550,2664
Somnath,2025-01-16,19,Thursday,0,0,0,Clear,32.3,2664,5063,1702
Somnath,2025-01-16,20,Thursday,0,0,0,Clear,30.1,1702,4328,1465
Somnath,2025-01-16,21,Thursday,0,0,0,Clear,29.7,1465,3022,805
Somnath,2025-01-16,22,Thursday,0,0,0,Clear,28.2,805,1894,347
Somnath,2025-01-16,23,Thursday,0,0,0,Clear,28.4,347,942,110
Somnath,2025-01-17,0,Friday,0,0,0,Sunny,22.4,110,527,50
Somnath,2025-01-17,1,Friday,0,0,0,Sunny,22.1,50,297,30
Somnath,2025-01-17,2,Friday,0,0,0,Sunny,22.0,30,166,27
Somnath,2025-01-17,3,Friday,0,0,0,Sunny,21.8,27,157,64
Somnath,2025-01-17,4,Friday,0,0,0,Sunny,22.9,64,665,440
Somnath,2025-01-17,5,Friday,0,0,0,Sunny,22.8,440,1766,1077
Somnath,2025-01-17,6,Friday,0,0,0,Sunny,23.6,1077,3475,1949
Somnath,2025-01-17,7,Friday,0,0,0,Sunny,25.4,1949,5467,2867
Somnath,2025-01-17,8,Friday,0,0,0,Sunny,27.0,2867,5952,2536
Somnath,2025-01-17,9,Friday,0,0,0,Sunny,28.9,2536,5834,2429
Somnath,2025-01-17,10,Friday,0,0,0,Sunny,30.2,2429,4813,1631
Somnath,2025-01-17,11,Friday,0,0,0,Sunny,30.6,1631,4261,1453
Somnath,2025-01-17,12,Friday,0,0,0,Sunny,32.7,1453,3417,1188
Somnath,2025-01-17,13,Friday,0,0,0,Sunny,32.4,1188,3056,1117
Somnath,2025-01-17,14,Friday,0,0,0,Sunny,34.1,1117,3049,1230
Somnath,2025-01-17,15,Friday,0,0,0,Sunny,32.4,1230,3445,1543
Somnath,2025-01-17,16,Friday,0,0,0,Sunny,32.4,1543,4519,2244
Somnath,2025-01-17,17,Friday,0,0,0,Sunny,30.4,2244,4776,1993
Somnath,2025-01-17,18,Friday,0,0,0,Sunny,29.4,1993,4996,2078
Somnath,2025-01-17,19,Friday,0,0,0,Sunny,30.3,2078,5321,2206
Somnath,2025-01-17,20,Friday,0,0,0,Sunny,27.5,2206,4713,1636
Somnath,2025-01-17,21,Friday,0,0,0,Sunny,25.9,1636,3501,997
Somnath,2025-01-17,22,Friday,0,0,0,Sunny,24.4,997,2191,466
Somnath,2025-01-17,23,Friday,0,0,0,Sunny,23.3,466,1140,147
Somnath,2025-01-18,0,Saturday,1,0,0,Clear,27.9,147,595,61
Somnath,2025-01-18,1,Saturday,1,0,0,Clear,27.2,61,336,45
Somnath,2025-01-18,2,Saturday,1,0,0,Clear,26.5,45,188,33
Somnath,2025-01-18,3,Saturday,1,0,0,Clear,26.5,33,204,89
Somnath,2025-01-18,4,Saturday,1,0,0,Clear,27.3,89,1058,716
Somnath,2025-01-18,5,Saturday,1,0,0,Clear,28.4,716,2388,1451
Somnath,2025-01-18,6,Saturday,1,0,0,Clear,28.6,1451,4449,2548
Somnath,2025-01-18,7,Saturday,1,0,0,Clear,30.8,2548,7419,3922
Somnath,2025-01-18,8,Saturday,1,0,0,Clear,31.7,3922,9098,4248
Somnath,2025-01-18,9,Saturday,1,0,0,Clear,32.9,4248,8005,2943
Somnath,2025-01-18,10,Saturday,1,0,0,Clear,34.2,2943,7336,2744
Somnath,2025-01-18,11,Saturday,1,0,0,Clear,35.5,2744,6639,2327
Somnath,2025-01-18,12,Saturday,1,0,0,Clear,36.9,2327,4341,1285
Somnath,2025-01-18,13,Saturday,1,0,0,Clear,37.0,1285,3472,1141
Somnath,2025-01-18,14,Saturday,1,0,0,Clear,36.3,1141,3380,1315
Somnath,2025-01-18,15,Saturday,1,0,0,Clear,37.0,1315,3985,1971
Somnath,2025-01-18,16,Saturday,1,0,0,Clear,36.0,1971,5600,2918
Somnath,2025-01-18,17,Saturday,1,0,0,Clear,35.6,2918,7250,3450
Somnath,2025-01-18,18,Saturday,1,0,0,Clear,34.5,3450,7955,3331
Somnath,2025-01-18,19,Saturday,1,0,0,Clear,33.0,3331,7546,3062
Somnath,2025-01-18,20,Saturday,1,0,0,Clear,31.5,3062,6164,2072
Somnath,2025-01-18,21,Saturday,1,0,0,Clear,31.4,2072,4089,1140
Somnath,2025-01-18,22,Saturday,1,0,0,Clear,30.0,1140,2537,562
Somnath,2025-01-18,23,Saturday,1,0,0,Clear,28.7,562,1488,179
Somnath,2025-01-19,0,Sunday,1,0,0,Clear,27.3,179,769,55
Somnath,2025-01-19,1,Sunday,1,0,0,Clear,25.7,55,435,46
Somnath,2025-01-19,2,Sunday,1,0,0,Clear,25.3,46,249,36
Somnath,2025-01-19,3,Sunday,1,0,0,Clear,25.1,36,283,126
Somnath,2025-01-19,4,Sunday,1,0,0,Clear,25.8,126,1076,709
Somnath,2025-01-19,5,Sunday,1,0,0,Clear,26.3,709,2784,1715
Somnath,2025-01-19,6,Sunday,1,0,0,Clear,27.3,1715,5176,2851
Somnath,2025-01-19,7,Sunday,1,0,0,Clear,29.6,2851,7362,3793
Somnath,2025-01-19,8,Sunday,1,0,0,Clear,29.7,3793,9181,4386
Somnath,2025-01-19,9,Sunday,1,0,0,Clear,31.8,4386,9418,3831
Somnath,2025-01-19,10,Sunday,1,0,0,Clear,33.5,3831,8954,3594
Somnath,2025-01-19,11,Sunday,1,0,0,Clear,34.8,3594,7179,2293
Somnath,2025-01-19,12,Sunday,1,0,0,Clear,36.0,2293,5591,1684
Somnath,2025-01-19,13,Sunday,1,0,0,Clear,36.3,1684,4202,1327
Somnath,2025-01-19,14,Sunday,1,0,0,Clear,35.2,1327,3879,1329
Somnath,2025-01-19,15,Sunday,1,0,0,Clear,35.0,1329,4585,2121
Somnath,2025-01-19,16,Sunday,1,0,0,Clear,35.3,2121,6426,3166
Somnath,2025-01-19,17,Sunday,1,0,0,Clear,33.9,3166,7648,3493
Somnath,2025-01-19,18,Sunday,1,0,0,Clear,33.0,3493,9847,4682
Somnath,2025-01-19,19,Sunday,1,0,0,Clear,32.4,4682,9322,3430
Somnath,2025-01-19,20,Sunday,1,0,0,Clear,30.7,3430,7025,2034
Somnath,2025-01-19,21,Sunday,1,0,0,Clear,28.8,2034,5010,1301
Somnath,2025-01-19,22,Sunday,1,0,0,Clear,28.7,1301,3094,596
Somnath,2025-01-19,23,Sunday,1,0,0,Clear,27.9,596,1849,204
Somnath,2025-01-20,0,Monday,0,0,0,Clear,24.0,204,955,51
Somnath,2025-01-20,1,Monday,0,0,0,Clear,23.4,51,447,32
Somnath,2025-01-20,2,Monday,0,0,0,Clear,22.7,32,234,29
Somnath,2025-01-20,3,Monday,0,0,0,Clear,23.4,29,241,99
Somnath,2025-01-20,4,Monday,0,0,0,Clear,22.8,99,922,598
Somnath,2025-01-20,5,Monday,0,0,0,Clear,24.0,598,2030,1196
Somnath,2025-01-20,6,Monday,0,0,0,Clear,25.0,1196,4099,2364
Somnath,2025-01-20,7,Monday,0,0,0,Clear,27.0,2364,5147,2476
Somnath,2025-01-20,8,Monday,0,0,0,Clear,28.5,2476,6385,2866
Somnath,2025-01-20,9,Monday,0,0,0,Clear,29.2,2866,6714,2746
Somnath,2025-01-20,10,Monday,0,0,0,Clear,29.9,2746,5269,1836
Somnath,2025-01-20,11,Monday,0,0,0,Clear,32.6,1836,5029,1744
Somnath,2025-01-20,12,Monday,0,0,0,Clear,32.3,1744,4226,1325
Somnath,2025-01-20,13,Monday,0,0,0,Clear,34.4,1325,3977,1452
Somnath,2025-01-20,14,Monday,0,0,0,Clear,33.9,1452,3855,1478
Somnath,2025-01-20,15,Monday,0,0,0,Clear,32.8,1478,3915,1615
Somnath,2025-01-20,16,Monday,0,0,0,Clear,32.5,1615,4827,2225
Somnath,2025-01-20,17,Monday,0,0,0,Clear,32.4,2225,6311,2947
Somnath,2025-01-20,18,Monday,0,0,0,Clear,30.0,2947,6904,3086
Somnath,2025-01-20,19,Monday,0,0,0,Clear,28.3,3086,6552,2566
Somnath,2025-01-20,20,Monday,0,0,0,Clear,29.0,2566,5628,2097
Somnath,2025-01-20,21,Monday,0,0,0,Clear,27.8,2097,4379,1313
Somnath,2025-01-20,22,Monday,0,0,0,Clear,25.3,1313,2518,433
Somnath,2025-01-20,23,Monday,0,0,0,Clear,25.0,433,1495,203
Somnath,2025-01-21,0,Tuesday,0,0,0,Clear,21.8,203,720,27
Somnath,2025-01-21,1,Tuesday,0,0,0,Clear,21.1,27,327,21
Somnath,2025-01-21,2,Tuesday,0,0,0,Clear,21.3,21,167,21
Somnath,2025-01-21,3,Tuesday,0,0,0,Clear,19.5,21,156,55
Somnath,2025-01-21,4,Tuesday,0,0,0,Clear,22.7,55,562,366
Somnath,2025-01-21,5,Tuesday,0,0,0,Clear,22.8,366,1249,735
Somnath,2025-01-21,6,Tuesday,0,0,0,Clear,24.1,735,2891,1727
Somnath,2025-01-21,7,Tuesday,0,0,0,Clear,24.8,1727,3527,1689
Somnath,2025-01-21,8,Tuesday,0,0,0,Clear,26.1,1689,4541,2134
Somnath,2025-01-21,9,Tuesday,0,0,0,Clear,27.1,2134,4957,2179
Somnath,2025-01-21,10,Tuesday,0,0,0,Clear,28.9,2179,3868,1413
Somnath,2025-01-21,11,Tuesday,0,0,0,Clear,30.5,1413,3589,1387
Somnath,2025-01-21,12,Tuesday,0,0,0,Clear,30.8,1387,2758,940
Somnath,2025-01-21,13,Tuesday,0,0,0,Clear,31.0,940,2311,850
Somnath,2025-01-21,14,Tuesday,0,0,0,Clear,31.7,850,2140,797
Somnath,2025-01-21,15,Tuesday,0,0,0,Clear,31.3,797,2369,1000
Somnath,2025-01-21,16,Tuesday,0,0,0,Clear,30.4,1000,3037,1452
Somnath,2025-01-21,17,Tuesday,0,0,0,Clear,30.7,1452,3746,1759
Somnath,2025-01-21,18,Tuesday,0,0,0,Clear,29.1,1759,4860,2340
Somnath,2025-01-21,19,Tuesday,0,0,0,Clear,27.4,2340,4355,1599
Somnath,2025-01-21,20,Tuesday,0,0,0,Clear,25.6,1599,3262,933
Somnath,2025-01-21,21,Tuesday,0,0,0,Clear,25.4,933,2179,582
Somnath,2025-01-21,22,Tuesday,0,0,0,Clear,24.0,582,1554,424
Somnath,2025-01-21,23,Tuesday,0,0,0,Clear,22.1,424,893,108
Somnath,2025-01-22,0,Wednesday,0,0,0,Clear,25.1,108,434,31
Somnath,2025-01-22,1,Wednesday,0,0,0,Clear,24.4,31,242,23
Somnath,2025-01-22,2,Wednesday,0,0,0,Clear,25.0,23,137,22
Somnath,2025-01-22,3,Wednesday,0,0,0,Clear,24.1,22,146,63
Somnath,2025-01-22,4,Wednesday,0,0,0,Clear,25.4,63,848,579
Somnath,2025-01-22,5,Wednesday,0,0,0,Clear,25.9,579,1489,804
Somnath,2025-01-22,6,Wednesday,0,0,0,Clear,27.5,804,2430,1281
Somnath,2025-01-22,7,Wednesday,0,0,0,Clear,28.3,1281,4394,2401
Somnath,2025-01-22,8,Wednesday,0,0,0,Clear,29.8,2401,5270,2434
Somnath,2025-01-22,9,Wednesday,0,0,0,Clear,31.9,2434,4935,1973
Somnath,2025-01-22,10,Wednesday,0,0,0,Clear,32.3,1973,4596,1787
Somnath,2025-01-22,11,Wednesday,0,0,0,Clear,33.5,1787,3674,1157
Somnath,2025-01-22,12,Wednesday,0,0,0,Clear,35.9,1157,2727,794
Somnath,2025-01-22,13,Wednesday,0,0,0,Clear,36.0,794,2311,782
Somnath,2025-01-22,14,Wednesday,0,0,0,Clear,34.7,782,2392,1009
Somnath,2025-01-22,15,Wednesday,0,0,0,Clear,35.7,1009,3148,1431
Somnath,2025-01-22,16,Wednesday,0,0,0,Clear,35.0,1431,3727,1701
Somnath,2025-01-22,17,Wednesday,0,0,0,Clear,33.6,1701,4508,2115
Somnath,2025-01-22,18,Wednesday,0,0,0,Clear,32.8,2115,5404,2576
Somnath,2025-01-22,19,Wednesday,0,0,0,Clear,32.1,2576,5271,2114
Somnath,2025-01-22,20,Wednesday,0,0,0,Clear,28.8,2114,4224,1258
Somnath,2025-01-22,21,Wednesday,0,0,0,Clear,28.7,1258,2798,700
Somnath,2025-01-22,22,Wednesday,0,0,0,Clear,28.0,700,1731,361
Somnath,2025-01-22,23,Wednesday,0,0,0,Clear,26.1,361,889,108
Somnath,2025-01-23,0,Thursday,0,0,0,Clear,25.9,108,477,42
Somnath,2025-01-23,1,Thursday,0,0,0,Clear,24.4,42,248,25
Somnath,2025-01-23,2,Thursday,0,0,0,Clear,23.9,25,137,24
Somnath,2025-01-23,3,Thursday,0,0,0,Clear,25.4,24,138,56
Somnath,2025-01-23,4,Thursday,0,0,0,Clear,25.4,56,603,399
Somnath,2025-01-23,5,Thursday,0,0,0,Clear,25.7,399,1575,979
Somnath,2025-01-23,6,Thursday,0,0,0,Clear,27.2,979,3377,2003
Somnath,2025-01-23,7,Thursday,0,0,0,Clear,28.0,2003,4403,2126
Somnath,2025-01-23,8,Thursday,0,0,0,Clear,29.9,2126,5159,2307
Somnath,2025-01-23,9,Thursday,0,0,0,Clear,31.8,2307,5045,2038
Somnath,2025-01-23,10,Thursday,0,0,0,Clear,32.8,2038,5047,2068
Somnath,2025-01-23,11,Thursday,0,0,0,Clear,32.9,2068,4343,1545
Somnath,2025-01-23,12,Thursday,0,0,0,Clear,33.0,1545,3309,1042
Somnath,2025-01-23,13,Thursday,0,0,0,Clear,34.8,1042,2660,857
Somnath,2025-01-23,14,Thursday,0,0,0,Clear,35.4,857,2509,949
Somnath,2025-01-23,15,Thursday,0,0,0,Clear,34.7,949,3073,1414
Somnath,2025-01-23,16,Thursday,0,0,0,Clear,33.7,1414,3969,1943
Somnath,2025-01-23,17,Thursday,0,0,0,Clear,33.9,1943,4936,2212
Somnath,2025-01-23,18,Thursday,0,0,0,Clear,32.2,2212,5188,2199
Somnath,2025-01-23,19,Thursday,0,0,0,Clear,30.9,2199,4942,2071
Somnath,2025-01-23,20,Thursday,0,0,0,Clear,29.1,2071,4005,1241
Somnath,2025-01-23,21,Thursday,0,0,0,Clear,29.4,1241,2885,813
Somnath,2025-01-23,22,Thursday,0,0,0,Clear,27.2,813,1786,406
Somnath,2025-01-23,23,Thursday,0,0,0,Clear,26.2,406,1002,132
Somnath,2025-01-24,0,Friday,0,0,0,Cloudy,22.0,132,494,43
Somnath,2025-01-24,1,Friday,0,0,0,Cloudy,22.0,43,275,28
Somnath,2025-01-24,2,Friday,0,0,0,Cloudy,22.8,28,174,30
Somnath,2025-01-24,3,Friday,0,0,0,Cloudy,23.9,30,191,81
Somnath,2025-01-24,4,Friday,0,0,0,Cloudy,23.6,81,602,383
Somnath,2025-01-24,5,Friday,0,0,0,Cloudy,23.9,383,2009,1289
Somnath,2025-01-24,6,Friday,0,0,0,Cloudy,25.6,1289,3486,1911
Somnath,2025-01-24,7,Friday,0,0,0,Cloudy,27.8,1911,4405,2090
Somnath,2025-01-24,8,Friday,0,0,0,Cloudy,27.7,2090,4746,2092
Somnath,2025-01-24,9,Friday,0,0,0,Cloudy,29.5,2092,4864,2076
Somnath,2025-01-24,10,Friday,0,0,0,Cloudy,29.9,2076,4503,1836
Somnath,2025-01-24,11,Friday,0,0,0,Cloudy,32.3,1836,3956,1539
Somnath,2025-01-24,12,Friday,0,0,0,Cloudy,32.5,1539,3115,968
Somnath,2025-01-24,13,Friday,0,0,0,Cloudy,34.0,968,2409,740
Somnath,2025-01-24,14,Friday,0,0,0,Rainy,33.3,740,2324,954
Somnath,2025-01-24,15,Friday,0,0,0,Rainy,33.4,954,2795,1295
Somnath,2025-01-24,16,Friday,0,0,0,Cloudy,33.8,1295,3807,1907
Somnath,2025-01-24,17,Friday,0,0,0,Cloudy,31.5,1907,4171,1921
Somnath,2025-01-24,18,Friday,0,0,0,Cloudy,30.9,1921,5436,2746
Somnath,2025-01-24,19,Friday,0,0,0,Cloudy,30.0,2746,5164,2000
Somnath,2025-01-24,20,Friday,0,0,0,Cloudy,29.1,2000,4682,1770
Somnath,2025-01-24,21,Friday,0,0,0,Cloudy,26.3,1770,2998,716
Somnath,2025-01-24,22,Friday,0,0,0,Cloudy,25.4,716,1817,353
Somnath,2025-01-24,23,Friday,0,0,0,Cloudy,24.5,353,965,129
Somnath,2025-01-25,0,Saturday,1,0,0,Rainy,23.8,129,501,51
Somnath,2025-01-25,1,Saturday,1,0,0,Rainy,24.0,51,270,31
Somnath,2025-01-25,2,Saturday,1,0,0,Rainy,24.3,31,158,30
Somnath,2025-01-25,3,Saturday,1,0,0,Rainy,24.2,30,157,63
Somnath,2025-01-25,4,Saturday,1,0,0,Rainy,24.5,63,734,492
Somnath,2025-01-25,5,Saturday,1,0,0,Rainy,24.2,492,1697,1011
Somnath,2025-01-25,6,Saturday,1,0,0,Rainy,26.5,1011,3131,1718
Somnath,2025-01-25,7,Saturday,1,0,0,Rainy,27.1,1718,5152,2750
Somnath,2025-01-25,8,Saturday,1,0,0,Rainy,28.6,2750,6631,3297
Somnath,2025-01-25,9,Saturday,1,0,0,Rainy,30.9,3297,6501,2679
Somnath,2025-01-25,10,Saturday,1,0,0,Rainy,32.5,2679,5608,1956
Somnath,2025-01-25,11,Saturday,1,0,0,Rainy,32.9,1956,4826,1630
Somnath,2025-01-25,12,Saturday,1,0,0,Rainy,34.0,1630,3574,934
Somnath,2025-01-25,13,Saturday,1,0,0,Rainy,33.1,934,3239,1141
Somnath,2025-01-25,14,Saturday,1,0,0,Rainy,33.6,1141,2960,1165
Somnath,2025-01-25,15,Saturday,1,0,0,Heavy Rain,33.8,1165,2802,1020
Somnath,2025-01-25,16,Saturday,1,0,0,Rainy,33.2,1020,4079,2036
Somnath,2025-01-25,17,Saturday,1,0,0,Rainy,32.0,2036,4798,2235
Somnath,2025-01-25,18,Saturday,1,0,0,Rainy,31.6,2235,5992,2904
Somnath,2025-01-25,19,Saturday,1,0,0,Rainy,30.6,2904,5633,2177
Somnath,2025-01-25,20,Saturday,1,0,0,Rainy,29.3,2177,4814,1729
Somnath,2025-01-25,21,Saturday,1,0,0,Rainy,27.6,1729,3472,997
Somnath,2025-01-25,22,Saturday,1,0,0,Rainy,26.2,997,2312,523
Somnath,2025-01-25,23,Saturday,1,0,0,Rainy,25.1,523,1235,157
Somnath,2025-01-26,0,Sunday,1,1,1,Sunny,25.8,157,749,132
Somnath,2025-01-26,1,Sunday,1,1,1,Sunny,24.1,132,503,95
Somnath,2025-01-26,2,Sunday,1,1,1,Sunny,25.6,95,336,90
Somnath,2025-01-26,3,Sunday,1,1,1,Sunny,24.8,90,407,192
Somnath,2025-01-26,4,Sunday,1,1,1,Sunny,24.7,192,2460,1688
Somnath,2025-01-26,5,Sunday,1,1,1,Sunny,26.1,1688,4431,2474
Somnath,2025-01-26,6,Sunday,1,1,1,Sunny,28.5,2474,12235,7619
Somnath,2025-01-26,7,Sunday,1,1,1,Sunny,28.3,7619,16798,8671
Somnath,2025-01-26,8,Sunday,1,1,1,Sunny,30.6,8671,18912,8511
Somnath,2025-01-26,9,Sunday,1,1,1,Sunny,32.0,8511,19597,8329
Somnath,2025-01-26,10,Sunday,1,1,1,Sunny,33.3,8329,17002,5978
Somnath,2025-01-26,11,Sunday,1,1,1,Sunny,34.8,5978,13175,4277
Somnath,2025-01-26,12,Sunday,1,1,1,Sunny,34.6,4277,12238,4077
Somnath,2025-01-26,13,Sunday,1,1,1,Sunny,35.3,4077,10070,3322
Somnath,2025-01-26,14,Sunday,1,1,1,Sunny,36.0,3322,10252,4042
Somnath,2025-01-26,15,Sunday,1,1,1,Sunny,35.4,4042,11609,5684
Somnath,2025-01-26,16,Sunday,1,1,1,Sunny,35.4,5684,13124,5473
Somnath,2025-01-26,17,Sunday,1,1,1,Sunny,34.0,5473,16198,7535
Somnath,2025-01-26,18,Sunday,1,1,1,Sunny,32.5,7535,17445,7764
Somnath,2025-01-26,19,Sunday,1,1,1,Sunny,31.4,7764,19906,8781
Somnath,2025-01-26,20,Sunday,1,1,1,Sunny,30.9,8781,17102,5893
Somnath,2025-01-26,21,Sunday,1,1,1,Sunny,28.7,5893,13039,3756
Somnath,2025-01-26,22,Sunday,1,1,1,Sunny,28.0,3756,7366,1288
Somnath,2025-01-26,23,Sunday,1,1,1,Sunny,26.7,1288,3812,386
Somnath,2025-01-27,0,Monday,0,0,0,Clear,18.3,386,1783,50
Somnath,2025-01-27,1,Monday,0,0,0,Clear,18.4,50,887,35
Somnath,2025-01-27,2,Monday,0,0,0,Clear,18.0,35,424,30
Somnath,2025-01-27,3,Monday,0,0,0,Clear,18.4,30,309,89
Somnath,2025-01-27,4,Monday,0,0,0,Clear,19.3,89,746,446
Somnath,2025-01-27,5,Monday,0,0,0,Clear,19.5,446,1993,1224
Somnath,2025-01-27,6,Monday,0,0,0,Clear,22.2,1224,3285,1869
Somnath,2025-01-27,7,Monday,0,0,0,Clear,22.8,1869,6184,3418
Somnath,2025-01-27,8,Monday,0,0,0,Clear,24.1,3418,6709,2825
Somnath,2025-01-27,9,Monday,0,0,0,Clear,24.8,2825,6916,2830
Somnath,2025-01-27,10,Monday,0,0,0,Clear,27.3,2830,7437,3158
Somnath,2025-01-27,11,Monday,0,0,0,Clear,27.4,3158,5558,1857
Somnath,2025-01-27,12,Monday,0,0,0,Clear,28.1,1857,4101,1234
Somnath,2025-01-27,13,Monday,0,0,0,Clear,29.2,1234,3335,1027
Somnath,2025-01-27,14,Monday,0,0,0,Clear,29.2,1027,3332,1375
Somnath,2025-01-27,15,Monday,0,0,0,Clear,29.2,1375,4090,1967
Somnath,2025-01-27,16,Monday,0,0,0,Clear,28.2,1967,4774,2265
Somnath,2025-01-27,17,Monday,0,0,0,Clear,27.2,2265,5960,2754
Somnath,2025-01-27,18,Monday,0,0,0,Clear,26.8,2754,7161,3233
Somnath,2025-01-27,19,Monday,0,0,0,Clear,25.3,3233,6872,2716
Somnath,2025-01-27,20,Monday,0,0,0,Clear,24.2,2716,5163,1813
Somnath,2025-01-27,21,Monday,0,0,0,Clear,22.6,1813,4247,1345
Somnath,2025-01-27,22,Monday,0,0,0,Clear,22.0,1345,2681,564
Somnath,2025-01-27,23,Monday,0,0,0,Clear,20.4,564,1390,150
Somnath,2025-01-28,0,Tuesday,0,0,0,Sunny,24.2,150,667,31
Somnath,2025-01-28,1,Tuesday,0,0,0,Sunny,24.1,31,291,19
Somnath,2025-01-28,2,Tuesday,0,0,0,Sunny,23.2,19,153,19
Somnath,2025-01-28,3,Tuesday,0,0,0,Sunny,23.6,19,144,52
Somnath,2025-01-28,4,Tuesday,0,0,0,Sunny,24.4,52,608,401
Somnath,2025-01-28,5,Tuesday,0,0,0,Sunny,24.4,401,1539,938
Somnath,2025-01-28,6,Tuesday,0,0,0,Sunny,26.6,938,2409,1311
Somnath,2025-01-28,7,Tuesday,0,0,0,Sunny,27.9,1311,3687,1964
Somnath,2025-01-28,8,Tuesday,0,0,0,Sunny,28.3,1964,4717,2338
Somnath,2025-01-28,9,Tuesday,0,0,0,Sunny,31.1,2338,4398,1635
Somnath,2025-01-28,10,Tuesday,0,0,0,Sunny,31.2,1635,4169,1662
Somnath,2025-01-28,11,Tuesday,0,0,0,Sunny,32.4,1662,3505,1276
Somnath,2025-01-28,12,Tuesday,0,0,0,Sunny,33.8,1276,2680,830
Somnath,2025-01-28,13,Tuesday,0,0,0,Sunny,33.3,830,1961,568
Somnath,2025-01-28,14,Tuesday,0,0,0,Sunny,35.5,568,2273,1031
Somnath,2025-01-28,15,Tuesday,0,0,0,Sunny,33.7,1031,2695,1218
Somnath,2025-01-28,16,Tuesday,0,0,0,Sunny,32.6,1218,3727,1830
Somnath,2025-01-28,17,Tuesday,0,0,0,Sunny,32.9,1830,4507,2095
Somnath,2025-01-28,18,Tuesday,0,0,0,Sunny,31.8,2095,5112,2311
Somnath,2025-01-28,19,Tuesday,0,0,0,Sunny,29.8,2311,4892,1788
Somnath,2025-01-28,20,Tuesday,0,0,0,Sunny,28.1,1788,3719,1111
Somnath,2025-01-28,21,Tuesday,0,0,0,Sunny,27.5,1111,2759,789
Somnath,2025-01-28,22,Tuesday,0,0,0,Sunny,26.0,789,1677,396
Somnath,2025-01-28,23,Tuesday,0,0,0,Sunny,24.6,396,840,109
Somnath,2025-01-29,0,Wednesday,0,0,0,Sunny,22.7,109,401,35
Somnath,2025-01-29,1,Wednesday,0,0,0,Sunny,21.8,35,207,22
Somnath,2025-01-29,2,Wednesday,0,0,0,Sunny,22.8,22,120,24
Somnath,2025-01-29,3,Wednesday,0,0,0,Sunny,22.3,24,138,60
Somnath,2025-01-29,4,Wednesday,0,0,0,Sunny,23.7,60,532,350
Somnath,2025-01-29,5,Wednesday,0,0,0,Sunny,22.8,350,1356,823
Somnath,2025-01-29,6,Wednesday,0,0,0,Sunny,25.2,823,2638,1509
Somnath,2025-01-29,7,Wednesday,0,0,0,Sunny,26.0,1509,3653,1735
Somnath,2025-01-29,8,Wednesday,0,0,0,Sunny,26.3,1735,4691,2134
Somnath,2025-01-29,9,Wednesday,0,0,0,Sunny,28.6,2134,4529,1819
Somnath,2025-01-29,10,Wednesday,0,0,0,Sunny,29.8,1819,4326,1862
Somnath,2025-01-29,11,Wednesday,0,0,0,Sunny,31.9,1862,3396,1093
Somnath,2025-01-29,12,Wednesday,0,0,0,Sunny,31.6,1093,2713,968
Somnath,2025-01-29,13,Wednesday,0,0,0,Sunny,32.6,968,2497,1007
Somnath,2025-01-29,14,Wednesday,0,0,0,Sunny,32.6,1007,2344,886
Somnath,2025-01-29,15,Wednesday,0,0,0,Sunny,32.3,886,2632,1149
Somnath,2025-01-29,16,Wednesday,0,0,0,Sunny,32.9,1149,3386,1599
Somnath,2025-01-29,17,Wednesday,0,0,0,Sunny,30.2,1599,4003,1810
Somnath,2025-01-29,18,Wednesday,0,0,0,Sunny,30.8,1810,4871,2295
Somnath,2025-01-29,19,Wednesday,0,0,0,Sunny,28.6,2295,4355,1553
Somnath,2025-01-29,20,Wednesday,0,0,0,Sunny,27.8,1553,3644,1282
Somnath,2025-01-29,21,Wednesday,0,0,0,Sunny,26.1,1282,2646,749
Somnath,2025-01-29,22,Wednesday,0,0,0,Sunny,25.9,749,1614,329
Somnath,2025-01-29,23,Wednesday,0,0,0,Sunny,23.2,329,886,123
Somnath,2025-01-30,0,Thursday,0,0,0,Rainy,18.5,123,469,31
Somnath,2025-01-30,1,Thursday,0,0,0,Rainy,18.0,31,241,14
Somnath,2025-01-30,2,Thursday,0,0,0,Rainy,18.0,14,123,19
Somnath,2025-01-30,3,Thursday,0,0,0,Rainy,18.9,19,109,38
Somnath,2025-01-30,4,Thursday,0,0,0,Heavy Rain,18.9,38,252,151
Somnath,2025-01-30,5,Thursday,0,0,0,Heavy Rain,20.1,151,614,368
Somnath,2025-01-30,6,Thursday,0,0,0,Heavy Rain,22.0,368,1032,543
Somnath,2025-01-30,7,Thursday,0,0,0,Heavy Rain,22.1,543,1433,740
Somnath,2025-01-30,8,Thursday,0,0,0,Heavy Rain,23.3,740,1993,1002
Somnath,2025-01-30,9,Thursday,0,0,0,Heavy Rain,25.7,1002,1804,672
Somnath,2025-01-30,10,Thursday,0,0,0,Heavy Rain,25.3,672,1805,709
Somnath,2025-01-30,11,Thursday,0,0,0,Heavy Rain,26.9,709,1371,408
Somnath,2025-01-30,12,Thursday,0,0,0,Heavy Rain,28.2,408,1205,407
Somnath,2025-01-30,13,Thursday,0,0,0,Heavy Rain,27.8,407,1071,368
Somnath,2025-01-30,14,Thursday,0,0,0,Heavy Rain,27.6,368,1048,428
Somnath,2025-01-30,15,Thursday,0,0,0,Heavy Rain,28.4,428,1211,556
Somnath,2025-01-30,16,Thursday,0,0,0,Heavy Rain,27.5,556,1468,706
Somnath,2025-01-30,17,Thursday,0,0,0,Heavy Rain,26.5,706,1901,947
Somnath,2025-01-30,18,Thursday,0,0,0,Heavy Rain,26.4,947,2132,1000
Somnath,2025-01-30,19,Thursday,0,0,0,Heavy Rain,24.4,1000,2122,896
Somnath,2025-01-30,20,Thursday,0,0,0,Heavy Rain,23.1,896,1823,615
Somnath,2025-01-30,21,Thursday,0,0,0,Heavy Rain,21.9,615,1305,316
Somnath,2025-01-30,22,Thursday,0,0,0,Rainy,21.8,316,992,298
Somnath,2025-01-30,23,Thursday,0,0,0,Rainy,19.2,298,566,80
Somnath,2025-01-31,0,Friday,0,0,0,Sunny,24.1,80,315,35
Somnath,2025-01-31,1,Friday,0,0,0,Sunny,22.6,35,179,26
Somnath,2025-01-31,2,Friday,0,0,0,Sunny,24.2,26,137,40
Somnath,2025-01-31,3,Friday,0,0,0,Sunny,23.1,40,164,74
Somnath,2025-01-31,4,Friday,0,0,0,Sunny,23.5,74,883,599
Somnath,2025-01-31,5,Friday,0,0,0,Sunny,24.8,599,1919,1121
Somnath,2025-01-31,6,Friday,0,0,0,Sunny,26.1,1121,3175,1730
Somnath,2025-01-31,7,Friday,0,0,0,Sunny,26.2,1730,4823,2473
Somnath,2025-01-31,8,Friday,0,0,0,Sunny,28.5,2473,6383,3121
Somnath,2025-01-31,9,Friday,0,0,0,Sunny,30.0,3121,5513,1997
Somnath,2025-01-31,10,Friday,0,0,0,Sunny,31.3,1997,5332,2139
Somnath,2025-01-31,11,Friday,0,0,0,Sunny,31.9,2139,4143,1323
Somnath,2025-01-31,12,Friday,0,0,0,Sunny,33.3,1323,3508,1183
Somnath,2025-01-31,13,Friday,0,0,0,Sunny,33.4,1183,2832,967
Somnath,2025-01-31,14,Friday,0,0,0,Sunny,33.9,967,2972,1234
Somnath,2025-01-31,15,Friday,0,0,0,Sunny,33.0,1234,2993,1172
Somnath,2025-01-31,16,Friday,0,0,0,Sunny,32.5,1172,3829,1804
Somnath,2025-01-31,17,Friday,0,0,0,Sunny,31.7,1804,5585,2821
Somnath,2025-01-31,18,Friday,0,0,0,Sunny,31.3,2821,5749,2284
Somnath,2025-01-31,19,Friday,0,0,0,Sunny,29.8,2284,5457,2112
Somnath,2025-01-31,20,Friday,0,0,0,Sunny,27.2,2112,4677,1739
Somnath,2025-01-31,21,Friday,0,0,0,Sunny,26.1,1739,3308,805
Somnath,2025-01-31,22,Friday,0,0,0,Sunny,25.3,805,2121,498
Somnath,2025-01-31,23,Friday,0,0,0,Sunny,23.5,498,1177,121
Somnath,2025-02-01,0,Saturday,1,0,0,Clear,21.9,121,642,61
Somnath,2025-02-01,1,Saturday,1,0,0,Clear,22.2,61,320,37
Somnath,2025-02-01,2,Saturday,1,0,0,Clear,20.9,37,191,40
Somnath,2025-02-01,3,Saturday,1,0,0,Clear,20.7,40,221,100
Somnath,2025-02-01,4,Saturday,1,0,0,Clear,21.8,100,927,614
Somnath,2025-02-01,5,Saturday,1,0,0,Clear,22.1,614,2601,1602
Somnath,2025-02-01,6,Saturday,1,0,0,Clear,22.6,1602,4212,2318
Somnath,2025-02-01,7,Saturday,1,0,0,Clear,24.6,2318,6120,3231
Somnath,2025-02-01,8,Saturday,1,0,0,Clear,25.8,3231,7034,3149
Somnath,2025-02-01,9,Saturday,1,0,0,Clear,27.8,3149,7115,2905
Somnath,2025-02-01,10,Saturday,1,0,0,Clear,28.7,2905,6982,2602
Somnath,2025-02-01,11,Saturday,1,0,0,Clear,30.9,2602,5822,1889
Somnath,2025-02-01,12,Saturday,1,0,0,Clear,31.4,1889,4533,1338
Somnath,2025-02-01,13,Saturday,1,0,0,Clear,32.4,1338,3533,1175
Somnath,2025-02-01,14,Saturday,1,0,0,Clear,32.2,1175,3910,1686
Somnath,2025-02-01,15,Saturday,1,0,0,Clear,31.6,1686,4630,2213
Somnath,2025-02-01,16,Saturday,1,0,0,Clear,31.5,2213,6384,3203
Somnath,2025-02-01,17,Saturday,1,0,0,Clear,30.1,3203,6829,2876
Somnath,2025-02-01,18,Saturday,1,0,0,Clear,29.3,2876,8262,3716
Somnath,2025-02-01,19,Saturday,1,0,0,Clear,27.5,3716,7966,3287
Somnath,2025-02-01,20,Saturday,1,0,0,Clear,26.4,3287,6671,2256
Somnath,2025-02-01,21,Saturday,1,0,0,Clear,24.8,2256,4912,1323
Somnath,2025-02-01,22,Saturday,1,0,0,Clear,23.5,1323,3045,475
Somnath,2025-02-01,23,Saturday,1,0,0,Clear,23.5,475,1639,164
Somnath,2025-02-02,0,Sunday,1,0,0,Sunny,19.5,164,787,58
Somnath,2025-02-02,1,Sunday,1,0,0,Sunny,18.3,58,387,35
Somnath,2025-02-02,2,Sunday,1,0,0,Sunny,18.5,35,229,36
Somnath,2025-02-02,3,Sunday,1,0,0,Sunny,19.6,36,228,92
Somnath,2025-02-02,4,Sunday,1,0,0,Sunny,19.6,92,1093,733
Somnath,2025-02-02,5,Sunday,1,0,0,Sunny,20.6,733,2585,1573
Somnath,2025-02-02,6,Sunday,1,0,0,Sunny,21.7,1573,5132,2973
Somnath,2025-02-02,7,Sunday,1,0,0,Sunny,22.5,2973,7218,3654
Somnath,2025-02-02,8,Sunday,1,0,0,Sunny,24.5,3654,9687,4864
Somnath,2025-02-02,9,Sunday,1,0,0,Sunny,24.4,4864,9090,3388
Somnath,2025-02-02,10,Sunday,1,0,0,Sunny,26.3,3388,8272,3300
Somnath,2025-02-02,11,Sunday,1,0,0,Sunny,28.0,3300,6900,2117
Somnath,2025-02-02,12,Sunday,1,0,0,Sunny,29.6,2117,4970,1445
Somnath,2025-02-02,13,Sunday,1,0,0,Sunny,29.4,1445,4017,1323
Somnath,2025-02-02,14,Sunday,1,0,0,Sunny,29.1,1323,3611,1337
Somnath,2025-02-02,15,Sunday,1,0,0,Sunny,28.5,1337,4514,2053
Somnath,2025-02-02,16,Sunday,1,0,0,Sunny,27.6,2053,6276,3165
Somnath,2025-02-02,17,Sunday,1,0,0,Sunny,27.4,3165,8163,3919
Somnath,2025-02-02,18,Sunday,1,0,0,Sunny,26.8,3919,9467,4337
Somnath,2025-02-02,19,Sunday,1,0,0,Sunny,24.8,4337,7839,2781
Somnath,2025-02-02,20,Sunday,1,0,0,Sunny,25.6,2781,7014,2759
Somnath,2025-02-02,21,Sunday,1,0,0,Sunny,21.7,2759,5226,1469
Somnath,2025-02-02,22,Sunday,1,0,0,Sunny,21.5,1469,3115,576
Somnath,2025-02-02,23,Sunday,1,0,0,Sunny,20.3,576,1516,200
Somnath,2025-02-03,0,Monday,0,0,0,Rainy,26.2,200,733,33
Somnath,2025-02-03,1,Monday,0,0,0,Rainy,27.6,33,358,25
Somnath,2025-02-03,2,Monday,0,0,0,Rainy,26.2,25,200,26
Somnath,2025-02-03,3,Monday,0,0,0,Rainy,26.2,26,190,78
Somnath,2025-02-03,4,Monday,0,0,0,Rainy,26.6,78,602,381
Somnath,2025-02-03,5,Monday,0,0,0,Rainy,26.6,381,1437,867
Somnath,2025-02-03,6,Monday,0,0,0,Rainy,28.8,867,3078,1831
Somnath,2025-02-03,7,Monday,0,0,0,Rainy,29.6,1831,3859,1897
Somnath,2025-02-03,8,Monday,0,0,0,Rainy,30.8,1897,4871,2166
Somnath,2025-02-03,9,Monday,0,0,0,Rainy,32.5,2166,4424,1699
Somnath,2025-02-03,10,Monday,0,0,0,Rainy,34.1,1699,4783,2185
Somnath,2025-02-03,11,Monday,0,0,0,Rainy,33.5,2185,4555,1749
Somnath,2025-02-03,12,Monday,0,0,0,Rainy,34.9,1749,3178,1036
Somnath,2025-02-03,13,Monday,0,0,0,Rainy,36.0,1036,2691,885
Somnath,2025-02-03,14,Monday,0,0,0,Rainy,35.5,885,2599,1043
Somnath,2025-02-03,15,Monday,0,0,0,Heavy Rain,35.5,1043,2088,652
Somnath,2025-02-03,16,Monday,0,0,0,Heavy Rain,35.9,652,2085,942
Somnath,2025-02-03,17,Monday,0,0,0,Heavy Rain,34.8,942,3110,1647
Somnath,2025-02-03,18,Monday,0,0,0,Rainy,34.4,1647,5024,2670
Somnath,2025-02-03,19,Monday,0,0,0,Rainy,33.3,2670,5049,2033
Somnath,2025-02-03,20,Monday,0,0,0,Rainy,30.9,2033,4677,1689
Somnath,2025-02-03,21,Monday,0,0,0,Rainy,29.2,1689,3063,726
Somnath,2025-02-03,22,Monday,0,0,0,Rainy,27.8,726,1952,362
Somnath,2025-02-03,23,Monday,0,0,0,Rainy,26.9,362,1044,121
Somnath,2025-02-04,0,Tuesday,0,0,0,Clear,26.9,121,489,25
Somnath,2025-02-04,1,Tuesday,0,0,0,Clear,26.0,25,250,26
Somnath,2025-02-04,2,Tuesday,0,0,0,Clear,24.5,26,141,24
Somnath,2025-02-04,3,Tuesday,0,0,0,Clear,25.1,24,132,51
Somnath,2025-02-04,4,Tuesday,0,0,0,Clear,26.0,51,463,297
Somnath,2025-02-04,5,Tuesday,0,0,0,Clear,27.9,297,1405,895
Somnath,2025-02-04,6,Tuesday,0,0,0,Clear,28.2,895,2661,1489
Somnath,2025-02-04,7,Tuesday,0,0,0,Clear,29.9,1489,3523,1719
Somnath,2025-02-04,8,Tuesday,0,0,0,Clear,31.2,1719,4924,2432
Somnath,2025-02-04,9,Tuesday,0,0,0,Clear,32.7,2432,4856,1840
Somnath,2025-02-04,10,Tuesday,0,0,0,Clear,33.8,1840,4220,1394
Somnath,2025-02-04,11,Tuesday,0,0,0,Clear,35.0,1394,3479,1204
Somnath,2025-02-04,12,Tuesday,0,0,0,Clear,35.6,1204,2842,934
Somnath,2025-02-04,13,Tuesday,0,0,0,Clear,36.2,934,2627,948
Somnath,2025-02-04,14,Tuesday,0,0,0,Clear,36.3,948,2540,1051
Somnath,2025-02-04,15,Tuesday,0,0,0,Clear,36.2,1051,3168,1509
Somnath,2025-02-04,16,Tuesday,0,0,0,Clear,34.9,1509,3346,1480
Somnath,2025-02-04,17,Tuesday,0,0,0,Clear,34.1,1480,3966,1901
Somnath,2025-02-04,18,Tuesday,0,0,0,Clear,33.5,1901,4942,2399
Somnath,2025-02-04,19,Tuesday,0,0,0,Clear,33.2,2399,4874,1878
Somnath,2025-02-04,20,Tuesday,0,0,0,Clear,30.5,1878,4055,1468
Somnath,2025-02-04,21,Tuesday,0,0,0,Clear,30.1,1468,2940,789
Somnath,2025-02-04,22,Tuesday,0,0,0,Clear,27.6,789,1763,297
Somnath,2025-02-04,23,Tuesday,0,0,0,Clear,26.6,297,897,117
Somnath,2025-02-05,0,Wednesday,0,0,0,Clear,24.7,117,438,36
Somnath,2025-02-05,1,Wednesday,0,0,0,Clear,24.2,36,223,23
Somnath,2025-02-05,2,Wednesday,0,0,0,Clear,23.1,23,126,18
Somnath,2025-02-05,3,Wednesday,0,0,0,Clear,22.9,18,133,57
Somnath,2025-02-05,4,Wednesday,0,0,0,Clear,24.8,57,573,381
Somnath,2025-02-05,5,Wednesday,0,0,0,Clear,25.7,381,1451,881
Somnath,2025-02-05,6,Wednesday,0,0,0,Clear,26.6,881,2388,1267
Somnath,2025-02-05,7,Wednesday,0,0,0,Clear,28.0,1267,3352,1697
Somnath,2025-02-05,8,Wednesday,0,0,0,Clear,28.9,1697,4305,2053
Somnath,2025-02-05,9,Wednesday,0,0,0,Clear,31.2,2053,4671,2119
Somnath,2025-02-05,10,Wednesday,0,0,0,Clear,32.0,2119,4643,1852
Somnath,2025-02-05,11,Wednesday,0,0,0,Clear,33.3,1852,4425,1651
Somnath,2025-02-05,12,Wednesday,0,0,0,Clear,33.7,1651,3387,1023
Somnath,2025-02-05,13,Wednesday,0,0,0,Clear,34.0,1023,2665,757
Somnath,2025-02-05,14,Wednesday,0,0,0,Clear,33.7,757,2784,1152
Somnath,2025-02-05,15,Wednesday,0,0,0,Clear,33.2,1152,2872,1297
Somnath,2025-02-05,16,Wednesday,0,0,0,Clear,33.9,1297,3710,1819
Somnath,2025-02-05,17,Wednesday,0,0,0,Clear,32.7,1819,5093,2567
Somnath,2025-02-05,18,Wednesday,0,0,0,Clear,30.9,2567,6065,2628
Somnath,2025-02-05,19,Wednesday,0,0,0,Clear,30.3,2628,5664,2038
Somnath,2025-02-05,20,Wednesday,0,0,0,Clear,28.5,2038,4430,1277
Somnath,2025-02-05,21,Wednesday,0,0,0,Clear,28.6,1277,3047,845
Somnath,2025-02-05,22,Wednesday,0,0,0,Clear,27.5,845,1777,318
Somnath,2025-02-05,23,Wednesday,0,0,0,Clear,25.5,318,1017,136
Somnath,2025-02-06,0,Thursday,0,0,0,Cloudy,25.7,136,448,36
Somnath,2025-02-06,1,Thursday,0,0,0,Cloudy,25.0,36,221,23
Somnath,2025-02-06,2,Thursday,0,0,0,Cloudy,25.2,23,138,22
Somnath,2025-02-06,3,Thursday,0,0,0,Cloudy,26.1,22,133,53
Somnath,2025-02-06,4,Thursday,0,0,0,Cloudy,25.6,53,565,374
Somnath,2025-02-06,5,Thursday,0,0,0,Cloudy,26.1,374,1260,739
Somnath,2025-02-06,6,Thursday,0,0,0,Cloudy,28.0,739,2461,1384
Somnath,2025-02-06,7,Thursday,0,0,0,Cloudy,28.5,1384,3823,1978
Somnath,2025-02-06,8,Thursday,0,0,0,Cloudy,30.2,1978,4654,2206
Somnath,2025-02-06,9,Thursday,0,0,0,Cloudy,31.5,2206,4469,1817
Somnath,2025-02-06,10,Thursday,0,0,0,Cloudy,32.7,1817,3734,1313
Somnath,2025-02-06,11,Thursday,0,0,0,Cloudy,33.8,1313,3360,1259
Somnath,2025-02-06,12,Thursday,0,0,0,Cloudy,34.7,1259,2870,957
Somnath,2025-02-06,13,Thursday,0,0,0,Cloudy,34.9,957,2148,684
Somnath,2025-02-06,14,Thursday,0,0,0,Rainy,35.2,684,2003,719
Somnath,2025-02-06,15,Thursday,0,0,0,Rainy,34.6,719,2283,1042
Somnath,2025-02-06,16,Thursday,0,0,0,Cloudy,34.5,1042,2907,1465
Somnath,2025-02-06,17,Thursday,0,0,0,Cloudy,33.8,1465,3955,1946
Somnath,2025-02-06,18,Thursday,0,0,0,Cloudy,33.0,1946,5916,3041
Somnath,2025-02-06,19,Thursday,0,0,0,Cloudy,31.0,3041,4837,1786
Somnath,2025-02-06,20,Thursday,0,0,0,Cloudy,30.2,1786,3931,1226
Somnath,2025-02-06,21,Thursday,0,0,0,Cloudy,28.5,1226,2764,779
Somnath,2025-02-06,22,Thursday,0,0,0,Cloudy,28.6,779,1798,326
Somnath,2025-02-06,23,Thursday,0,0,0,Cloudy,27.0,326,986,120
Somnath,2025-02-07,0,Friday,0,0,0,Clear,23.1,120,505,46
Somnath,2025-02-07,1,Friday,0,0,0,Clear,21.9,46,283,27
Somnath,2025-02-07,2,Friday,0,0,0,Clear,23.3,27,170,27
Somnath,2025-02-07,3,Friday,0,0,0,Clear,22.6,27,149,56
Somnath,2025-02-07,4,Friday,0,0,0,Clear,24.2,56,697,467
Somnath,2025-02-07,5,Friday,0,0,0,Clear,23.9,467,2095,1301
Somnath,2025-02-07,6,Friday,0,0,0,Clear,26.5,1301,3424,1828
Somnath,2025-02-07,7,Friday,0,0,0,Clear,25.6,1828,5232,2801
Somnath,2025-02-07,8,Friday,0,0,0,Clear,28.0,2801,5306,2238
Somnath,2025-02-07,9,Friday,0,0,0,Clear,28.7,2238,5181,2117
Somnath,2025-02-07,10,Friday,0,0,0,Clear,30.1,2117,5085,2135
Somnath,2025-02-07,11,Friday,0,0,0,Clear,31.7,2135,4709,1837
Somnath,2025-02-07,12,Friday,0,0,0,Clear,32.0,1837,3694,1074
Somnath,2025-02-07,13,Friday,0,0,0,Clear,33.0,1074,2926,906
Somnath,2025-02-07,14,Friday,0,0,0,Clear,32.4,906,3062,1273
Somnath,2025-02-07,15,Friday,0,0,0,Clear,32.7,1273,3170,1373
Somnath,2025-02-07,16,Friday,0,0,0,Clear,32.7,1373,4512,2319
Somnath,2025-02-07,17,Friday,0,0,0,Clear,31.8,2319,4582,1934
Somnath,2025-02-07,18,Friday,0,0,0,Clear,30.4,1934,5223,2413
Somnath,2025-02-07,19,Friday,0,0,0,Clear,28.8,2413,5416,2287
Somnath,2025-02-07,20,Friday,0,0,0,Clear,26.5,2287,4097,1284
Somnath,2025-02-07,21,Friday,0,0,0,Clear,26.8,1284,2736,695
Somnath,2025-02-07,22,Friday,0,0,0,Clear,24.9,695,1868,489
Somnath,2025-02-07,23,Friday,0,0,0,Clear,24.4,489,940,140
Somnath,2025-02-08,0,Saturday,1,0,0,Sunny,27.0,140,503,92
Somnath,2025-02-08,1,Saturday,1,0,0,Sunny,27.2,92,280,37
Somnath,2025-02-08,2,Saturday,1,0,0,Sunny,25.9,37,171,36
Somnath,2025-02-08,3,Saturday,1,0,0,Sunny,26.3,36,188,80
Somnath,2025-02-08,4,Saturday,1,0,0,Sunny,26.4,80,875,587
Somnath,2025-02-08,5,Saturday,1,0,0,Sunny,28.2,587,2223,1350
Somnath,2025-02-08,6,Saturday,1,0,0,Sunny,28.1,1350,4867,2839
Somnath,2025-02-08,7,Saturday,1,0,0,Sunny,30.9,2839,6578,3196
Somnath,2025-02-08,8,Saturday,1,0,0,Sunny,31.3,3196,8456,4150
Somnath,2025-02-08,9,Saturday,1,0,0,Sunny,33.0,4150,7971,3095
Somnath,2025-02-08,10,Saturday,1,0,0,Sunny,33.9,3095,7307,2771
Somnath,2025-02-08,11,Saturday,1,0,0,Sunny,35.0,2771,7052,2668
Somnath,2025-02-08,12,Saturday,1,0,0,Sunny,36.3,2668,4995,1454
Somnath,2025-02-08,13,Saturday,1,0,0,Sunny,36.8,1454,4429,1493
Somnath,2025-02-08,14,Saturday,1,0,0,Sunny,36.1,1493,3973,1588
Somnath,2025-02-08,15,Saturday,1,0,0,Sunny,36.0,1588,4959,2380
Somnath,2025-02-08,16,Saturday,1,0,0,Sunny,36.1,2380,5941,2721
Somnath,2025-02-08,17,Saturday,1,0,0,Sunny,34.2,2721,6988,3492
Somnath,2025-02-08,18,Saturday,1,0,0,Sunny,33.7,3492,7491,3079
Somnath,2025-02-08,19,Saturday,1,0,0,Sunny,33.0,3079,8013,3249
Somnath,2025-02-08,20,Saturday,1,0,0,Sunny,30.6,3249,7609,2841
Somnath,2025-02-08,21,Saturday,1,0,0,Sunny,29.7,2841,5314,1540
Somnath,2025-02-08,22,Saturday,1,0,0,Sunny,28.1,1540,3050,535
Somnath,2025-02-08,23,Saturday,1,0,0,Sunny,26.8,535,1654,222
Somnath,2025-02-09,0,Sunday,1,0,0,Clear,24.0,222,755,61
Somnath,2025-02-09,1,Sunday,1,0,0,Clear,24.5,61,419,34
Somnath,2025-02-09,2,Sunday,1,0,0,Clear,24.9,34,254,40
Somnath,2025-02-09,3,Sunday,1,0,0,Clear,24.0,40,259,106
Somnath,2025-02-09,4,Sunday,1,0,0,Clear,25.2,106,1210,807
Somnath,2025-02-09,5,Sunday,1,0,0,Clear,26.1,807,2163,1218
Somnath,2025-02-09,6,Sunday,1,0,0,Clear,26.9,1218,4567,2703
Somnath,2025-02-09,7,Sunday,1,0,0,Clear,29.7,2703,7568,4038
Somnath,2025-02-09,8,Sunday,1,0,0,Clear,29.7,4038,8064,3571
Somnath,2025-02-09,9,Sunday,1,0,0,Clear,31.0,3571,7953,3370
Somnath,2025-02-09,10,Sunday,1,0,0,Clear,32.4,3370,6911,2721
Somnath,2025-02-09,11,Sunday,1,0,0,Clear,32.8,2721,6329,2167
Somnath,2025-02-09,12,Sunday,1,0,0,Clear,34.5,2167,4738,1349
Somnath,2025-02-09,13,Sunday,1,0,0,Clear,33.8,1349,4212,1578
Somnath,2025-02-09,14,Sunday,1,0,0,Clear,34.8,1578,4437,1973
Somnath,2025-02-09,15,Sunday,1,0,0,Clear,33.8,1973,4842,2031
Somnath,2025-02-09,16,Sunday,1,0,0,Clear,33.2,2031,4889,2044
Somnath,2025-02-09,17,Sunday,1,0,0,Clear,33.7,2044,7706,4116
Somnath,2025-02-09,18,Sunday,1,0,0,Clear,32.0,4116,9129,4434
Somnath,2025-02-09,19,Sunday,1,0,0,Clear,30.7,4434,8576,3241
Somnath,2025-02-09,20,Sunday,1,0,0,Clear,29.3,3241,6600,2386
Somnath,2025-02-09,21,Sunday,1,0,0,Clear,27.9,2386,4801,1464
Somnath,2025-02-09,22,Sunday,1,0,0,Clear,27.0,1464,2970,627
Somnath,2025-02-09,23,Sunday,1,0,0,Clear,26.0,627,1560,176
Somnath,2025-02-10,0,Monday,0,0,0,Sunny,26.5,176,795,50
Somnath,2025-02-10,1,Monday,0,0,0,Sunny,25.1,50,402,37
Somnath,2025-02-10,2,Monday,0,0,0,Sunny,26.5,37,218,37
Somnath,2025-02-10,3,Monday,0,0,0,Sunny,25.9,37,200,78
Somnath,2025-02-10,4,Monday,0,0,0,Sunny,27.9,78,779,512
Somnath,2025-02-10,5,Monday,0,0,0,Sunny,27.9,512,1764,1052
Somnath,2025-02-10,6,Monday,0,0,0,Sunny,29.0,1052,3626,2101
Somnath,2025-02-10,7,Monday,0,0,0,Sunny,29.8,2101,4758,2296
Somnath,2025-02-10,8,Monday,0,0,0,Sunny,32.5,2296,6221,3004
Somnath,2025-02-10,9,Monday,0,0,0,Sunny,33.2,3004,6136,2295
Somnath,2025-02-10,10,Monday,0,0,0,Sunny,34.2,2295,6385,2759
Somnath,2025-02-10,11,Monday,0,0,0,Sunny,36.2,2759,5713,2045
Somnath,2025-02-10,12,Monday,0,0,0,Sunny,36.1,2045,4423,1258
Somnath,2025-02-10,13,Monday,0,0,0,Sunny,36.6,1258,3089,896
Somnath,2025-02-10,14,Monday,0,0,0,Sunny,36.6,896,3315,1429
Somnath,2025-02-10,15,Monday,0,0,0,Sunny,37.0,1429,3406,1410
Somnath,2025-02-10,16,Monday,0,0,0,Sunny,34.9,1410,4999,2573
Somnath,2025-02-10,17,Monday,0,0,0,Sunny,35.4,2573,5943,2629
Somnath,2025-02-10,18,Monday,0,0,0,Sunny,34.7,2629,7231,3388
Somnath,2025-02-10,19,Monday,0,0,0,Sunny,33.2,3388,6607,2381
Somnath,2025-02-10,20,Monday,0,0,0,Sunny,32.4,2381,5850,2211
Somnath,2025-02-10,21,Monday,0,0,0,Sunny,30.3,2211,4019,971
Somnath,2025-02-10,22,Monday,0,0,0,Sunny,29.1,971,2227,388
Somnath,2025-02-10,23,Monday,0,0,0,Sunny,27.6,388,1152,156
Somnath,2025-02-11,0,Tuesday,0,0,0,Sunny,26.4,156,586,30
Somnath,2025-02-11,1,Tuesday,0,0,0,Sunny,27.0,30,284,21
Somnath,2025-02-11,2,Tuesday,0,0,0,Sunny,26.1,21,155,21
Somnath,2025-02-11,3,Tuesday,0,0,0,Sunny,26.5,21,134,44
Somnath,2025-02-11,4,Tuesday,0,0,0,Sunny,26.6,44,557,368
Somnath,2025-02-11,5,Tuesday,0,0,0,Sunny,27.3,368,1178,673
Somnath,2025-02-11,6,Tuesday,0,0,0,Sunny,28.5,673,2678,1572
Somnath,2025-02-11,7,Tuesday,0,0,0,Sunny,29.1,1572,3871,1987
Somnath,2025-02-11,8,Tuesday,0,0,0,Sunny,31.6,1987,3869,1582
Somnath,2025-02-11,9,Tuesday,0,0,0,Sunny,32.1,1582,4373,1919
Somnath,2025-02-11,10,Tuesday,0,0,0,Sunny,33.3,1919,3873,1419
Somnath,2025-02-11,11,Tuesday,0,0,0,Sunny,34.3,1419,3607,1405
Somnath,2025-02-11,12,Tuesday,0,0,0,Sunny,33.9,1405,2678,844
Somnath,2025-02-11,13,Tuesday,0,0,0,Sunny,35.2,844,2111,666
Somnath,2025-02-11,14,Tuesday,0,0,0,Sunny,37.0,666,2236,974
Somnath,2025-02-11,15,Tuesday,0,0,0,Sunny,36.4,974,2522,1149
Somnath,2025-02-11,16,Tuesday,0,0,0,Sunny,34.9,1149,2864,1297
Somnath,2025-02-11,17,Tuesday,0,0,0,Sunny,34.9,1297,3913,1964
Somnath,2025-02-11,18,Tuesday,0,0,0,Sunny,33.1,1964,4771,2316
Somnath,2025-02-11,19,Tuesday,0,0,0,Sunny,32.9,2316,4180,1566
Somnath,2025-02-11,20,Tuesday,0,0,0,Sunny,30.2,1566,3656,1247
Somnath,2025-02-11,21,Tuesday,0,0,0,Sunny,30.0,1247,2861,869
Somnath,2025-02-11,22,Tuesday,0,0,0,Sunny,27.8,869,1667,318
Somnath,2025-02-11,23,Tuesday,0,0,0,Sunny,28.2,318,913,96
Somnath,2025-02-12,0,Wednesday,0,0,0,Clear,27.9,96,459,42
Somnath,2025-02-12,1,Wednesday,0,0,0,Clear,27.3,42,241,30
Somnath,2025-02-12,2,Wednesday,0,0,0,Clear,25.8,30,137,18
Somnath,2025-02-12,3,Wednesday,0,0,0,Clear,25.7,18,136,54
Somnath,2025-02-12,4,Wednesday,0,0,0,Clear,27.5,54,622,415
Somnath,2025-02-12,5,Wednesday,0,0,0,Clear,29.0,415,1290,755
Somnath,2025-02-12,6,Wednesday,0,0,0,Clear,28.8,755,2877,1682
Somnath,2025-02-12,7,Wednesday,0,0,0,Clear,30.8,1682,4202,2210
Somnath,2025-02-12,8,Wednesday,0,0,0,Clear,32.9,2210,5342,2505
Somnath,2025-02-12,9,Wednesday,0,0,0,Clear,34.4,2505,4401,1526
Somnath,2025-02-12,10,Wednesday,0,0,0,Clear,34.1,1526,4201,1722
Somnath,2025-02-12,11,Wednesday,0,0,0,Clear,36.1,1722,4020,1529
Somnath,2025-02-12,12,Wednesday,0,0,0,Clear,36.7,1529,2815,802
Somnath,2025-02-12,13,Wednesday,0,0,0,Clear,37.0,802,2435,867
Somnath,2025-02-12,14,Wednesday,0,0,0,Clear,36.9,867,2052,752
Somnath,2025-02-12,15,Wednesday,0,0,0,Clear,37.0,752,2369,1064
Somnath,2025-02-12,16,Wednesday,0,0,0,Clear,37.0,1064,2975,1407
Somnath,2025-02-12,17,Wednesday,0,0,0,Clear,36.2,1407,4275,2033
Somnath,2025-02-12,18,Wednesday,0,0,0,Clear,33.6,2033,5279,2498
Somnath,2025-02-12,19,Wednesday,0,0,0,Clear,33.8,2498,4858,1903
Somnath,2025-02-12,20,Wednesday,0,0,0,Clear,32.1,1903,3714,1083
Somnath,2025-02-12,21,Wednesday,0,0,0,Clear,30.8,1083,2910,852
Somnath,2025-02-12,22,Wednesday,0,0,0,Clear,29.5,852,1716,344
Somnath,2025-02-12,23,Wednesday,0,0,0,Clear,27.8,344,1003,130
Somnath,2025-02-13,0,Thursday,0,0,0,Sunny,18.1,130,522,41
Somnath,2025-02-13,1,Thursday,0,0,0,Sunny,19.2,41,259,21
Somnath,2025-02-13,2,Thursday,0,0,0,Sunny,18.0,21,149,25
Somnath,2025-02-13,3,Thursday,0,0,0,Sunny,18.0,25,157,65
Somnath,2025-02-13,4,Thursday,0,0,0,Sunny,18.0,65,728,484
Somnath,2025-02-13,5,Thursday,0,0,0,Sunny,19.5,484,1538,890
Somnath,2025-02-13,6,Thursday,0,0,0,Sunny,20.0,890,2768,1593
Somnath,2025-02-13,7,Thursday,0,0,0,Sunny,22.3,1593,3578,1658
Somnath,2025-02-13,8,Thursday,0,0,0,Sunny,22.9,1658,4423,2121
Somnath,2025-02-13,9,Thursday,0,0,0,Sunny,24.3,2121,4848,2300
Somnath,2025-02-13,10,Thursday,0,0,0,Sunny,26.5,2300,4365,1715
Somnath,2025-02-13,11,Thursday,0,0,0,Sunny,26.2,1715,4104,1654
Somnath,2025-02-13,12,Thursday,0,0,0,Sunny,27.0,1654,3333,1078
Somnath,2025-02-13,13,Thursday,0,0,0,Sunny,27.7,1078,2564,845
Somnath,2025-02-13,14,Thursday,0,0,0,Sunny,29.1,845,2717,1135
Somnath,2025-02-13,15,Thursday,0,0,0,Sunny,28.4,1135,3380,1598
Somnath,2025-02-13,16,Thursday,0,0,0,Sunny,27.0,1598,4110,1800
Somnath,2025-02-13,17,Thursday,0,0,0,Sunny,26.2,1800,4624,2027
Somnath,2025-02-13,18,Thursday,0,0,0,Sunny,25.7,2027,4949,2038
Somnath,2025-02-13,19,Thursday,0,0,0,Sunny,25.9,2038,4726,1926
Somnath,2025-02-13,20,Thursday,0,0,0,Sunny,22.2,1926,4210,1456
Somnath,2025-02-13,21,Thursday,0,0,0,Sunny,22.1,1456,2950,823
Somnath,2025-02-13,22,Thursday,0,0,0,Sunny,19.9,823,1915,390
Somnath,2025-02-13,23,Thursday,0,0,0,Sunny,18.5,390,1078,142
Somnath,2025-02-14,0,Friday,0,0,0,Clear,23.4,142,553,41
Somnath,2025-02-14,1,Friday,0,0,0,Clear,24.8,41,286,30
Somnath,2025-02-14,2,Friday,0,0,0,Clear,22.9,30,166,32
Somnath,2025-02-14,3,Friday,0,0,0,Clear,24.7,32,171,67
Somnath,2025-02-14,4,Friday,0,0,0,Clear,24.6,67,716,475
Somnath,2025-02-14,5,Friday,0,0,0,Clear,24.9,475,1795,1090
Somnath,2025-02-14,6,Friday,0,0,0,Clear,25.8,1090,3276,1826
Somnath,2025-02-14,7,Friday,0,0,0,Clear,26.1,1826,4749,2479
Somnath,2025-02-14,8,Friday,0,0,0,Clear,28.1,2479,4760,2085
Somnath,2025-02-14,9,Friday,0,0,0,Clear,29.3,2085,5174,2091
Somnath,2025-02-14,10,Friday,0,0,0,Clear,31.1,2091,5040,1974
Somnath,2025-02-14,11,Friday,0,0,0,Clear,32.6,1974,4255,1572
Somnath,2025-02-14,12,Friday,0,0,0,Clear,34.2,1572,3605,1371
Somnath,2025-02-14,13,Friday,0,0,0,Clear,33.2,1371,2805,934
Somnath,2025-02-14,14,Friday,0,0,0,Clear,34.3,934,2850,1075
Somnath,2025-02-14,15,Friday,0,0,0,Clear,34.6,1075,3450,1557
Somnath,2025-02-14,16,Friday,0,0,0,Clear,34.0,1557,4014,1870
Somnath,2025-02-14,17,Friday,0,0,0,Clear,32.5,1870,5538,2755
Somnath,2025-02-14,18,Friday,0,0,0,Clear,30.4,2755,5782,2444
Somnath,2025-02-14,19,Friday,0,0,0,Clear,30.1,2444,6199,2798
Somnath,2025-02-14,20,Friday,0,0,0,Clear,29.1,2798,5779,1980
Somnath,2025-02-14,21,Friday,0,0,0,Clear,27.2,1980,4058,1025
Somnath,2025-02-14,22,Friday,0,0,0,Clear,26.3,1025,2418,409
Somnath,2025-02-14,23,Friday,0,0,0,Clear,23.5,409,1297,150
Somnath,2025-02-15,0,Saturday,1,0,0,Sunny,22.4,150,716,55
Somnath,2025-02-15,1,Saturday,1,0,0,Sunny,21.8,55,368,36
Somnath,2025-02-15,2,Saturday,1,0,0,Sunny,22.6,36,208,39
Somnath,2025-02-15,3,Saturday,1,0,0,Sunny,21.9,39,213,89
Somnath,2025-02-15,4,Saturday,1,0,0,Sunny,23.0,89,1042,707
Somnath,2025-02-15,5,Saturday,1,0,0,Sunny,24.3,707,2505,1484
Somnath,2025-02-15,6,Saturday,1,0,0,Sunny,25.0,1484,5147,2958
Somnath,2025-02-15,7,Saturday,1,0,0,Sunny,26.8,2958,6996,3475
Somnath,2025-02-15,8,Saturday,1,0,0,Sunny,28.7,3475,8574,3952
Somnath,2025-02-15,9,Saturday,1,0,0,Sunny,27.9,3952,7579,2714
Somnath,2025-02-15,10,Saturday,1,0,0,Sunny,30.0,2714,6806,2497
Somnath,2025-02-15,11,Saturday,1,0,0,Sunny,32.0,2497,6128,2400
Somnath,2025-02-15,12,Saturday,1,0,0,Sunny,31.8,2400,4587,1395
Somnath,2025-02-15,13,Saturday,1,0,0,Sunny,32.2,1395,3648,1269
Somnath,2025-02-15,14,Saturday,1,0,0,Sunny,32.5,1269,3461,1526
Somnath,2025-02-15,15,Saturday,1,0,0,Sunny,33.6,1526,4778,2407
Somnath,2025-02-15,16,Saturday,1,0,0,Sunny,31.9,2407,5598,2419
Somnath,2025-02-15,17,Saturday,1,0,0,Sunny,32.2,2419,7403,3522
Somnath,2025-02-15,18,Saturday,1,0,0,Sunny,30.1,3522,7568,3189
Somnath,2025-02-15,19,Saturday,1,0,0,Sunny,28.8,3189,7296,2909
Somnath,2025-02-15,20,Saturday,1,0,0,Sunny,27.3,2909,6372,2282
Somnath,2025-02-15,21,Saturday,1,0,0,Sunny,25.3,2282,4348,1233
Somnath,2025-02-15,22,Saturday,1,0,0,Sunny,25.3,1233,2673,447
Somnath,2025-02-15,23,Saturday,1,0,0,Sunny,24.5,447,1296,185
Somnath,2025-02-16,0,Sunday,1,0,0,Clear,18.1,185,703,56
Somnath,2025-02-16,1,Sunday,1,0,0,Clear,18.5,56,338,35
Somnath,2025-02-16,2,Sunday,1,0,0,Clear,18.0,35,209,39
Somnath,2025-02-16,3,Sunday,1,0,0,Clear,18.0,39,245,105
Somnath,2025-02-16,4,Sunday,1,0,0,Clear,19.2,105,1039,689
Somnath,2025-02-16,5,Sunday,1,0,0,Clear,19.3,689,2763,1711
Somnath,2025-02-16,6,Sunday,1,0,0,Clear,20.6,1711,4842,2689
Somnath,2025-02-16,7,Sunday,1,0,0,Clear,21.0,2689,6896,3499
Somnath,2025-02-16,8,Sunday,1,0,0,Clear,23.5,3499,7931,3436
Somnath,2025-02-16,9,Sunday,1,0,0,Clear,24.0,3436,8673,4012
Somnath,2025-02-16,10,Sunday,1,0,0,Clear,26.1,4012,7710,2935
Somnath,2025-02-16,11,Sunday,1,0,0,Clear,27.2,2935,6669,2655
Somnath,2025-02-16,12,Sunday,1,0,0,Clear,28.1,2655,4441,1174
Somnath,2025-02-16,13,Sunday,1,0,0,Clear,29.3,1174,3627,1293
Somnath,2025-02-16,14,Sunday,1,0,0,Clear,28.3,1293,4395,2157
Somnath,2025-02-16,15,Sunday,1,0,0,Clear,27.7,2157,5681,2607
Somnath,2025-02-16,16,Sunday,1,0,0,Clear,27.7,2607,6164,2474
Somnath,2025-02-16,17,Sunday,1,0,0,Clear,27.9,2474,7882,3867
Somnath,2025-02-16,18,Sunday,1,0,0,Clear,25.8,3867,8718,3787
Somnath,2025-02-16,19,Sunday,1,0,0,Clear,25.4,3787,8465,3521
Somnath,2025-02-16,20,Sunday,1,0,0,Clear,24.0,3521,7271,2467
Somnath,2025-02-16,21,Sunday,1,0,0,Clear,22.7,2467,4904,1213
Somnath,2025-02-16,22,Sunday,1,0,0,Clear,20.3,1213,2909,492
Somnath,2025-02-16,23,Sunday,1,0,0,Clear,21.0,492,1522,159
Somnath,2025-02-17,0,Monday,0,0,0,Sunny,19.1,159,747,49
Somnath,2025-02-17,1,Monday,0,0,0,Sunny,18.0,49,368,33
Somnath,2025-02-17,2,Monday,0,0,0,Sunny,18.0,33,223,37
Somnath,2025-02-17,3,Monday,0,0,0,Sunny,18.2,37,218,83
Somnath,2025-02-17,4,Monday,0,0,0,Sunny,18.8,83,950,632
Somnath,2025-02-17,5,Monday,0,0,0,Sunny,20.3,632,2137,1263
Somnath,2025-02-17,6,Monday,0,0,0,Sunny,19.8,1263,3978,2264
Somnath,2025-02-17,7,Monday,0,0,0,Sunny,21.5,2264,5066,2497
Somnath,2025-02-17,8,Monday,0,0,0,Sunny,24.5,2497,7245,3516
Somnath,2025-02-17,9,Monday,0,0,0,Sunny,23.8,3516,6689,2696
Somnath,2025-02-17,10,Monday,0,0,0,Sunny,25.4,2696,5938,2031
Somnath,2025-02-17,11,Monday,0,0,0,Sunny,26.7,2031,5612,2118
Somnath,2025-02-17,12,Monday,0,0,0,Sunny,29.1,2118,4149,1085
Somnath,2025-02-17,13,Monday,0,0,0,Sunny,29.0,1085,3323,1009
Somnath,2025-02-17,14,Monday,0,0,0,Sunny,28.7,1009,3243,1340
Somnath,2025-02-17,15,Monday,0,0,0,Sunny,27.9,1340,4536,2279
Somnath,2025-02-17,16,Monday,0,0,0,Sunny,28.2,2279,4845,2136
Somnath,2025-02-17,17,Monday,0,0,0,Sunny,27.6,2136,5483,2480
Somnath,2025-02-17,18,Monday,0,0,0,Sunny,25.9,2480,6768,3202
Somnath,2025-02-17,19,Monday,0,0,0,Sunny,24.8,3202,6960,2817
Somnath,2025-02-17,20,Monday,0,0,0,Sunny,22.6,2817,5856,1879
Somnath,2025-02-17,21,Monday,0,0,0,Sunny,22.4,1879,3980,962
Somnath,2025-02-17,22,Monday,0,0,0,Sunny,19.4,962,2621,489
Somnath,2025-02-17,23,Monday,0,0,0,Sunny,18.9,489,1423,147
Somnath,2025-02-18,0,Tuesday,0,0,0,Clear,21.2,147,675,31
Somnath,2025-02-18,1,Tuesday,0,0,0,Clear,20.8,31,339,23
Somnath,2025-02-18,2,Tuesday,0,0,0,Clear,20.0,23,183,23
Somnath,2025-02-18,3,Tuesday,0,0,0,Clear,20.6,23,152,52
Somnath,2025-02-18,4,Tuesday,0,0,0,Clear,20.3,52,585,385
Somnath,2025-02-18,5,Tuesday,0,0,0,Clear,21.0,385,1419,854
Somnath,2025-02-18,6,Tuesday,0,0,0,Clear,23.3,854,2562,1415
Somnath,2025-02-18,7,Tuesday,0,0,0,Clear,24.4,1415,3778,1980
Somnath,2025-02-18,8,Tuesday,0,0,0,Clear,25.5,1980,4582,2134
Somnath,2025-02-18,9,Tuesday,0,0,0,Clear,25.5,2134,4797,1857
Somnath,2025-02-18,10,Tuesday,0,0,0,Clear,27.8,1857,4111,1416
Somnath,2025-02-18,11,Tuesday,0,0,0,Clear,29.3,1416,3711,1465
Somnath,2025-02-18,12,Tuesday,0,0,0,Clear,30.4,1465,2938,948
Somnath,2025-02-18,13,Tuesday,0,0,0,Clear,30.7,948,2560,874
Somnath,2025-02-18,14,Tuesday,0,0,0,Clear,30.0,874,2546,1035
Somnath,2025-02-18,15,Tuesday,0,0,0,Clear,30.5,1035,2791,1225
Somnath,2025-02-18,16,Tuesday,0,0,0,Clear,30.7,1225,3325,1585
Somnath,2025-02-18,17,Tuesday,0,0,0,Clear,28.9,1585,4329,2030
Somnath,2025-02-18,18,Tuesday,0,0,0,Clear,28.4,2030,4815,1944
Somnath,2025-02-18,19,Tuesday,0,0,0,Clear,26.9,1944,4930,2059
Somnath,2025-02-18,20,Tuesday,0,0,0,Clear,25.7,2059,4331,1465
Somnath,2025-02-18,21,Tuesday,0,0,0,Clear,24.7,1465,3077,858
Somnath,2025-02-18,22,Tuesday,0,0,0,Clear,22.5,858,1915,345
Somnath,2025-02-18,23,Tuesday,0,0,0,Clear,21.6,345,1093,125
Somnath,2025-02-19,0,Wednesday,0,0,0,Clear,20.6,125,526,35
Somnath,2025-02-19,1,Wednesday,0,0,0,Clear,21.0,35,270,24
Somnath,2025-02-19,2,Wednesday,0,0,0,Clear,19.1,24,149,19
Somnath,2025-02-19,3,Wednesday,0,0,0,Clear,18.9,19,153,64
Somnath,2025-02-19,4,Wednesday,0,0,0,Clear,22.6,64,772,521
Somnath,2025-02-19,5,Wednesday,0,0,0,Clear,21.5,521,1664,953
Somnath,2025-02-19,6,Wednesday,0,0,0,Clear,21.6,953,2385,1229
Somnath,2025-02-19,7,Wednesday,0,0,0,Clear,24.2,1229,3878,2035
Somnath,2025-02-19,8,Wednesday,0,0,0,Clear,24.5,2035,3953,1580
Somnath,2025-02-19,9,Wednesday,0,0,0,Clear,26.1,1580,3764,1461
Somnath,2025-02-19,10,Wednesday,0,0,0,Clear,28.3,1461,3756,1556
Somnath,2025-02-19,11,Wednesday,0,0,0,Clear,28.9,1556,3252,1241
Somnath,2025-02-19,12,Wednesday,0,0,0,Clear,29.4,1241,2784,961
Somnath,2025-02-19,13,Wednesday,0,0,0,Clear,30.4,961,2188,701
Somnath,2025-02-19,14,Wednesday,0,0,0,Clear,29.2,701,2378,980
Somnath,2025-02-19,15,Wednesday,0,0,0,Clear,29.4,980,2650,1157
Somnath,2025-02-19,16,Wednesday,0,0,0,Clear,30.5,1157,3244,1550
Somnath,2025-02-19,17,Wednesday,0,0,0,Clear,27.8,1550,4384,2056
Somnath,2025-02-19,18,Wednesday,0,0,0,Clear,28.0,2056,4966,2194
Somnath,2025-02-19,19,Wednesday,0,0,0,Clear,26.6,2194,4537,1637
Somnath,2025-02-19,20,Wednesday,0,0,0,Clear,25.4,1637,3773,1356
Somnath,2025-02-19,21,Wednesday,0,0,0,Clear,24.7,1356,2805,855
Somnath,2025-02-19,22,Wednesday,0,0,0,Clear,23.2,855,1644,319
Somnath,2025-02-19,23,Wednesday,0,0,0,Clear,21.1,319,880,91
Somnath,2025-02-20,0,Thursday,0,0,0,Clear,20.6,91,440,35
Somnath,2025-02-20,1,Thursday,0,0,0,Clear,21.1,35,215,21
Somnath,2025-02-20,2,Thursday,0,0,0,Clear,21.4,21,128,22
Somnath,2025-02-20,3,Thursday,0,0,0,Clear,20.8,22,142,60
Somnath,2025-02-20,4,Thursday,0,0,0,Clear,22.2,60,594,392
Somnath,2025-02-20,5,Thursday,0,0,0,Clear,22.5,392,1455,883
Somnath,2025-02-20,6,Thursday,0,0,0,Clear,23.7,883,2821,1629
Somnath,2025-02-20,7,Thursday,0,0,0,Clear,24.4,1629,3452,1692
Somnath,2025-02-20,8,Thursday,0,0,0,Clear,25.7,1692,4478,2218
Somnath,2025-02-20,9,Thursday,0,0,0,Clear,28.1,2218,4447,1948
Somnath,2025-02-20,10,Thursday,0,0,0,Clear,29.4,1948,4352,1815
Somnath,2025-02-20,11,Thursday,0,0,0,Clear,30.4,1815,3615,1220
Somnath,2025-02-20,12,Thursday,0,0,0,Clear,30.2,1220,2620,759
Somnath,2025-02-20,13,Thursday,0,0,0,Clear,31.4,759,2169,785
Somnath,2025-02-20,14,Thursday,0,0,0,Clear,31.4,785,2367,1032
Somnath,2025-02-20,15,Thursday,0,0,0,Clear,31.6,1032,2739,1194
Somnath,2025-02-20,16,Thursday,0,0,0,Clear,30.2,1194,3746,1808
Somnath,2025-02-20,17,Thursday,0,0,0,Clear,30.4,1808,4430,2066
Somnath,2025-02-20,18,Thursday,0,0,0,Clear,29.6,2066,4506,1933
Somnath,2025-02-20,19,Thursday,0,0,0,Clear,27.5,1933,5013,2183
Somnath,2025-02-20,20,Thursday,0,0,0,Clear,25.8,2183,4023,1360
Somnath,2025-02-20,21,Thursday,0,0,0,Clear,24.6,1360,2936,926
Somnath,2025-02-20,22,Thursday,0,0,0,Clear,24.7,926,1920,390
Somnath,2025-02-20,23,Thursday,0,0,0,Clear,22.4,390,959,116
Somnath,2025-02-21,0,Friday,0,0,0,Cloudy,20.9,116,471,35
Somnath,2025-02-21,1,Friday,0,0,0,Cloudy,19.5,35,248,22
Somnath,2025-02-21,2,Friday,0,0,0,Cloudy,18.9,22,144,26
Somnath,2025-02-21,3,Friday,0,0,0,Cloudy,19.1,26,153,66
Somnath,2025-02-21,4,Friday,0,0,0,Cloudy,19.9,66,644,425
Somnath,2025-02-21,5,Friday,0,0,0,Cloudy,21.9,425,1668,1010
Somnath,2025-02-21,6,Friday,0,0,0,Cloudy,21.2,1010,3170,1823
Somnath,2025-02-21,7,Friday,0,0,0,Cloudy,22.4,1823,4294,2061
Somnath,2025-02-21,8,Friday,0,0,0,Cloudy,25.2,2061,5190,2523
Somnath,2025-02-21,9,Friday,0,0,0,Cloudy,25.9,2523,5416,2267
Somnath,2025-02-21,10,Friday,0,0,0,Cloudy,26.1,2267,4680,1667
Somnath,2025-02-21,11,Friday,0,0,0,Cloudy,28.7,1667,3670,1171
Somnath,2025-02-21,12,Friday,0,0,0,Cloudy,29.3,1171,3294,1174
Somnath,2025-02-21,13,Friday,0,0,0,Cloudy,30.0,1174,2478,842
Somnath,2025-02-21,14,Friday,0,0,0,Cloudy,29.6,842,2839,1270
Somnath,2025-02-21,15,Friday,0,0,0,Cloudy,30.0,1270,3373,1534
Somnath,2025-02-21,16,Friday,0,0,0,Cloudy,28.8,1534,4029,1891
Somnath,2025-02-21,17,Friday,0,0,0,Cloudy,29.5,1891,5460,2796
Somnath,2025-02-21,18,Friday,0,0,0,Cloudy,27.6,2796,5476,2365
Somnath,2025-02-21,19,Friday,0,0,0,Cloudy,26.1,2365,5591,2393
Somnath,2025-02-21,20,Friday,0,0,0,Cloudy,23.7,2393,4627,1572
Somnath,2025-02-21,21,Friday,0,0,0,Cloudy,23.6,1572,3479,1039
Somnath,2025-02-21,22,Friday,0,0,0,Cloudy,23.1,1039,2089,408
Somnath,2025-02-21,23,Friday,0,0,0,Cloudy,19.9,408,1097,128
Somnath,2025-02-22,0,Saturday,1,0,0,Clear,19.4,128,547,61
Somnath,2025-02-22,1,Saturday,1,0,0,Clear,18.4,61,322,42
Somnath,2025-02-22,2,Saturday,1,0,0,Clear,18.6,42,202,42
Somnath,2025-02-22,3,Saturday,1,0,0,Clear,18.5,42,236,112
Somnath,2025-02-22,4,Saturday,1,0,0,Clear,18.6,112,936,613
Somnath,2025-02-22,5,Saturday,1,0,0,Clear,20.4,613,2180,1340
Somnath,2025-02-22,6,Saturday,1,0,0,Clear,20.5,1340,4912,2892
Somnath,2025-02-22,7,Saturday,1,0,0,Clear,22.3,2892,6330,3156
Somnath,2025-02-22,8,Saturday,1,0,0,Clear,23.7,3156,7498,3214
Somnath,2025-02-22,9,Saturday,1,0,0,Clear,25.1,3214,7260,2955
Somnath,2025-02-22,10,Saturday,1,0,0,Clear,25.9,2955,6976,2612
Somnath,2025-02-22,11,Saturday,1,0,0,Clear,27.2,2612,6166,2022
Somnath,2025-02-22,12,Saturday,1,0,0,Clear,27.9,2022,4964,1684
Somnath,2025-02-22,13,Saturday,1,0,0,Clear,28.6,1684,3906,1395
Somnath,2025-02-22,14,Saturday,1,0,0,Clear,29.8,1395,4295,1905
Somnath,2025-02-22,15,Saturday,1,0,0,Clear,27.8,1905,4914,2202
Somnath,2025-02-22,16,Saturday,1,0,0,Clear,28.1,2202,6113,2849
Somnath,2025-02-22,17,Saturday,1,0,0,Clear,27.9,2849,7601,3700
Somnath,2025-02-22,18,Saturday,1,0,0,Clear,26.8,3700,10114,4559
Somnath,2025-02-22,19,Saturday,1,0,0,Clear,24.0,4559,8348,3163
Somnath,2025-02-22,20,Saturday,1,0,0,Clear,23.7,3163,7030,2157
Somnath,2025-02-22,21,Saturday,1,0,0,Clear,21.5,2157,4570,1097
Somnath,2025-02-22,22,Saturday,1,0,0,Clear,19.5,1097,2695,630
Somnath,2025-02-22,23,Saturday,1,0,0,Clear,19.7,630,1396,150
Somnath,2025-02-23,0,Sunday,1,0,0,Rainy,19.5,150,665,47
Somnath,2025-02-23,1,Sunday,1,0,0,Rainy,18.0,47,347,30
Somnath,2025-02-23,2,Sunday,1,0,0,Rainy,18.0,30,178,32
Somnath,2025-02-23,3,Sunday,1,0,0,Rainy,18.0,32,177,70
Somnath,2025-02-23,4,Sunday,1,0,0,Rainy,18.6,70,668,439
Somnath,2025-02-23,5,Sunday,1,0,0,Rainy,19.5,439,1781,1103
Somnath,2025-02-23,6,Sunday,1,0,0,Rainy,20.2,1103,3722,2179
Somnath,2025-02-23,7,Sunday,1,0,0,Rainy,21.7,2179,5977,3275
Somnath,2025-02-23,8,Sunday,1,0,0,Rainy,22.0,3275,6673,3018
Somnath,2025-02-23,9,Sunday,1,0,0,Rainy,24.3,3018,5976,2231
Somnath,2025-02-23,10,Sunday,1,0,0,Rainy,26.7,2231,5895,2289
Somnath,2025-02-23,11,Sunday,1,0,0,Rainy,26.0,2289,4284,1487
Somnath,2025-02-23,12,Sunday,1,0,0,Rainy,27.2,1487,3777,1333
Somnath,2025-02-23,13,Sunday,1,0,0,Rainy,28.0,1333,3041,1037
Somnath,2025-02-23,14,Sunday,1,0,0,Rainy,28.5,1037,3184,1384
Somnath,2025-02-23,15,Sunday,1,0,0,Rainy,27.4,1384,4033,1777
Somnath,2025-02-23,16,Sunday,1,0,0,Rainy,27.6,1777,4883,2257
Somnath,2025-02-23,17,Sunday,1,0,0,Rainy,26.5,2257,5413,2365
Somnath,2025-02-23,18,Sunday,1,0,0,Rainy,26.6,2365,6679,3056
Somnath,2025-02-23,19,Sunday,1,0,0,Rainy,24.3,3056,6558,2600
Somnath,2025-02-23,20,Sunday,1,0,0,Rainy,22.5,2600,5304,1851
Somnath,2025-02-23,21,Sunday,1,0,0,Rainy,21.4,1851,3857,1063
Somnath,2025-02-23,22,Sunday,1,0,0,Rainy,19.8,1063,2468,506
Somnath,2025-02-23,23,Sunday,1,0,0,Rainy,19.0,506,1269,123
Somnath,2025-02-24,0,Monday,0,0,0,Sunny,18.6,123,611,38
Somnath,2025-02-24,1,Monday,0,0,0,Sunny,18.1,38,313,35
Somnath,2025-02-24,2,Monday,0,0,0,Sunny,19.1,35,185,26
Somnath,2025-02-24,3,Monday,0,0,0,Sunny,18.2,26,205,90
Somnath,2025-02-24,4,Monday,0,0,0,Sunny,19.5,90,818,541
Somnath,2025-02-24,5,Monday,0,0,0,Sunny,20.5,541,1991,1199
Somnath,2025-02-24,6,Monday,0,0,0,Sunny,21.5,1199,3531,1932
Somnath,2025-02-24,7,Monday,0,0,0,Sunny,21.7,1932,5255,2711
Somnath,2025-02-24,8,Monday,0,0,0,Sunny,22.5,2711,6210,2730
Somnath,2025-02-24,9,Monday,0,0,0,Sunny,25.3,2730,6410,2653
Somnath,2025-02-24,10,Monday,0,0,0,Sunny,25.8,2653,6459,2669
Somnath,2025-02-24,11,Monday,0,0,0,Sunny,27.2,2669,5680,2138
Somnath,2025-02-24,12,Monday,0,0,0,Sunny,28.8,2138,4221,1079
Somnath,2025-02-24,13,Monday,0,0,0,Sunny,28.2,1079,3206,1101
Somnath,2025-02-24,14,Monday,0,0,0,Sunny,28.3,1101,3039,1215
Somnath,2025-02-24,15,Monday,0,0,0,Sunny,28.4,1215,4080,1999
Somnath,2025-02-24,16,Monday,0,0,0,Sunny,28.1,1999,4536,2060
Somnath,2025-02-24,17,Monday,0,0,0,Sunny,28.2,2060,5815,2670
Somnath,2025-02-24,18,Monday,0,0,0,Sunny,25.8,2670,7023,3160
Somnath,2025-02-24,19,Monday,0,0,0,Sunny,25.5,3160,6552,2558
Somnath,2025-02-24,20,Monday,0,0,0,Sunny,23.3,2558,5812,2024
Somnath,2025-02-24,21,Monday,0,0,0,Sunny,22.0,2024,4478,1221
Somnath,2025-02-24,22,Monday,0,0,0,Sunny,21.0,1221,2544,505
Somnath,2025-02-24,23,Monday,0,0,0,Sunny,18.1,505,1369,170
Somnath,2025-02-25,0,Tuesday,0,0,0,Sunny,19.2,170,670,38
Somnath,2025-02-25,1,Tuesday,0,0,0,Sunny,18.2,38,332,25
Somnath,2025-02-25,2,Tuesday,0,0,0,Sunny,18.8,25,173,21
Somnath,2025-02-25,3,Tuesday,0,0,0,Sunny,18.7,21,154,55
Somnath,2025-02-25,4,Tuesday,0,0,0,Sunny,19.0,55,486,310
Somnath,2025-02-25,5,Tuesday,0,0,0,Sunny,20.5,310,1295,799
Somnath,2025-02-25,6,Tuesday,0,0,0,Sunny,21.7,799,2385,1368
Somnath,2025-02-25,7,Tuesday,0,0,0,Sunny,22.3,1368,3412,1771
Somnath,2025-02-25,8,Tuesday,0,0,0,Sunny,23.6,1771,4459,2166
Somnath,2025-02-25,9,Tuesday,0,0,0,Sunny,25.3,2166,5029,2264
Somnath,2025-02-25,10,Tuesday,0,0,0,Sunny,26.5,2264,4130,1454
Somnath,2025-02-25,11,Tuesday,0,0,0,Sunny,27.1,1454,3511,1199
Somnath,2025-02-25,12,Tuesday,0,0,0,Sunny,29.7,1199,2641,810
Somnath,2025-02-25,13,Tuesday,0,0,0,Sunny,28.8,810,2298,810
Somnath,2025-02-25,14,Tuesday,0,0,0,Sunny,29.8,810,1857,701
Somnath,2025-02-25,15,Tuesday,0,0,0,Sunny,28.5,701,2640,1385
Somnath,2025-02-25,16,Tuesday,0,0,0,Sunny,26.5,1385,3516,1714
Somnath,2025-02-25,17,Tuesday,0,0,0,Sunny,26.8,1714,3890,1766
Somnath,2025-02-25,18,Tuesday,0,0,0,Sunny,26.4,1766,4490,1997
Somnath,2025-02-25,19,Tuesday,0,0,0,Sunny,23.4,1997,4059,1594
Somnath,2025-02-25,20,Tuesday,0,0,0,Sunny,23.6,1594,3576,1242
Somnath,2025-02-25,21,Tuesday,0,0,0,Sunny,21.3,1242,2703,777
Somnath,2025-02-25,22,Tuesday,0,0,0,Sunny,22.2,777,1659,313
Somnath,2025-02-25,23,Tuesday,0,0,0,Sunny,19.0,313,890,83
Somnath,2025-02-26,0,Wednesday,0,1,1,Clear,27.2,83,523,87
Somnath,2025-02-26,1,Wednesday,0,1,1,Clear,25.8,87,308,54
Somnath,2025-02-26,2,Wednesday,0,1,1,Clear,25.6,54,220,62
Somnath,2025-02-26,3,Wednesday,0,1,1,Clear,26.0,62,285,139
Somnath,2025-02-26,4,Wednesday,0,1,1,Clear,28.1,139,1310,870
Somnath,2025-02-26,5,Wednesday,0,1,1,Clear,27.8,870,2840,1701
Somnath,2025-02-26,6,Wednesday,0,1,1,Clear,29.3,1701,7008,4241
Somnath,2025-02-26,7,Wednesday,0,1,1,Clear,30.7,4241,9383,4742
Somnath,2025-02-26,8,Wednesday,0,1,1,Clear,31.9,4742,11452,5474
Somnath,2025-02-26,9,Wednesday,0,1,1,Clear,33.0,5474,11163,4506
Somnath,2025-02-26,10,Wednesday,0,1,1,Clear,34.9,4506,9651,3779
Somnath,2025-02-26,11,Wednesday,0,1,1,Clear,35.2,3779,7900,2485
Somnath,2025-02-26,12,Wednesday,0,1,1,Clear,36.3,2485,5916,1762
Somnath,2025-02-26,13,Wednesday,0,1,1,Clear,35.7,1762,4576,1513
Somnath,2025-02-26,14,Wednesday,0,1,1,Clear,37.0,1513,4981,2142
Somnath,2025-02-26,15,Wednesday,0,1,1,Clear,36.9,2142,6214,2862
Somnath,2025-02-26,16,Wednesday,0,1,1,Clear,35.9,2862,7998,3838
Somnath,2025-02-26,17,Wednesday,0,1,1,Clear,35.1,3838,10312,5030
Somnath,2025-02-26,18,Wednesday,0,1,1,Clear,33.5,5030,10118,4155
Somnath,2025-02-26,19,Wednesday,0,1,1,Clear,32.5,4155,9419,3583
Somnath,2025-02-26,20,Wednesday,0,1,1,Clear,31.2,3583,7893,2448
Somnath,2025-02-26,21,Wednesday,0,1,1,Clear,30.0,2448,5082,1344
Somnath,2025-02-26,22,Wednesday,0,1,1,Clear,28.8,1344,3102,700
Somnath,2025-02-26,23,Wednesday,0,1,1,Clear,27.5,700,1775,261
Somnath,2025-02-27,0,Thursday,0,0,0,Cloudy,21.0,261,858,39
Somnath,2025-02-27,1,Thursday,0,0,0,Cloudy,21.0,39,415,23
Somnath,2025-02-27,2,Thursday,0,0,0,Cloudy,21.7,23,207,20
Somnath,2025-02-27,3,Thursday,0,0,0,Cloudy,21.8,20,169,53
Somnath,2025-02-27,4,Thursday,0,0,0,Cloudy,22.7,53,588,377
Somnath,2025-02-27,5,Thursday,0,0,0,Cloudy,21.8,377,1519,927
Somnath,2025-02-27,6,Thursday,0,0,0,Cloudy,23.9,927,2530,1410
Somnath,2025-02-27,7,Thursday,0,0,0,Cloudy,25.2,1410,3143,1498
Somnath,2025-02-27,8,Thursday,0,0,0,Cloudy,26.8,1498,4437,2137
Somnath,2025-02-27,9,Thursday,0,0,0,Cloudy,28.2,2137,4324,1722
Somnath,2025-02-27,10,Thursday,0,0,0,Cloudy,28.8,1722,3619,1307
Somnath,2025-02-27,11,Thursday,0,0,0,Cloudy,29.6,1307,3005,1017
Somnath,2025-02-27,12,Thursday,0,0,0,Cloudy,30.6,1017,2377,739
Somnath,2025-02-27,13,Thursday,0,0,0,Cloudy,31.7,739,2149,812
Somnath,2025-02-27,14,Thursday,0,0,0,Rainy,31.8,812,2115,813
Somnath,2025-02-27,15,Thursday,0,0,0,Cloudy,31.6,813,2612,1156
Somnath,2025-02-27,16,Thursday,0,0,0,Cloudy,30.5,1156,3386,1643
Somnath,2025-02-27,17,Thursday,0,0,0,Rainy,29.5,1643,3415,1393
Somnath,2025-02-27,18,Thursday,0,0,0,Cloudy,29.5,1393,4566,2379
Somnath,2025-02-27,19,Thursday,0,0,0,Cloudy,28.8,2379,4501,1871
Somnath,2025-02-27,20,Thursday,0,0,0,Cloudy,26.3,1871,3826,1384
Somnath,2025-02-27,21,Thursday,0,0,0,Cloudy,25.0,1384,2679,735
Somnath,2025-02-27,22,Thursday,0,0,0,Cloudy,23.2,735,1599,285
Somnath,2025-02-27,23,Thursday,0,0,0,Cloudy,22.9,285,911,120
Somnath,2025-02-28,0,Friday,0,0,0,Clear,25.6,120,439,35
Somnath,2025-02-28,1,Friday,0,0,0,Clear,24.0,35,249,31
Somnath,2025-02-28,2,Friday,0,0,0,Clear,24.7,31,149,31
Somnath,2025-02-28,3,Friday,0,0,0,Clear,24.8,31,162,68
Somnath,2025-02-28,4,Friday,0,0,0,Clear,25.0,68,697,461
Somnath,2025-02-28,5,Friday,0,0,0,Clear,26.4,461,1602,955
Somnath,2025-02-28,6,Friday,0,0,0,Clear,26.4,955,2591,1380
Somnath,2025-02-28,7,Friday,0,0,0,Clear,28.6,1380,4321,2421
Somnath,2025-02-28,8,Friday,0,0,0,Clear,29.4,2421,4718,1956
Somnath,2025-02-28,9,Friday,0,0,0,Clear,30.3,1956,5797,2647
Somnath,2025-02-28,10,Friday,0,0,0,Clear,31.7,2647,4930,1686
Somnath,2025-02-28,11,Friday,0,0,0,Clear,32.8,1686,4334,1607
Somnath,2025-02-28,12,Friday,0,0,0,Clear,33.1,1607,3113,845
Somnath,2025-02-28,13,Friday,0,0,0,Clear,34.4,845,2670,904
Somnath,2025-02-28,14,Friday,0,0,0,Clear,35.6,904,2713,1135
Somnath,2025-02-28,15,Friday,0,0,0,Clear,35.0,1135,2976,1290
Somnath,2025-02-28,16,Friday,0,0,0,Clear,34.5,1290,4140,2171
Somnath,2025-02-28,17,Friday,0,0,0,Clear,32.9,2171,4891,2236
Somnath,2025-02-28,18,Friday,0,0,0,Clear,32.5,2236,6493,3220
Somnath,2025-02-28,19,Friday,0,0,0,Clear,30.7,3220,6387,2535
Somnath,2025-02-28,20,Friday,0,0,0,Clear,30.4,2535,5022,1714
Somnath,2025-02-28,21,Friday,0,0,0,Clear,27.5,1714,3417,802
Somnath,2025-02-28,22,Friday,0,0,0,Clear,27.7,802,2300,517
Somnath,2025-02-28,23,Friday,0,0,0,Clear,26.6,517,1149,129
Somnath,2025-03-01,0,Saturday,1,0,0,Clear,20.1,129,602,61
Somnath,2025-03-01,1,Saturday,1,0,0,Clear,19.3,61,342,40
Somnath,2025-03-01,2,Saturday,1,0,0,Clear,19.7,40,216,41
Somnath,2025-03-01,3,Saturday,1,0,0,Clear,19.4,41,224,91
Somnath,2025-03-01,4,Saturday,1,0,0,Clear,18.8,91,1125,763
Somnath,2025-03-01,5,Saturday,1,0,0,Clear,20.6,763,2277,1301
Somnath,2025-03-01,6,Saturday,1,0,0,Clear,21.5,1301,3937,2141
Somnath,2025-03-01,7,Saturday,1,0,0,Clear,22.5,2141,6670,3628
Somnath,2025-03-01,8,Saturday,1,0,0,Clear,24.4,3628,7187,3166
Somnath,2025-03-01,9,Saturday,1,0,0,Clear,25.3,3166,8245,3511
Somnath,2025-03-01,10,Saturday,1,0,0,Clear,26.3,3511,7437,3059
Somnath,2025-03-01,11,Saturday,1,0,0,Clear,27.2,3059,5777,1968
Somnath,2025-03-01,12,Saturday,1,0,0,Clear,27.8,1968,4751,1614
Somnath,2025-03-01,13,Saturday,1,0,0,Clear,29.5,1614,4137,1460
Somnath,2025-03-01,14,Saturday,1,0,0,Clear,29.8,1460,3935,1618
Somnath,2025-03-01,15,Saturday,1,0,0,Clear,29.9,1618,4345,1968
Somnath,2025-03-01,16,Saturday,1,0,0,Clear,28.6,1968,5283,2495
Somnath,2025-03-01,17,Saturday,1,0,0,Clear,28.1,2495,7136,3604
Somnath,2025-03-01,18,Saturday,1,0,0,Clear,26.5,3604,9041,4259
Somnath,2025-03-01,19,Saturday,1,0,0,Clear,26.8,4259,9079,3539
Somnath,2025-03-01,20,Saturday,1,0,0,Clear,23.3,3539,7483,2525
Somnath,2025-03-01,21,Saturday,1,0,0,Clear,22.5,2525,5377,1371
Somnath,2025-03-01,22,Saturday,1,0,0,Clear,21.8,1371,3209,518
Somnath,2025-03-01,23,Saturday,1,0,0,Clear,20.1,518,1688,197
Somnath,2025-03-02,0,Sunday,1,0,0,Cloudy,21.3,197,788,72
Somnath,2025-03-02,1,Sunday,1,0,0,Cloudy,21.0,72,419,40
Somnath,2025-03-02,2,Sunday,1,0,0,Cloudy,21.1,40,244,38
Somnath,2025-03-02,3,Sunday,1,0,0,Cloudy,21.2,38,266,112
Somnath,2025-03-02,4,Sunday,1,0,0,Cloudy,22.4,112,918,592
Somnath,2025-03-02,5,Sunday,1,0,0,Cloudy,22.6,592,2127,1264
Somnath,2025-03-02,6,Sunday,1,0,0,Cloudy,23.5,1264,4654,2776
Somnath,2025-03-02,7,Sunday,1,0,0,Cloudy,26.1,2776,6035,2902
Somnath,2025-03-02,8,Sunday,1,0,0,Cloudy,26.9,2902,7265,3284
Somnath,2025-03-02,9,Sunday,1,0,0,Cloudy,27.1,3284,8311,3733
Somnath,2025-03-02,10,Sunday,1,0,0,Cloudy,28.7,3733,7357,2567
Somnath,2025-03-02,11,Sunday,1,0,0,Cloudy,29.8,2567,5971,1998
Somnath,2025-03-02,12,Sunday,1,0,0,Cloudy,30.3,1998,5165,1892
Somnath,2025-03-02,13,Sunday,1,0,0,Cloudy,32.0,1892,4051,1364
Somnath,2025-03-02,14,Sunday,1,0,0,Cloudy,31.7,1364,4381,1775
Somnath,2025-03-02,15,Sunday,1,0,0,Cloudy,31.2,1775,4537,1979
Somnath,2025-03-02,16,Sunday,1,0,0,Cloudy,30.6,1979,5866,2822
Somnath,2025-03-02,17,Sunday,1,0,0,Cloudy,30.2,2822,7277,3309
Somnath,2025-03-02,18,Sunday,1,0,0,Cloudy,29.3,3309,9096,4338
Somnath,2025-03-02,19,Sunday,1,0,0,Cloudy,28.4,4338,9358,3701
Somnath,2025-03-02,20,Sunday,1,0,0,Cloudy,25.8,3701,7126,2213
Somnath,2025-03-02,21,Sunday,1,0,0,Cloudy,25.4,2213,5023,1445
Somnath,2025-03-02,22,Sunday,1,0,0,Cloudy,23.9,1445,3027,447
Somnath,2025-03-02,23,Sunday,1,0,0,Cloudy,22.4,447,1599,191
Somnath,2025-03-03,0,Monday,0,0,0,Clear,23.1,191,768,48
Somnath,2025-03-03,1,Monday,0,0,0,Clear,23.6,48,398,29
Somnath,2025-03-03,2,Monday,0,0,0,Clear,22.6,29,224,38
Somnath,2025-03-03,3,Monday,0,0,0,Clear,22.2,38,227,92
Somnath,2025-03-03,4,Monday,0,0,0,Clear,22.2,92,821,531
Somnath,2025-03-03,5,Monday,0,0,0,Clear,24.5,531,1828,1120
Somnath,2025-03-03,6,Monday,0,0,0,Clear,25.4,1120,3290,1889
Somnath,2025-03-03,7,Monday,0,0,0,Clear,24.6,1889,5590,3037
Somnath,2025-03-03,8,Monday,0,0,0,Clear,27.5,3037,7376,3541
Somnath,2025-03-03,9,Monday,0,0,0,Clear,30.0,3541,6367,2262
Somnath,2025-03-03,10,Monday,0,0,0,Clear,29.3,2262,5808,2206
Somnath,2025-03-03,11,Monday,0,0,0,Clear,31.8,2206,5224,1873
Somnath,2025-03-03,12,Monday,0,0,0,Clear,32.6,1873,4579,1678
Somnath,2025-03-03,13,Monday,0,0,0,Clear,32.2,1678,3555,1168
Somnath,2025-03-03,14,Monday,0,0,0,Clear,33.8,1168,3351,1331
Somnath,2025-03-03,15,Monday,0,0,0,Clear,32.5,1331,4118,1942
Somnath,2025-03-03,16,Monday,0,0,0,Clear,31.8,1942,5647,2869
Somnath,2025-03-03,17,Monday,0,0,0,Clear,31.4,2869,6590,3153
Somnath,2025-03-03,18,Monday,0,0,0,Clear,30.6,3153,6845,2783
Somnath,2025-03-03,19,Monday,0,0,0,Clear,28.4,2783,7054,2817
Somnath,2025-03-03,20,Monday,0,0,0,Clear,28.2,2817,5843,2004
Somnath,2025-03-03,21,Monday,0,0,0,Clear,26.0,2004,4364,1353
Somnath,2025-03-03,22,Monday,0,0,0,Clear,24.4,1353,2596,526
Somnath,2025-03-03,23,Monday,0,0,0,Clear,23.4,526,1324,136
Somnath,2025-03-04,0,Tuesday,0,0,0,Clear,26.3,136,670,34
Somnath,2025-03-04,1,Tuesday,0,0,0,Clear,26.2,34,328,22
Somnath,2025-03-04,2,Tuesday,0,0,0,Clear,26.0,22,184,26
Somnath,2025-03-04,3,Tuesday,0,0,0,Clear,25.6,26,143,49
Somnath,2025-03-04,4,Tuesday,0,0,0,Clear,26.8,49,625,414
Somnath,2025-03-04,5,Tuesday,0,0,0,Clear,27.1,414,1597,980
Somnath,2025-03-04,6,Tuesday,0,0,0,Clear,28.9,980,2699,1483
Somnath,2025-03-04,7,Tuesday,0,0,0,Clear,29.9,1483,3897,1971
Somnath,2025-03-04,8,Tuesday,0,0,0,Clear,31.0,1971,4708,2033
Somnath,2025-03-04,9,Tuesday,0,0,0,Clear,33.0,2033,4813,1987
Somnath,2025-03-04,10,Tuesday,0,0,0,Clear,34.1,1987,4389,1645
Somnath,2025-03-04,11,Tuesday,0,0,0,Clear,34.4,1645,3359,1257
Somnath,2025-03-04,12,Tuesday,0,0,0,Clear,35.6,1257,2756,833
Somnath,2025-03-04,13,Tuesday,0,0,0,Clear,36.0,833,2142,670
Somnath,2025-03-04,14,Tuesday,0,0,0,Clear,35.5,670,2318,993
Somnath,2025-03-04,15,Tuesday,0,0,0,Clear,36.6,993,2535,1104
Somnath,2025-03-04,16,Tuesday,0,0,0,Clear,34.6,1104,3521,1741
Somnath,2025-03-04,17,Tuesday,0,0,0,Clear,34.9,1741,4301,1988
Somnath,2025-03-04,18,Tuesday,0,0,0,Clear,34.5,1988,4757,2080
Somnath,2025-03-04,19,Tuesday,0,0,0,Clear,31.6,2080,4300,1592
Somnath,2025-03-04,20,Tuesday,0,0,0,Clear,31.6,1592,3647,1285
Somnath,2025-03-04,21,Tuesday,0,0,0,Clear,29.3,1285,2644,725
Somnath,2025-03-04,22,Tuesday,0,0,0,Clear,27.4,725,1671,386
Somnath,2025-03-04,23,Tuesday,0,0,0,Clear,27.6,386,905,95
Somnath,2025-03-05,0,Wednesday,0,0,0,Sunny,25.7,95,430,35
Somnath,2025-03-05,1,Wednesday,0,0,0,Sunny,25.6,35,236,26
Somnath,2025-03-05,2,Wednesday,0,0,0,Sunny,25.6,26,137,20
Somnath,2025-03-05,3,Wednesday,0,0,0,Sunny,25.8,20,122,43
Somnath,2025-03-05,4,Wednesday,0,0,0,Sunny,26.3,43,667,456
Somnath,2025-03-05,5,Wednesday,0,0,0,Sunny,25.2,456,1486,875
Somnath,2025-03-05,6,Wednesday,0,0,0,Sunny,27.2,875,2589,1354
Somnath,2025-03-05,7,Wednesday,0,0,0,Sunny,29.3,1354,3953,2093
Somnath,2025-03-05,8,Wednesday,0,0,0,Sunny,29.6,2093,4516,2045
Somnath,2025-03-05,9,Wednesday,0,0,0,Sunny,32.0,2045,4538,1836
Somnath,2025-03-05,10,Wednesday,0,0,0,Sunny,33.4,1836,3924,1357
Somnath,2025-03-05,11,Wednesday,0,0,0,Sunny,33.4,1357,3200,1014
Somnath,2025-03-05,12,Wednesday,0,0,0,Sunny,35.7,1014,2549,896
Somnath,2025-03-05,13,Wednesday,0,0,0,Sunny,35.5,896,2088,765
Somnath,2025-03-05,14,Wednesday,0,0,0,Sunny,35.7,765,2407,1037
Somnath,2025-03-05,15,Wednesday,0,0,0,Sunny,35.7,1037,2814,1359
Somnath,2025-03-05,16,Wednesday,0,0,0,Sunny,35.8,1359,3291,1485
Somnath,2025-03-05,17,Wednesday,0,0,0,Sunny,34.4,1485,4628,2379
Somnath,2025-03-05,18,Wednesday,0,0,0,Sunny,33.9,2379,4938,2127
Somnath,2025-03-05,19,Wednesday,0,0,0,Sunny,32.1,2127,4422,1631
Somnath,2025-03-05,20,Wednesday,0,0,0,Sunny,30.8,1631,3879,1393
Somnath,2025-03-05,21,Wednesday,0,0,0,Sunny,30.0,1393,2845,882
Somnath,2025-03-05,22,Wednesday,0,0,0,Sunny,28.8,882,1713,293
Somnath,2025-03-05,23,Wednesday,0,0,0,Sunny,27.5,293,896,90
Somnath,2025-03-06,0,Thursday,0,0,0,Clear,21.8,90,431,33
Somnath,2025-03-06,1,Thursday,0,0,0,Clear,20.5,33,228,26
Somnath,2025-03-06,2,Thursday,0,0,0,Clear,21.0,26,125,25
Somnath,2025-03-06,3,Thursday,0,0,0,Clear,20.2,25,132,55
Somnath,2025-03-06,4,Thursday,0,0,0,Clear,19.4,55,816,559
Somnath,2025-03-06,5,Thursday,0,0,0,Clear,21.9,559,1782,1016
Somnath,2025-03-06,6,Thursday,0,0,0,Clear,23.5,1016,3209,1779
Somnath,2025-03-06,7,Thursday,0,0,0,Clear,24.1,1779,3933,1888
Somnath,2025-03-06,8,Thursday,0,0,0,Clear,25.1,1888,4261,1850
Somnath,2025-03-06,9,Thursday,0,0,0,Clear,25.9,1850,4594,1985
Somnath,2025-03-06,10,Thursday,0,0,0,Clear,28.3,1985,4472,1546
Somnath,2025-03-06,11,Thursday,0,0,0,Clear,30.1,1546,3609,1165
Somnath,2025-03-06,12,Thursday,0,0,0,Clear,29.7,1165,2640,833
Somnath,2025-03-06,13,Thursday,0,0,0,Clear,30.9,833,2270,759
Somnath,2025-03-06,14,Thursday,0,0,0,Clear,31.4,759,2570,1179
Somnath,2025-03-06,15,Thursday,0,0,0,Clear,30.9,1179,3014,1396
Somnath,2025-03-06,16,Thursday,0,0,0,Clear,29.6,1396,4165,2069
Somnath,2025-03-06,17,Thursday,0,0,0,Clear,29.7,2069,4349,1918
Somnath,2025-03-06,18,Thursday,0,0,0,Clear,27.8,1918,4903,2259
Somnath,2025-03-06,19,Thursday,0,0,0,Clear,26.9,2259,4156,1536
Somnath,2025-03-06,20,Thursday,0,0,0,Clear,26.0,1536,3882,1517
Somnath,2025-03-06,21,Thursday,0,0,0,Clear,23.6,1517,2697,728
Somnath,2025-03-06,22,Thursday,0,0,0,Clear,23.3,728,1715,394
Somnath,2025-03-06,23,Thursday,0,0,0,Clear,21.2,394,903,121
Somnath,2025-03-07,0,Friday,0,0,0,Clear,27.0,121,489,49
Somnath,2025-03-07,1,Friday,0,0,0,Clear,26.9,49,255,24
Somnath,2025-03-07,2,Friday,0,0,0,Clear,27.3,24,158,26
Somnath,2025-03-07,3,Friday,0,0,0,Clear,27.6,26,186,84
Somnath,2025-03-07,4,Friday,0,0,0,Clear,27.7,84,858,572
Somnath,2025-03-07,5,Friday,0,0,0,Clear,27.9,572,1715,981
Somnath,2025-03-07,6,Friday,0,0,0,Clear,28.5,981,3286,1831
Somnath,2025-03-07,7,Friday,0,0,0,Clear,29.2,1831,5369,2820
Somnath,2025-03-07,8,Friday,0,0,0,Clear,31.6,2820,6095,2725
Somnath,2025-03-07,9,Friday,0,0,0,Clear,34.0,2725,6009,2562
Somnath,2025-03-07,10,Friday,0,0,0,Clear,34.9,2562,5260,1885
Somnath,2025-03-07,11,Friday,0,0,0,Clear,35.1,1885,5132,1957
Somnath,2025-03-07,12,Friday,0,0,0,Clear,36.0,1957,3535,941
Somnath,2025-03-07,13,Friday,0,0,0,Clear,37.0,941,3032,994
Somnath,2025-03-07,14,Friday,0,0,0,Clear,37.0,994,3166,1318
Somnath,2025-03-07,15,Friday,0,0,0,Clear,36.1,1318,3502,1483
Somnath,2025-03-07,16,Friday,0,0,0,Clear,36.4,1483,4421,2126
Somnath,2025-03-07,17,Friday,0,0,0,Clear,35.0,2126,5325,2448
Somnath,2025-03-07,18,Friday,0,0,0,Clear,34.1,2448,5815,2616
Somnath,2025-03-07,19,Friday,0,0,0,Clear,33.9,2616,5684,2131
Somnath,2025-03-07,20,Friday,0,0,0,Clear,32.8,2131,4643,1640
Somnath,2025-03-07,21,Friday,0,0,0,Clear,29.3,1640,3039,810
Somnath,2025-03-07,22,Friday,0,0,0,Clear,30.1,810,1961,420
Somnath,2025-03-07,23,Friday,0,0,0,Clear,26.8,420,1084,120
Somnath,2025-03-08,0,Saturday,1,0,0,Clear,27.2,120,577,70
Somnath,2025-03-08,1,Saturday,1,0,0,Clear,26.4,70,343,39
Somnath,2025-03-08,2,Saturday,1,0,0,Clear,24.9,39,210,42
Somnath,2025-03-08,3,Saturday,1,0,0,Clear,26.7,42,214,89
Somnath,2025-03-08,4,Saturday,1,0,0,Clear,27.3,89,1418,976
Somnath,2025-03-08,5,Saturday,1,0,0,Clear,27.2,976,2472,1369
Somnath,2025-03-08,6,Saturday,1,0,0,Clear,27.7,1369,4516,2491
Somnath,2025-03-08,7,Saturday,1,0,0,Clear,29.3,2491,7079,3702
Somnath,2025-03-08,8,Saturday,1,0,0,Clear,31.0,3702,8154,3492
Somnath,2025-03-08,9,Saturday,1,0,0,Clear,33.2,3492,7907,3171
Somnath,2025-03-08,10,Saturday,1,0,0,Clear,34.1,3171,6596,2528
Somnath,2025-03-08,11,Saturday,1,0,0,Clear,36.3,2528,6065,2250
Somnath,2025-03-08,12,Saturday,1,0,0,Clear,35.9,2250,4602,1406
Somnath,2025-03-08,13,Saturday,1,0,0,Clear,35.5,1406,4327,1766
Somnath,2025-03-08,14,Saturday,1,0,0,Clear,36.0,1766,4162,1548
Somnath,2025-03-08,15,Saturday,1,0,0,Clear,36.5,1548,4449,1821
Somnath,2025-03-08,16,Saturday,1,0,0,Clear,36.4,1821,6083,2970
Somnath,2025-03-08,17,Saturday,1,0,0,Clear,36.5,2970,8708,4492
Somnath,2025-03-08,18,Saturday,1,0,0,Clear,35.0,4492,9308,3920
Somnath,2025-03-08,19,Saturday,1,0,0,Clear,31.7,3920,8082,3010
Somnath,2025-03-08,20,Saturday,1,0,0,Clear,31.9,3010,6797,2620
Somnath,2025-03-08,21,Saturday,1,0,0,Clear,30.0,2620,5106,1538
Somnath,2025-03-08,22,Saturday,1,0,0,Clear,29.2,1538,3148,601
Somnath,2025-03-08,23,Saturday,1,0,0,Clear,27.5,601,1561,166
Somnath,2025-03-09,0,Sunday,1,0,0,Clear,26.8,166,767,56
Somnath,2025-03-09,1,Sunday,1,0,0,Clear,27.0,56,373,38
Somnath,2025-03-09,2,Sunday,1,0,0,Clear,26.7,38,221,39
Somnath,2025-03-09,3,Sunday,1,0,0,Clear,27.4,39,235,99
Somnath,2025-03-09,4,Sunday,1,0,0,Clear,26.2,99,1020,675
Somnath,2025-03-09,5,Sunday,1,0,0,Clear,26.8,675,2515,1521
Somnath,2025-03-09,6,Sunday,1,0,0,Clear,28.9,1521,5237,3027
Somnath,2025-03-09,7,Sunday,1,0,0,Clear,31.0,3027,6406,2988
Somnath,2025-03-09,8,Sunday,1,0,0,Clear,31.5,2988,7370,3222
Somnath,2025-03-09,9,Sunday,1,0,0,Clear,34.2,3222,7801,3260
Somnath,2025-03-09,10,Sunday,1,0,0,Clear,34.1,3260,6627,2545
Somnath,2025-03-09,11,Sunday,1,0,0,Clear,34.8,2545,5838,1927
Somnath,2025-03-09,12,Sunday,1,0,0,Clear,35.9,1927,4796,1520
Somnath,2025-03-09,13,Sunday,1,0,0,Clear,35.9,1520,3872,1264
Somnath,2025-03-09,14,Sunday,1,0,0,Clear,37.0,1264,4176,1787
Somnath,2025-03-09,15,Sunday,1,0,0,Clear,36.6,1787,4983,2285
Somnath,2025-03-09,16,Sunday,1,0,0,Clear,35.4,2285,6019,2887
Somnath,2025-03-09,17,Sunday,1,0,0,Clear,35.2,2887,7594,3364
Somnath,2025-03-09,18,Sunday,1,0,0,Clear,34.1,3364,7798,3262
Somnath,2025-03-09,19,Sunday,1,0,0,Clear,33.1,3262,8634,3873
Somnath,2025-03-09,20,Sunday,1,0,0,Clear,30.5,3873,7155,2621
Somnath,2025-03-09,21,Sunday,1,0,0,Clear,29.8,2621,5023,1344
Somnath,2025-03-09,22,Sunday,1,0,0,Clear,29.3,1344,2968,547
Somnath,2025-03-09,23,Sunday,1,0,0,Clear,27.7,547,1615,202
Somnath,2025-03-10,0,Monday,0,0,0,Cloudy,24.8,202,735,49
Somnath,2025-03-10,1,Monday,0,0,0,Cloudy,24.1,49,387,33
Somnath,2025-03-10,2,Monday,0,0,0,Cloudy,23.5,33,208,29
Somnath,2025-03-10,3,Monday,0,0,0,Cloudy,24.4,29,210,88
Somnath,2025-03-10,4,Monday,0,0,0,Cloudy,25.1,88,839,552
Somnath,2025-03-10,5,Monday,0,0,0,Cloudy,25.3,552,2106,1276
Somnath,2025-03-10,6,Monday,0,0,0,Cloudy,27.9,1276,3531,1895
Somnath,2025-03-10,7,Monday,0,0,0,Cloudy,27.5,1895,4804,2382
Somnath,2025-03-10,8,Monday,0,0,0,Cloudy,29.2,2382,7655,4084
Somnath,2025-03-10,9,Monday,0,0,0,Cloudy,29.8,4084,6668,2652
Somnath,2025-03-10,10,Monday,0,0,0,Cloudy,31.7,2652,6064,2181
Somnath,2025-03-10,11,Monday,0,0,0,Cloudy,33.4,2181,4982,1684
Somnath,2025-03-10,12,Monday,0,0,0,Cloudy,33.2,1684,3744,1087
Somnath,2025-03-10,13,Monday,0,0,0,Cloudy,33.5,1087,3000,1036
Somnath,2025-03-10,14,Monday,0,0,0,Cloudy,34.7,1036,3670,1641
Somnath,2025-03-10,15,Monday,0,0,0,Rainy,33.0,1641,3467,1372
Somnath,2025-03-10,16,Monday,0,0,0,Cloudy,33.6,1372,4819,2357
Somnath,2025-03-10,17,Monday,0,0,0,Cloudy,33.0,2357,5807,2678
Somnath,2025-03-10,18,Monday,0,0,0,Cloudy,31.2,2678,7570,3733
Somnath,2025-03-10,19,Monday,0,0,0,Cloudy,30.5,3733,6897,2660
Somnath,2025-03-10,20,Monday,0,0,0,Cloudy,28.0,2660,5657,1773
Somnath,2025-03-10,21,Monday,0,0,0,Cloudy,27.6,1773,3991,983
Somnath,2025-03-10,22,Monday,0,0,0,Cloudy,26.3,983,2402,439
Somnath,2025-03-10,23,Monday,0,0,0,Cloudy,25.9,439,1405,207
Somnath,2025-03-11,0,Tuesday,0,0,0,Clear,25.1,207,680,33
Somnath,2025-03-11,1,Tuesday,0,0,0,Clear,24.5,33,342,22
Somnath,2025-03-11,2,Tuesday,0,0,0,Clear,25.2,22,187,23
Somnath,2025-03-11,3,Tuesday,0,0,0,Clear,24.9,23,149,52
Somnath,2025-03-11,4,Tuesday,0,0,0,Clear,26.8,52,589,387
Somnath,2025-03-11,5,Tuesday,0,0,0,Clear,26.0,387,1841,1178
Somnath,2025-03-11,6,Tuesday,0,0,0,Clear,27.4,1178,2969,1567
Somnath,2025-03-11,7,Tuesday,0,0,0,Clear,29.5,1567,4517,2331
Somnath,2025-03-11,8,Tuesday,0,0,0,Clear,29.6,2331,4737,1980
Somnath,2025-03-11,9,Tuesday,0,0,0,Clear,32.9,1980,4339,1540
Somnath,2025-03-11,10,Tuesday,0,0,0,Clear,33.0,1540,4250,1709
Somnath,2025-03-11,11,Tuesday,0,0,0,Clear,33.5,1709,3850,1389
Somnath,2025-03-11,12,Tuesday,0,0,0,Clear,35.4,1389,2871,882
Somnath,2025-03-11,13,Tuesday,0,0,0,Clear,34.4,882,2471,853
Somnath,2025-03-11,14,Tuesday,0,0,0,Clear,34.9,853,2274,880
Somnath,2025-03-11,15,Tuesday,0,0,0,Clear,34.4,880,2452,1101
Somnath,2025-03-11,16,Tuesday,0,0,0,Clear,34.6,1101,2991,1465
Somnath,2025-03-11,17,Tuesday,0,0,0,Clear,35.2,1465,4412,2310
Somnath,2025-03-11,18,Tuesday,0,0,0,Clear,33.1,2310,5159,2263
Somnath,2025-03-11,19,Tuesday,0,0,0,Clear,31.1,2263,4977,2014
Somnath,2025-03-11,20,Tuesday,0,0,0,Clear,29.5,2014,4335,1445
Somnath,2025-03-11,21,Tuesday,0,0,0,Clear,30.5,1445,2922,669
Somnath,2025-03-11,22,Tuesday,0,0,0,Clear,27.4,669,1710,364
Somnath,2025-03-11,23,Tuesday,0,0,0,Clear,25.8,364,909,101
Somnath,2025-03-12,0,Wednesday,0,0,0,Sunny,21.0,101,491,36
Somnath,2025-03-12,1,Wednesday,0,0,0,Sunny,20.1,36,262,19
Somnath,2025-03-12,2,Wednesday,0,0,0,Sunny,19.3,19,161,25
Somnath,2025-03-12,3,Wednesday,0,0,0,Sunny,20.2,25,133,47
Somnath,2025-03-12,4,Wednesday,0,0,0,Sunny,21.2,47,583,387
Somnath,2025-03-12,5,Wednesday,0,0,0,Sunny,21.7,387,1508,920
Somnath,2025-03-12,6,Wednesday,0,0,0,Sunny,22.2,920,2688,1467
Somnath,2025-03-12,7,Wednesday,0,0,0,Sunny,23.9,1467,3785,1859
Somnath,2025-03-12,8,Wednesday,0,0,0,Sunny,24.9,1859,4182,1884
Somnath,2025-03-12,9,Wednesday,0,0,0,Sunny,25.7,1884,4429,1801
Somnath,2025-03-12,10,Wednesday,0,0,0,Sunny,27.1,1801,4108,1615
Somnath,2025-03-12,11,Wednesday,0,0,0,Sunny,28.5,1615,3289,1082
Somnath,2025-03-12,12,Wednesday,0,0,0,Sunny,29.4,1082,2797,963
Somnath,2025-03-12,13,Wednesday,0,0,0,Sunny,29.3,963,2486,899
Somnath,2025-03-12,14,Wednesday,0,0,0,Sunny,30.3,899,2383,958
Somnath,2025-03-12,15,Wednesday,0,0,0,Sunny,30.2,958,2753,1314
Somnath,2025-03-12,16,Wednesday,0,0,0,Sunny,29.2,1314,3396,1586
Somnath,2025-03-12,17,Wednesday,0,0,0,Sunny,29.4,1586,3989,1851
Somnath,2025-03-12,18,Wednesday,0,0,0,Sunny,27.3,1851,4461,1998
Somnath,2025-03-12,19,Wednesday,0,0,0,Sunny,26.8,1998,4197,1590
Somnath,2025-03-12,20,Wednesday,0,0,0,Sunny,23.9,1590,3565,1265
Somnath,2025-03-12,21,Wednesday,0,0,0,Sunny,24.6,1265,2459,764
Somnath,2025-03-12,22,Wednesday,0,0,0,Sunny,21.1,764,1600,340
Somnath,2025-03-12,23,Wednesday,0,0,0,Sunny,21.5,340,917,115
Somnath,2025-03-13,0,Thursday,0,0,0,Cloudy,20.2,115,416,30
Somnath,2025-03-13,1,Thursday,0,0,0,Cloudy,20.5,30,218,22
Somnath,2025-03-13,2,Thursday,0,0,0,Cloudy,20.5,22,124,20
Somnath,2025-03-13,3,Thursday,0,0,0,Cloudy,19.8,20,144,66
Somnath,2025-03-13,4,Thursday,0,0,0,Cloudy,20.9,66,706,478
Somnath,2025-03-13,5,Thursday,0,0,0,Cloudy,21.3,478,1318,742
Somnath,2025-03-13,6,Thursday,0,0,0,Cloudy,23.4,742,2918,1666
Somnath,2025-03-13,7,Thursday,0,0,0,Cloudy,23.0,1666,4064,2065
Somnath,2025-03-13,8,Thursday,0,0,0,Cloudy,25.4,2065,4363,1939
Somnath,2025-03-13,9,Thursday,0,0,0,Cloudy,28.1,1939,4748,2061
Somnath,2025-03-13,10,Thursday,0,0,0,Cloudy,29.2,2061,3774,1318
Somnath,2025-03-13,11,Thursday,0,0,0,Cloudy,28.1,1318,3324,1194
Somnath,2025-03-13,12,Thursday,0,0,0,Cloudy,30.3,1194,2631,919
Somnath,2025-03-13,13,Thursday,0,0,0,Cloudy,31.3,919,2325,813
Somnath,2025-03-13,14,Thursday,0,0,0,Cloudy,29.8,813,2407,996
Somnath,2025-03-13,15,Thursday,0,0,0,Cloudy,30.1,996,2597,1121
Somnath,2025-03-13,16,Thursday,0,0,0,Cloudy,29.4,1121,3627,1879
Somnath,2025-03-13,17,Thursday,0,0,0,Rainy,29.3,1879,3658,1448
Somnath,2025-03-13,18,Thursday,0,0,0,Cloudy,27.9,1448,4826,2379
Somnath,2025-03-13,19,Thursday,0,0,0,Cloudy,25.9,2379,4321,1687
Somnath,2025-03-13,20,Thursday,0,0,0,Cloudy,25.8,1687,3619,1174
Somnath,2025-03-13,21,Thursday,0,0,0,Cloudy,24.3,1174,2727,774
Somnath,2025-03-13,22,Thursday,0,0,0,Cloudy,23.7,774,1636,338
Somnath,2025-03-13,23,Thursday,0,0,0,Cloudy,21.0,338,854,104
Somnath,2025-03-14,0,Friday,0,1,1,Clear,24.7,104,458,92
Somnath,2025-03-14,1,Friday,0,1,1,Clear,23.4,92,286,64
Somnath,2025-03-14,2,Friday,0,1,1,Clear,23.0,64,203,54
Somnath,2025-03-14,3,Friday,0,1,1,Clear,24.2,54,290,152
Somnath,2025-03-14,4,Friday,0,1,1,Clear,24.0,152,1535,1034
Somnath,2025-03-14,5,Friday,0,1,1,Clear,25.7,1034,3616,2174
Somnath,2025-03-14,6,Friday,0,1,1,Clear,25.5,2174,7518,4483
Somnath,2025-03-14,7,Friday,0,1,1,Clear,27.3,4483,9252,4350
Somnath,2025-03-14,8,Friday,0,1,1,Clear,29.0,4350,12304,6017
Somnath,2025-03-14,9,Friday,0,1,1,Clear,29.8,6017,12294,5108
Somnath,2025-03-14,10,Friday,0,1,1,Clear,31.3,5108,12498,5033
Somnath,2025-03-14,11,Friday,0,1,1,Clear,31.2,5033,10590,3671
Somnath,2025-03-14,12,Friday,0,1,1,Clear,31.9,3671,8464,2982
Somnath,2025-03-14,13,Friday,0,1,1,Clear,34.4,2982,6402,1777
Somnath,2025-03-14,14,Friday,0,1,1,Clear,33.8,1777,6815,2981
Somnath,2025-03-14,15,Friday,0,1,1,Clear,33.9,2981,6649,2472
Somnath,2025-03-14,16,Friday,0,1,1,Clear,33.8,2472,9874,5016
Somnath,2025-03-14,17,Friday,0,1,1,Clear,32.5,5016,12201,5608
Somnath,2025-03-14,18,Friday,0,1,1,Clear,30.8,5608,10508,3877
Somnath,2025-03-14,19,Friday,0,1,1,Clear,29.7,3877,10669,4273
Somnath,2025-03-14,20,Friday,0,1,1,Clear,29.2,4273,9485,3544
Somnath,2025-03-14,21,Friday,0,1,1,Clear,27.5,3544,7133,2023
Somnath,2025-03-14,22,Friday,0,1,1,Clear,25.4,2023,4127,759
Somnath,2025-03-14,23,Friday,0,1,1,Clear,24.6,759,2200,296
Somnath,2025-03-15,0,Saturday,1,0,0,Clear,26.1,296,1131,57
Somnath,2025-03-15,1,Saturday,1,0,0,Clear,25.3,57,575,45
Somnath,2025-03-15,2,Saturday,1,0,0,Clear,25.4,45,315,52
Somnath,2025-03-15,3,Saturday,1,0,0,Clear,25.5,52,261,83
Somnath,2025-03-15,4,Saturday,1,0,0,Clear,27.3,83,1233,821
Somnath,2025-03-15,5,Saturday,1,0,0,Clear,27.0,821,2369,1378
Somnath,2025-03-15,6,Saturday,1,0,0,Clear,29.4,1378,4742,2742
Somnath,2025-03-15,7,Saturday,1,0,0,Clear,30.2,2742,6098,2904
Somnath,2025-03-15,8,Saturday,1,0,0,Clear,30.7,2904,7913,3835
Somnath,2025-03-15,9,Saturday,1,0,0,Clear,31.3,3835,8064,3197
Somnath,2025-03-15,10,Saturday,1,0,0,Clear,33.4,3197,7422,2950
Somnath,2025-03-15,11,Saturday,1,0,0,Clear,34.5,2950,6231,2049
Somnath,2025-03-15,12,Saturday,1,0,0,Clear,35.4,2049,5210,1669
Somnath,2025-03-15,13,Saturday,1,0,0,Clear,36.3,1669,4103,1389
Somnath,2025-03-15,14,Saturday,1,0,0,Clear,36.0,1389,3881,1531
Somnath,2025-03-15,15,Saturday,1,0,0,Clear,35.6,1531,4111,1878
Somnath,2025-03-15,16,Saturday,1,0,0,Clear,34.9,1878,5571,2849
Somnath,2025-03-15,17,Saturday,1,0,0,Clear,34.5,2849,8496,4341
Somnath,2025-03-15,18,Saturday,1,0,0,Clear,34.4,4341,9344,3924
Somnath,2025-03-15,19,Saturday,1,0,0,Clear,31.7,3924,7467,2843
Somnath,2025-03-15,20,Saturday,1,0,0,Clear,31.5,2843,7009,2772
Somnath,2025-03-15,21,Saturday,1,0,0,Clear,29.3,2772,4872,1228
Somnath,2025-03-15,22,Saturday,1,0,0,Clear,28.8,1228,2868,467
Somnath,2025-03-15,23,Saturday,1,0,0,Clear,26.9,467,1583,195
Somnath,2025-03-16,0,Sunday,1,0,0,Clear,18.9,195,818,67
Somnath,2025-03-16,1,Sunday,1,0,0,Clear,18.7,67,407,34
Somnath,2025-03-16,2,Sunday,1,0,0,Clear,18.9,34,243,40
Somnath,2025-03-16,3,Sunday,1,0,0,Clear,19.6,40,261,112
Somnath,2025-03-16,4,Sunday,1,0,0,Clear,18.7,112,805,510
Somnath,2025-03-16,5,Sunday,1,0,0,Clear,19.7,510,2460,1556
Somnath,2025-03-16,6,Sunday,1,0,0,Clear,20.8,1556,3970,2159
Somnath,2025-03-16,7,Sunday,1,0,0,Clear,22.5,2159,7361,4136
Somnath,2025-03-16,8,Sunday,1,0,0,Clear,23.8,4136,8723,4107
Somnath,2025-03-16,9,Sunday,1,0,0,Clear,25.2,4107,8130,2989
Somnath,2025-03-16,10,Sunday,1,0,0,Clear,26.3,2989,7394,2873
Somnath,2025-03-16,11,Sunday,1,0,0,Clear,27.7,2873,7107,2924
Somnath,2025-03-16,12,Sunday,1,0,0,Clear,27.9,2924,5523,1629
Somnath,2025-03-16,13,Sunday,1,0,0,Clear,28.3,1629,3987,987
Somnath,2025-03-16,14,Sunday,1,0,0,Clear,29.3,987,3582,1365
Somnath,2025-03-16,15,Sunday,1,0,0,Clear,29.6,1365,5185,2591
Somnath,2025-03-16,16,Sunday,1,0,0,Clear,28.0,2591,6233,2900
Somnath,2025-03-16,17,Sunday,1,0,0,Clear,28.0,2900,7023,3208
Somnath,2025-03-16,18,Sunday,1,0,0,Clear,26.8,3208,8564,3841
Somnath,2025-03-16,19,Sunday,1,0,0,Clear,24.6,3841,7925,3147
Somnath,2025-03-16,20,Sunday,1,0,0,Clear,23.6,3147,6166,1990
Somnath,2025-03-16,21,Sunday,1,0,0,Clear,21.4,1990,4907,1506
Somnath,2025-03-16,22,Sunday,1,0,0,Clear,19.9,1506,3425,697
Somnath,2025-03-16,23,Sunday,1,0,0,Clear,19.9,697,2006,183
Somnath,2025-03-17,0,Monday,0,0,0,Clear,20.1,183,996,57
Somnath,2025-03-17,1,Monday,0,0,0,Clear,19.2,57,480,29
Somnath,2025-03-17,2,Monday,0,0,0,Clear,18.7,29,254,33
Somnath,2025-03-17,3,Monday,0,0,0,Clear,18.6,33,238,94
Somnath,2025-03-17,4,Monday,0,0,0,Clear,19.3,94,858,556
Somnath,2025-03-17,5,Monday,0,0,0,Clear,19.8,556,2072,1264
Somnath,2025-03-17,6,Monday,0,0,0,Clear,23.0,1264,4058,2329
Somnath,2025-03-17,7,Monday,0,0,0,Clear,22.8,2329,5554,2720
Somnath,2025-03-17,8,Monday,0,0,0,Clear,24.6,2720,6449,2920
Somnath,2025-03-17,9,Monday,0,0,0,Clear,25.6,2920,6062,2565
Somnath,2025-03-17,10,Monday,0,0,0,Clear,27.8,2565,5796,2351
Somnath,2025-03-17,11,Monday,0,0,0,Clear,29.4,2351,5015,1883
Somnath,2025-03-17,12,Monday,0,0,0,Clear,29.6,1883,4136,1359
Somnath,2025-03-17,13,Monday,0,0,0,Clear,29.4,1359,3453,1197
Somnath,2025-03-17,14,Monday,0,0,0,Clear,30.2,1197,3000,1096
Somnath,2025-03-17,15,Monday,0,0,0,Clear,30.7,1096,3503,1625
Somnath,2025-03-17,16,Monday,0,0,0,Clear,28.9,1625,4143,2030
Somnath,2025-03-17,17,Monday,0,0,0,Clear,28.2,2030,5861,2964
Somnath,2025-03-17,18,Monday,0,0,0,Clear,27.1,2964,7059,3175
Somnath,2025-03-17,19,Monday,0,0,0,Clear,25.8,3175,6398,2419
Somnath,2025-03-17,20,Monday,0,0,0,Clear,24.9,2419,5898,2303
Somnath,2025-03-17,21,Monday,0,0,0,Clear,23.3,2303,4117,1181
Somnath,2025-03-17,22,Monday,0,0,0,Clear,22.0,1181,2240,408
Somnath,2025-03-17,23,Monday,0,0,0,Clear,21.1,408,1227,155
Somnath,2025-03-18,0,Tuesday,0,0,0,Clear,22.9,155,630,29
Somnath,2025-03-18,1,Tuesday,0,0,0,Clear,21.6,29,298,22
Somnath,2025-03-18,2,Tuesday,0,0,0,Clear,22.5,22,159,21
Somnath,2025-03-18,3,Tuesday,0,0,0,Clear,22.9,21,148,55
Somnath,2025-03-18,4,Tuesday,0,0,0,Clear,22.3,55,507,326
Somnath,2025-03-18,5,Tuesday,0,0,0,Clear,23.5,326,1433,893
Somnath,2025-03-18,6,Tuesday,0,0,0,Clear,24.9,893,2362,1227
Somnath,2025-03-18,7,Tuesday,0,0,0,Clear,26.0,1227,3774,2041
Somnath,2025-03-18,8,Tuesday,0,0,0,Clear,27.6,2041,4095,1747
Somnath,2025-03-18,9,Tuesday,0,0,0,Clear,28.6,1747,4375,1828
Somnath,2025-03-18,10,Tuesday,0,0,0,Clear,29.3,1828,3936,1424
Somnath,2025-03-18,11,Tuesday,0,0,0,Clear,32.4,1424,3510,1249
Somnath,2025-03-18,12,Tuesday,0,0,0,Clear,31.9,1249,2947,1115
Somnath,2025-03-18,13,Tuesday,0,0,0,Clear,32.6,1115,2019,636
Somnath,2025-03-18,14,Tuesday,0,0,0,Clear,32.9,636,2184,954
Somnath,2025-03-18,15,Tuesday,0,0,0,Clear,32.4,954,3347,1761
Somnath,2025-03-18,16,Tuesday,0,0,0,Clear,32.3,1761,3528,1481
Somnath,2025-03-18,17,Tuesday,0,0,0,Clear,31.0,1481,4286,1892
Somnath,2025-03-18,18,Tuesday,0,0,0,Clear,30.8,1892,4660,2188
Somnath,2025-03-18,19,Tuesday,0,0,0,Clear,28.6,2188,5371,2443
Somnath,2025-03-18,20,Tuesday,0,0,0,Clear,28.1,2443,4570,1575
Somnath,2025-03-18,21,Tuesday,0,0,0,Clear,25.6,1575,2906,577
Somnath,2025-03-18,22,Tuesday,0,0,0,Clear,24.3,577,1682,338
Somnath,2025-03-18,23,Tuesday,0,0,0,Clear,23.6,338,917,111
Somnath,2025-03-19,0,Wednesday,0,0,0,Sunny,21.0,111,448,28
Somnath,2025-03-19,1,Wednesday,0,0,0,Sunny,20.9,28,246,23
Somnath,2025-03-19,2,Wednesday,0,0,0,Sunny,20.5,23,134,22
Somnath,2025-03-19,3,Wednesday,0,0,0,Sunny,21.3,22,137,58
Somnath,2025-03-19,4,Wednesday,0,0,0,Sunny,20.2,58,692,470
Somnath,2025-03-19,5,Wednesday,0,0,0,Sunny,21.9,470,1485,883
Somnath,2025-03-19,6,Wednesday,0,0,0,Sunny,22.4,883,2285,1180
Somnath,2025-03-19,7,Wednesday,0,0,0,Sunny,24.2,1180,4656,2725
Somnath,2025-03-19,8,Wednesday,0,0,0,Sunny,25.4,2725,4753,1950
Somnath,2025-03-19,9,Wednesday,0,0,0,Sunny,27.0,1950,4738,2003
Somnath,2025-03-19,10,Wednesday,0,0,0,Sunny,27.7,2003,3614,1273
Somnath,2025-03-19,11,Wednesday,0,0,0,Sunny,29.3,1273,3264,1251
Somnath,2025-03-19,12,Wednesday,0,0,0,Sunny,31.2,1251,2856,1046
Somnath,2025-03-19,13,Wednesday,0,0,0,Sunny,29.9,1046,2243,738
Somnath,2025-03-19,14,Wednesday,0,0,0,Sunny,30.8,738,2167,882
Somnath,2025-03-19,15,Wednesday,0,0,0,Sunny,30.8,882,2538,1150
Somnath,2025-03-19,16,Wednesday,0,0,0,Sunny,30.7,1150,3194,1466
Somnath,2025-03-19,17,Wednesday,0,0,0,Sunny,29.1,1466,3722,1672
Somnath,2025-03-19,18,Wednesday,0,0,0,Sunny,28.1,1672,4560,2286
Somnath,2025-03-19,19,Wednesday,0,0,0,Sunny,28.1,2286,4539,1956
Somnath,2025-03-19,20,Wednesday,0,0,0,Sunny,25.0,1956,4200,1654
Somnath,2025-03-19,21,Wednesday,0,0,0,Sunny,24.1,1654,2670,602
Somnath,2025-03-19,22,Wednesday,0,0,0,Sunny,23.2,602,1616,369
Somnath,2025-03-19,23,Wednesday,0,0,0,Sunny,21.3,369,924,119
Somnath,2025-03-20,0,Thursday,0,0,0,Sunny,21.5,119,468,40
Somnath,2025-03-20,1,Thursday,0,0,0,Sunny,19.4,40,253,23
Somnath,2025-03-20,2,Thursday,0,0,0,Sunny,20.2,23,143,22
Somnath,2025-03-20,3,Thursday,0,0,0,Sunny,19.2,22,159,72
Somnath,2025-03-20,4,Thursday,0,0,0,Sunny,21.8,72,625,407
Somnath,2025-03-20,5,Thursday,0,0,0,Sunny,22.5,407,1426,857
Somnath,2025-03-20,6,Thursday,0,0,0,Sunny,23.9,857,2374,1268
Somnath,2025-03-20,7,Thursday,0,0,0,Sunny,24.0,1268,4213,2323
Somnath,2025-03-20,8,Thursday,0,0,0,Sunny,26.4,2323,4696,2197
Somnath,2025-03-20,9,Thursday,0,0,0,Sunny,26.8,2197,4970,2103
Somnath,2025-03-20,10,Thursday,0,0,0,Sunny,29.3,2103,4461,1728
Somnath,2025-03-20,11,Thursday,0,0,0,Sunny,29.2,1728,3623,1369
Somnath,2025-03-20,12,Thursday,0,0,0,Sunny,31.6,1369,3070,992
Somnath,2025-03-20,13,Thursday,0,0,0,Sunny,30.1,992,2826,956
Somnath,2025-03-20,14,Thursday,0,0,0,Sunny,30.5,956,2753,1097
Somnath,2025-03-20,15,Thursday,0,0,0,Sunny,30.2,1097,3143,1372
Somnath,2025-03-20,16,Thursday,0,0,0,Sunny,30.2,1372,3944,1961
Somnath,2025-03-20,17,Thursday,0,0,0,Sunny,28.8,1961,4682,2152
Somnath,2025-03-20,18,Thursday,0,0,0,Sunny,28.2,2152,5574,2527
Somnath,2025-03-20,19,Thursday,0,0,0,Sunny,27.9,2527,5087,1854
Somnath,2025-03-20,20,Thursday,0,0,0,Sunny,25.7,1854,4634,1806
Somnath,2025-03-20,21,Thursday,0,0,0,Sunny,25.9,1806,3058,827
Somnath,2025-03-20,22,Thursday,0,0,0,Sunny,24.2,827,1918,358
Somnath,2025-03-20,23,Thursday,0,0,0,Sunny,23.0,358,1002,122
Somnath,2025-03-21,0,Friday,0,0,0,Clear,26.9,122,504,32
Somnath,2025-03-21,1,Friday,0,0,0,Clear,25.6,32,280,34
Somnath,2025-03-21,2,Friday,0,0,0,Clear,25.9,34,159,29
Somnath,2025-03-21,3,Friday,0,0,0,Clear,26.9,29,192,88
Somnath,2025-03-21,4,Friday,0,0,0,Clear,27.5,88,692,451
Somnath,2025-03-21,5,Friday,0,0,0,Clear,27.4,451,1777,1090
Somnath,2025-03-21,6,Friday,0,0,0,Clear,28.7,1090,3369,1933
Somnath,2025-03-21,7,Friday,0,0,0,Clear,30.0,1933,5042,2602
Somnath,2025-03-21,8,Friday,0,0,0,Clear,31.7,2602,5300,2206
Somnath,2025-03-21,9,Friday,0,0,0,Clear,31.7,2206,4999,1992
Somnath,2025-03-21,10,Friday,0,0,0,Clear,33.1,1992,4668,1809
Somnath,2025-03-21,11,Friday,0,0,0,Clear,35.3,1809,3996,1527
Somnath,2025-03-21,12,Friday,0,0,0,Clear,36.3,1527,3140,998
Somnath,2025-03-21,13,Friday,0,0,0,Clear,36.4,998,2825,989
Somnath,2025-03-21,14,Friday,0,0,0,Clear,36.6,989,2838,1058
Somnath,2025-03-21,15,Friday,0,0,0,Clear,36.2,1058,3352,1491
Somnath,2025-03-21,16,Friday,0,0,0,Clear,35.7,1491,4530,2099
Somnath,2025-03-21,17,Friday,0,0,0,Clear,34.6,2099,5278,2391
Somnath,2025-03-21,18,Friday,0,0,0,Clear,34.3,2391,5174,2246
Somnath,2025-03-21,19,Friday,0,0,0,Clear,32.1,2246,4729,1815
Somnath,2025-03-21,20,Friday,0,0,0,Clear,31.3,1815,3985,1488
Somnath,2025-03-21,21,Friday,0,0,0,Clear,29.7,1488,3087,1071
Somnath,2025-03-21,22,Friday,0,0,0,Clear,28.9,1071,2072,457
Somnath,2025-03-21,23,Friday,0,0,0,Clear,28.1,457,1159,180
Somnath,2025-03-22,0,Saturday,1,0,0,Clear,24.0,180,580,69
Somnath,2025-03-22,1,Saturday,1,0,0,Clear,23.0,69,335,45
Somnath,2025-03-22,2,Saturday,1,0,0,Clear,23.1,45,211,43
Somnath,2025-03-22,3,Saturday,1,0,0,Clear,24.4,43,231,97
Somnath,2025-03-22,4,Saturday,1,0,0,Clear,25.6,97,1079,722
Somnath,2025-03-22,5,Saturday,1,0,0,Clear,25.3,722,2404,1378
Somnath,2025-03-22,6,Saturday,1,0,0,Clear,26.1,1378,4422,2508
Somnath,2025-03-22,7,Saturday,1,0,0,Clear,27.9,2508,6830,3622
Somnath,2025-03-22,8,Saturday,1,0,0,Clear,28.9,3622,7103,2964
Somnath,2025-03-22,9,Saturday,1,0,0,Clear,30.2,2964,8322,3888
Somnath,2025-03-22,10,Saturday,1,0,0,Clear,30.5,3888,6754,2414
Somnath,2025-03-22,11,Saturday,1,0,0,Clear,33.1,2414,6678,2659
Somnath,2025-03-22,12,Saturday,1,0,0,Clear,33.9,2659,5098,1561
Somnath,2025-03-22,13,Saturday,1,0,0,Clear,33.5,1561,3865,1295
Somnath,2025-03-22,14,Saturday,1,0,0,Clear,34.0,1295,3996,1624
Somnath,2025-03-22,15,Saturday,1,0,0,Clear,33.7,1624,4516,2071
Somnath,2025-03-22,16,Saturday,1,0,0,Clear,33.2,2071,6023,3042
Somnath,2025-03-22,17,Saturday,1,0,0,Clear,32.4,3042,7411,3554
Somnath,2025-03-22,18,Saturday,1,0,0,Clear,30.9,3554,8342,3849
Somnath,2025-03-22,19,Saturday,1,0,0,Clear,30.2,3849,7678,2759
Somnath,2025-03-22,20,Saturday,1,0,0,Clear,30.0,2759,6353,2078
Somnath,2025-03-22,21,Saturday,1,0,0,Clear,26.8,2078,4734,1523
Somnath,2025-03-22,22,Saturday,1,0,0,Clear,26.3,1523,2809,519
Somnath,2025-03-22,23,Saturday,1,0,0,Clear,24.3,519,1497,212
Somnath,2025-03-23,0,Sunday,1,0,0,Clear,26.3,212,729,60
Somnath,2025-03-23,1,Sunday,1,0,0,Clear,26.0,60,380,48
Somnath,2025-03-23,2,Sunday,1,0,0,Clear,26.4,48,227,47
Somnath,2025-03-23,3,Sunday,1,0,0,Clear,25.0,47,238,103
Somnath,2025-03-23,4,Sunday,1,0,0,Clear,27.5,103,1042,696
Somnath,2025-03-23,5,Sunday,1,0,0,Clear,26.5,696,2740,1692
Somnath,2025-03-23,6,Sunday,1,0,0,Clear,28.3,1692,5250,2998
Somnath,2025-03-23,7,Sunday,1,0,0,Clear,29.5,2998,6978,3359
Somnath,2025-03-23,8,Sunday,1,0,0,Clear,31.3,3359,7967,3568
Somnath,2025-03-23,9,Sunday,1,0,0,Clear,32.1,3568,7325,2736
Somnath,2025-03-23,10,Sunday,1,0,0,Clear,34.7,2736,6534,2493
Somnath,2025-03-23,11,Sunday,1,0,0,Clear,34.1,2493,6360,2484
Somnath,2025-03-23,12,Sunday,1,0,0,Clear,35.4,2484,4791,1419
Somnath,2025-03-23,13,Sunday,1,0,0,Clear,35.1,1419,4153,1410
Somnath,2025-03-23,14,Sunday,1,0,0,Clear,35.4,1410,3906,1400
Somnath,2025-03-23,15,Sunday,1,0,0,Clear,35.6,1400,5114,2496
Somnath,2025-03-23,16,Sunday,1,0,0,Clear,35.4,2496,6285,3026
Somnath,2025-03-23,17,Sunday,1,0,0,Clear,34.7,3026,7238,3405
Somnath,2025-03-23,18,Sunday,1,0,0,Clear,33.8,3405,8282,3741
Somnath,2025-03-23,19,Sunday,1,0,0,Clear,31.6,3741,9068,3835
Somnath,2025-03-23,20,Sunday,1,0,0,Clear,31.5,3835,6819,2290
Somnath,2025-03-23,21,Sunday,1,0,0,Clear,30.7,2290,4811,1376
Somnath,2025-03-23,22,Sunday,1,0,0,Clear,28.6,1376,3085,683
Somnath,2025-03-23,23,Sunday,1,0,0,Clear,28.0,683,1617,225
Somnath,2025-03-24,0,Monday,0,0,0,Sunny,19.5,225,740,48
Somnath,2025-03-24,1,Monday,0,0,0,Sunny,20.3,48,369,31
Somnath,2025-03-24,2,Monday,0,0,0,Sunny,20.1,31,223,28
Somnath,2025-03-24,3,Monday,0,0,0,Sunny,21.7,28,203,70
Somnath,2025-03-24,4,Monday,0,0,0,Sunny,20.9,70,869,576
Somnath,2025-03-24,5,Monday,0,0,0,Sunny,21.6,576,2239,1367
Somnath,2025-03-24,6,Monday,0,0,0,Sunny,22.8,1367,3487,1870
Somnath,2025-03-24,7,Monday,0,0,0,Sunny,23.3,1870,5199,2758
Somnath,2025-03-24,8,Monday,0,0,0,Sunny,25.5,2758,7249,3533
Somnath,2025-03-24,9,Monday,0,0,0,Sunny,27.0,3533,7139,2645
Somnath,2025-03-24,10,Monday,0,0,0,Sunny,28.6,2645,5928,2181
Somnath,2025-03-24,11,Monday,0,0,0,Sunny,29.6,2181,5362,2058
Somnath,2025-03-24,12,Monday,0,0,0,Sunny,30.4,2058,4066,1241
Somnath,2025-03-24,13,Monday,0,0,0,Sunny,29.2,1241,3409,1104
Somnath,2025-03-24,14,Monday,0,0,0,Sunny,30.5,1104,3347,1386
Somnath,2025-03-24,15,Monday,0,0,0,Sunny,30.9,1386,3779,1736
Somnath,2025-03-24,16,Monday,0,0,0,Sunny,31.0,1736,5194,2626
Somnath,2025-03-24,17,Monday,0,0,0,Sunny,29.7,2626,6611,3110
Somnath,2025-03-24,18,Monday,0,0,0,Sunny,27.3,3110,7703,3565
Somnath,2025-03-24,19,Monday,0,0,0,Sunny,26.8,3565,8321,3557
Somnath,2025-03-24,20,Monday,0,0,0,Sunny,25.4,3557,6019,1492
Somnath,2025-03-24,21,Monday,0,0,0,Sunny,23.5,1492,4020,1005
Somnath,2025-03-24,22,Monday,0,0,0,Sunny,23.9,1005,2514,533
Somnath,2025-03-24,23,Monday,0,0,0,Sunny,22.1,533,1343,151
Somnath,2025-03-25,0,Tuesday,0,0,0,Cloudy,23.8,151,639,34
Somnath,2025-03-25,1,Tuesday,0,0,0,Cloudy,23.1,34,300,21
Somnath,2025-03-25,2,Tuesday,0,0,0,Cloudy,22.3,21,169,21
Somnath,2025-03-25,3,Tuesday,0,0,0,Cloudy,22.6,21,138,46
Somnath,2025-03-25,4,Tuesday,0,0,0,Cloudy,23.3,46,577,379
Somnath,2025-03-25,5,Tuesday,0,0,0,Cloudy,24.7,379,1251,740
Somnath,2025-03-25,6,Tuesday,0,0,0,Cloudy,24.5,740,2704,1556
Somnath,2025-03-25,7,Tuesday,0,0,0,Cloudy,26.2,1556,3669,1750
Somnath,2025-03-25,8,Tuesday,0,0,0,Cloudy,28.1,1750,4342,2066
Somnath,2025-03-25,9,Tuesday,0,0,0,Cloudy,29.5,2066,3955,1564
Somnath,2025-03-25,10,Tuesday,0,0,0,Cloudy,30.2,1564,3627,1383
Somnath,2025-03-25,11,Tuesday,0,0,0,Cloudy,30.6,1383,3570,1367
Somnath,2025-03-25,12,Tuesday,0,0,0,Cloudy,31.1,1367,2829,954
Somnath,2025-03-25,13,Tuesday,0,0,0,Cloudy,33.4,954,2268,736
Somnath,2025-03-25,14,Tuesday,0,0,0,Cloudy,32.9,736,2463,1042
Somnath,2025-03-25,15,Tuesday,0,0,0,Cloudy,32.2,1042,3159,1541
Somnath,2025-03-25,16,Tuesday,0,0,0,Cloudy,32.9,1541,3498,1517
Somnath,2025-03-25,17,Tuesday,0,0,0,Cloudy,31.8,1517,3890,1798
Somnath,2025-03-25,18,Tuesday,0,0,0,Cloudy,30.1,1798,4877,2226
Somnath,2025-03-25,19,Tuesday,0,0,0,Cloudy,29.2,2226,4727,1986
Somnath,2025-03-25,20,Tuesday,0,0,0,Cloudy,27.5,1986,3774,1229
Somnath,2025-03-25,21,Tuesday,0,0,0,Cloudy,26.5,1229,2749,806
Somnath,2025-03-25,22,Tuesday,0,0,0,Cloudy,25.2,806,1606,316
Somnath,2025-03-25,23,Tuesday,0,0,0,Cloudy,24.0,316,857,104
Somnath,2025-03-26,0,Wednesday,0,0,0,Rainy,24.4,104,404,30
Somnath,2025-03-26,1,Wednesday,0,0,0,Rainy,23.7,30,205,24
Somnath,2025-03-26,2,Wednesday,0,0,0,Rainy,23.2,24,107,18
Somnath,2025-03-26,3,Wednesday,0,0,0,Rainy,24.0,18,119,55
Somnath,2025-03-26,4,Wednesday,0,0,0,Rainy,23.5,55,389,247
Somnath,2025-03-26,5,Wednesday,0,0,0,Rainy,26.2,247,987,597
Somnath,2025-03-26,6,Wednesday,0,0,0,Rainy,27.4,597,2349,1415
Somnath,2025-03-26,7,Wednesday,0,0,0,Rainy,26.5,1415,2794,1303
Somnath,2025-03-26,8,Wednesday,0,0,0,Rainy,29.1,1303,3393,1530
Somnath,2025-03-26,9,Wednesday,0,0,0,Rainy,31.4,1530,3456,1367
Somnath,2025-03-26,10,Wednesday,0,0,0,Rainy,32.1,1367,3238,1194
Somnath,2025-03-26,11,Wednesday,0,0,0,Rainy,33.0,1194,3033,1245
Somnath,2025-03-26,12,Wednesday,0,0,0,Rainy,33.5,1245,2295,667
Somnath,2025-03-26,13,Wednesday,0,0,0,Rainy,35.1,667,1756,590
Somnath,2025-03-26,14,Wednesday,0,0,0,Rainy,35.0,590,1814,787
Somnath,2025-03-26,15,Wednesday,0,0,0,Heavy Rain,35.3,787,1469,459
Somnath,2025-03-26,16,Wednesday,0,0,0,Heavy Rain,33.9,459,1412,578
Somnath,2025-03-26,17,Wednesday,0,0,0,Rainy,33.1,578,2618,1457
Somnath,2025-03-26,18,Wednesday,0,0,0,Rainy,32.2,1457,3788,1937
Somnath,2025-03-26,19,Wednesday,0,0,0,Rainy,30.8,1937,3454,1284
Somnath,2025-03-26,20,Wednesday,0,0,0,Rainy,29.5,1284,2768,1003
Somnath,2025-03-26,21,Wednesday,0,0,0,Rainy,28.1,1003,2039,619
Somnath,2025-03-26,22,Wednesday,0,0,0,Rainy,25.8,619,1349,303
Somnath,2025-03-26,23,Wednesday,0,0,0,Rainy,25.4,303,682,74
Somnath,2025-03-27,0,Thursday,0,0,0,Clear,25.5,74,346,38
Somnath,2025-03-27,1,Thursday,0,0,0,Clear,26.2,38,190,28
Somnath,2025-03-27,2,Thursday,0,0,0,Clear,24.8,28,102,17
Somnath,2025-03-27,3,Thursday,0,0,0,Clear,24.5,17,126,60
Somnath,2025-03-27,4,Thursday,0,0,0,Clear,25.1,60,595,398
Somnath,2025-03-27,5,Thursday,0,0,0,Clear,27.0,398,1214,702
Somnath,2025-03-27,6,Thursday,0,0,0,Clear,27.0,702,2956,1769
Somnath,2025-03-27,7,Thursday,0,0,0,Clear,28.5,1769,3762,1824
Somnath,2025-03-27,8,Thursday,0,0,0,Clear,29.1,1824,4728,2265
Somnath,2025-03-27,9,Thursday,0,0,0,Clear,32.4,2265,4358,1701
Somnath,2025-03-27,10,Thursday,0,0,0,Clear,32.1,1701,3815,1459
Somnath,2025-03-27,11,Thursday,0,0,0,Clear,34.7,1459,3407,1244
Somnath,2025-03-27,12,Thursday,0,0,0,Clear,34.7,1244,2611,808
Somnath,2025-03-27,13,Thursday,0,0,0,Clear,35.8,808,2184,712
Somnath,2025-03-27,14,Thursday,0,0,0,Clear,35.2,712,2282,943
Somnath,2025-03-27,15,Thursday,0,0,0,Clear,35.1,943,2764,1299
Somnath,2025-03-27,16,Thursday,0,0,0,Clear,35.0,1299,2859,1281
Somnath,2025-03-27,17,Thursday,0,0,0,Clear,34.5,1281,4464,2397
Somnath,2025-03-27,18,Thursday,0,0,0,Clear,32.9,2397,5286,2376
Somnath,2025-03-27,19,Thursday,0,0,0,Clear,30.6,2376,4623,1692
Somnath,2025-03-27,20,Thursday,0,0,0,Clear,30.8,1692,4628,1905
Somnath,2025-03-27,21,Thursday,0,0,0,Clear,28.2,1905,3387,864
Somnath,2025-03-27,22,Thursday,0,0,0,Clear,27.9,864,2024,316
Somnath,2025-03-27,23,Thursday,0,0,0,Clear,27.1,316,1069,104
Somnath,2025-03-28,0,Friday,0,0,0,Sunny,24.5,104,565,40
Somnath,2025-03-28,1,Friday,0,0,0,Sunny,23.3,40,276,29
Somnath,2025-03-28,2,Friday,0,0,0,Sunny,24.5,29,169,27
Somnath,2025-03-28,3,Friday,0,0,0,Sunny,24.3,27,162,60
Somnath,2025-03-28,4,Friday,0,0,0,Sunny,25.5,60,795,537
Somnath,2025-03-28,5,Friday,0,0,0,Sunny,25.2,537,1767,1053
Somnath,2025-03-28,6,Friday,0,0,0,Sunny,27.5,1053,3247,1896
Somnath,2025-03-28,7,Friday,0,0,0,Sunny,27.9,1896,4493,2250
Somnath,2025-03-28,8,Friday,0,0,0,Sunny,28.9,2250,5933,2813
Somnath,2025-03-28,9,Friday,0,0,0,Sunny,30.6,2813,5615,2186
Somnath,2025-03-28,10,Friday,0,0,0,Sunny,31.7,2186,4969,1755
Somnath,2025-03-28,11,Friday,0,0,0,Sunny,33.1,1755,4954,1909
Somnath,2025-03-28,12,Friday,0,0,0,Sunny,33.2,1909,3768,1218
Somnath,2025-03-28,13,Friday,0,0,0,Sunny,34.6,1218,2835,908
Somnath,2025-03-28,14,Friday,0,0,0,Sunny,34.5,908,2313,851
Somnath,2025-03-28,15,Friday,0,0,0,Sunny,34.1,851,3091,1533
Somnath,2025-03-28,16,Friday,0,0,0,Sunny,32.7,1533,3867,1814
Somnath,2025-03-28,17,Friday,0,0,0,Sunny,33.2,1814,5187,2479
Somnath,2025-03-28,18,Friday,0,0,0,Sunny,32.0,2479,5622,2460
Somnath,2025-03-28,19,Friday,0,0,0,Sunny,29.6,2460,5614,2180
Somnath,2025-03-28,20,Friday,0,0,0,Sunny,29.5,2180,5133,1959
Somnath,2025-03-28,21,Friday,0,0,0,Sunny,28.5,1959,3754,944
Somnath,2025-03-28,22,Friday,0,0,0,Sunny,26.5,944,2423,451
Somnath,2025-03-28,23,Friday,0,0,0,Sunny,25.3,451,1352,142
Somnath,2025-03-29,0,Saturday,1,0,0,Clear,23.9,142,686,54
Somnath,2025-03-29,1,Saturday,1,0,0,Clear,22.8,54,342,36
Somnath,2025-03-29,2,Saturday,1,0,0,Clear,22.1,36,194,31
Somnath,2025-03-29,3,Saturday,1,0,0,Clear,22.3,31,206,93
Somnath,2025-03-29,4,Saturday,1,0,0,Clear,23.6,93,1017,680
Somnath,2025-03-29,5,Saturday,1,0,0,Clear,23.3,680,2213,1296
Somnath,2025-03-29,6,Saturday,1,0,0,Clear,24.5,1296,4107,2250
Somnath,2025-03-29,7,Saturday,1,0,0,Clear,25.5,2250,5504,2617
Somnath,2025-03-29,8,Saturday,1,0,0,Clear,26.9,2617,6716,3302
Somnath,2025-03-29,9,Saturday,1,0,0,Clear,29.6,3302,6695,2714
Somnath,2025-03-29,10,Saturday,1,0,0,Clear,30.4,2714,6822,2828
Somnath,2025-03-29,11,Saturday,1,0,0,Clear,29.9,2828,5804,2004
Somnath,2025-03-29,12,Saturday,1,0,0,Clear,31.3,2004,4826,1574
Somnath,2025-03-29,13,Saturday,1,0,0,Clear,32.9,1574,3976,1160
Somnath,2025-03-29,14,Saturday,1,0,0,Clear,32.9,1160,4090,1632
Somnath,2025-03-29,15,Saturday,1,0,0,Clear,33.7,1632,4219,1777
Somnath,2025-03-29,16,Saturday,1,0,0,Clear,30.3,1777,5779,2849
Somnath,2025-03-29,17,Saturday,1,0,0,Clear,30.9,2849,6647,3195
Somnath,2025-03-29,18,Saturday,1,0,0,Clear,30.1,3195,8921,4458
Somnath,2025-03-29,19,Saturday,1,0,0,Clear,28.8,4458,7542,2545
Somnath,2025-03-29,20,Saturday,1,0,0,Clear,27.0,2545,6104,2103
Somnath,2025-03-29,21,Saturday,1,0,0,Clear,25.6,2103,4466,1407
Somnath,2025-03-29,22,Saturday,1,0,0,Clear,24.3,1407,2673,573
Somnath,2025-03-29,23,Saturday,1,0,0,Clear,24.6,573,1396,173
Somnath,2025-03-30,0,Sunday,1,1,1,Sunny,22.5,173,808,118
Somnath,2025-03-30,1,Sunday,1,1,1,Sunny,22.3,118,492,71
Somnath,2025-03-30,2,Sunday,1,1,1,Sunny,20.7,71,383,118
Somnath,2025-03-30,3,Sunday,1,1,1,Sunny,21.6,118,527,267
Somnath,2025-03-30,4,Sunday,1,1,1,Sunny,22.7,267,1612,1022
Somnath,2025-03-30,5,Sunday,1,1,1,Sunny,22.0,1022,4868,3050
Somnath,2025-03-30,6,Sunday,1,1,1,Sunny,24.3,3050,9785,5614
Somnath,2025-03-30,7,Sunday,1,1,1,Sunny,25.3,5614,17060,9249
Somnath,2025-03-30,8,Sunday,1,1,1,Sunny,26.8,9249,16743,6580
Somnath,2025-03-30,9,Sunday,1,1,1,Sunny,27.8,6580,16827,6898
Somnath,2025-03-30,10,Sunday,1,1,1,Sunny,29.4,6898,14760,5529
Somnath,2025-03-30,11,Sunday,1,1,1,Sunny,29.4,5529,13082,4943
Somnath,2025-03-30,12,Sunday,1,1,1,Sunny,31.1,4943,10729,3301
Somnath,2025-03-30,13,Sunday,1,1,1,Sunny,32.4,3301,8382,2780
Somnath,2025-03-30,14,Sunday,1,1,1,Sunny,32.7,2780,8339,3545
Somnath,2025-03-30,15,Sunday,1,1,1,Sunny,31.7,3545,9711,4409
Somnath,2025-03-30,16,Sunday,1,1,1,Sunny,32.2,4409,13109,6355
Somnath,2025-03-30,17,Sunday,1,1,1,Sunny,30.6,6355,16622,7881
Somnath,2025-03-30,18,Sunday,1,1,1,Sunny,28.2,7881,18130,7910
Somnath,2025-03-30,19,Sunday,1,1,1,Sunny,28.7,7910,21273,9455
Somnath,2025-03-30,20,Sunday,1,1,1,Sunny,27.1,9455,17955,5708
Somnath,2025-03-30,21,Sunday,1,1,1,Sunny,25.4,5708,11544,2633
Somnath,2025-03-30,22,Sunday,1,1,1,Sunny,23.5,2633,7172,1555
Somnath,2025-03-30,23,Sunday,1,1,1,Sunny,23.2,1555,3954,477
Somnath,2025-03-31,0,Monday,0,1,0,Clear,27.0,477,1950,72
Somnath,2025-03-31,1,Monday,0,1,0,Clear,26.1,72,914,40
Somnath,2025-03-31,2,Monday,0,1,0,Clear,24.9,40,475,37
Somnath,2025-03-31,3,Monday,0,1,0,Clear,25.8,37,348,95
Somnath,2025-03-31,4,Monday,0,1,0,Clear,26.2,95,1184,759
Somnath,2025-03-31,5,Monday,0,1,0,Clear,27.5,759,2231,1305
Somnath,2025-03-31,6,Monday,0,1,0,Clear,28.7,1305,5523,3314
Somnath,2025-03-31,7,Monday,0,1,0,Clear,30.0,3314,7804,3958
Somnath,2025-03-31,8,Monday,0,1,0,Clear,31.3,3958,10642,5244
Somnath,2025-03-31,9,Monday,0,1,0,Clear,31.1,5244,11078,4770
Somnath,2025-03-31,10,Monday,0,1,0,Clear,33.7,4770,9746,3217
Somnath,2025-03-31,11,Monday,0,1,0,Clear,34.3,3217,8261,2818
Somnath,2025-03-31,12,Monday,0,1,0,Clear,36.1,2818,6326,1967
Somnath,2025-03-31,13,Monday,0,1,0,Clear,35.9,1967,5567,2014
Somnath,2025-03-31,14,Monday,0,1,0,Clear,36.4,2014,4917,1826
Somnath,2025-03-31,15,Monday,0,1,0,Clear,36.6,1826,5392,2299
Somnath,2025-03-31,16,Monday,0,1,0,Clear,35.6,2299,6613,3053
Somnath,2025-03-31,17,Monday,0,1,0,Clear,35.1,3053,9907,4961
Somnath,2025-03-31,18,Monday,0,1,0,Clear,33.5,4961,11283,5012
Somnath,2025-03-31,19,Monday,0,1,0,Clear,31.4,5012,9500,3300
Somnath,2025-03-31,20,Monday,0,1,0,Clear,30.5,3300,7819,2851
Somnath,2025-03-31,21,Monday,0,1,0,Clear,29.4,2851,5150,1483
Somnath,2025-03-31,22,Monday,0,1,0,Clear,27.6,1483,3195,665
Somnath,2025-03-31,23,Monday,0,1,0,Clear,28.0,665,1705,227
Somnath,2025-04-01,0,Tuesday,0,0,0,Sunny,23.0,227,843,35
Somnath,2025-04-01,1,Tuesday,0,0,0,Sunny,22.6,35,403,18
Somnath,2025-04-01,2,Tuesday,0,0,0,Sunny,22.7,18,214,21
Somnath,2025-04-01,3,Tuesday,0,0,0,Sunny,22.5,21,162,48
Somnath,2025-04-01,4,Tuesday,0,0,0,Sunny,23.7,48,530,336
Somnath,2025-04-01,5,Tuesday,0,0,0,Sunny,23.3,336,1279,773
Somnath,2025-04-01,6,Tuesday,0,0,0,Sunny,25.0,773,2510,1393
Somnath,2025-04-01,7,Tuesday,0,0,0,Sunny,26.2,1393,4551,2516
Somnath,2025-04-01,8,Tuesday,0,0,0,Sunny,28.1,2516,5227,2163
Somnath,2025-04-01,9,Tuesday,0,0,0,Sunny,28.8,2163,4413,1592
Somnath,2025-04-01,10,Tuesday,0,0,0,Sunny,30.7,1592,3684,1256
Somnath,2025-04-01,11,Tuesday,0,0,0,Sunny,32.8,1256,3379,1293
Somnath,2025-04-01,12,Tuesday,0,0,0,Sunny,32.2,1293,2786,984
Somnath,2025-04-01,13,Tuesday,0,0,0,Sunny,34.2,984,2586,975
Somnath,2025-04-01,14,Tuesday,0,0,0,Sunny,33.3,975,2661,1062
Somnath,2025-04-01,15,Tuesday,0,0,0,Sunny,32.6,1062,2657,1140
Somnath,2025-04-01,16,Tuesday,0,0,0,Sunny,32.8,1140,3456,1734
Somnath,2025-04-01,17,Tuesday,0,0,0,Sunny,31.5,1734,3768,1691
Somnath,2025-04-01,18,Tuesday,0,0,0,Sunny,31.0,1691,4331,1971
Somnath,2025-04-01,19,Tuesday,0,0,0,Sunny,28.4,1971,4383,1806
Somnath,2025-04-01,20,Tuesday,0,0,0,Sunny,27.6,1806,3738,1295
Somnath,2025-04-01,21,Tuesday,0,0,0,Sunny,26.2,1295,2707,647
Somnath,2025-04-01,22,Tuesday,0,0,0,Sunny,25.0,647,1721,327
Somnath,2025-04-01,23,Tuesday,0,0,0,Sunny,26.4,327,920,95
Somnath,2025-04-02,0,Wednesday,0,0,0,Clear,19.6,95,454,30
Somnath,2025-04-02,1,Wednesday,0,0,0,Clear,18.6,30,239,25
Somnath,2025-04-02,2,Wednesday,0,0,0,Clear,19.6,25,134,21
Somnath,2025-04-02,3,Wednesday,0,0,0,Clear,19.7,21,125,49
Somnath,2025-04-02,4,Wednesday,0,0,0,Clear,19.5,49,530,355
Somnath,2025-04-02,5,Wednesday,0,0,0,Clear,21.7,355,1304,779
Somnath,2025-04-02,6,Wednesday,0,0,0,Clear,22.6,779,2317,1305
Somnath,2025-04-02,7,Wednesday,0,0,0,Clear,24.7,1305,4235,2366
Somnath,2025-04-02,8,Wednesday,0,0,0,Clear,24.7,2366,4559,1935
Somnath,2025-04-02,9,Wednesday,0,0,0,Clear,25.5,1935,3884,1458
Somnath,2025-04-02,10,Wednesday,0,0,0,Clear,27.2,1458,3604,1379
Somnath,2025-04-02,11,Wednesday,0,0,0,Clear,27.6,1379,3285,1181
Somnath,2025-04-02,12,Wednesday,0,0,0,Clear,29.3,1181,2760,901
Somnath,2025-04-02,13,Wednesday,0,0,0,Clear,29.9,901,2481,939
Somnath,2025-04-02,14,Wednesday,0,0,0,Clear,29.6,939,2200,820
Somnath,2025-04-02,15,Wednesday,0,0,0,Clear,30.2,820,2995,1450
Somnath,2025-04-02,16,Wednesday,0,0,0,Clear,28.0,1450,3739,1863
Somnath,2025-04-02,17,Wednesday,0,0,0,Clear,28.8,1863,4365,1943
Somnath,2025-04-02,18,Wednesday,0,0,0,Clear,26.4,1943,5239,2532
Somnath,2025-04-02,19,Wednesday,0,0,0,Clear,25.5,2532,4312,1601
Somnath,2025-04-02,20,Wednesday,0,0,0,Clear,24.6,1601,4468,1681
Somnath,2025-04-02,21,Wednesday,0,0,0,Clear,23.3,1681,3253,903
Somnath,2025-04-02,22,Wednesday,0,0,0,Clear,22.2,903,1917,325
Somnath,2025-04-02,23,Wednesday,0,0,0,Clear,21.2,325,1001,105
Somnath,2025-04-03,0,Thursday,0,0,0,Rainy,22.0,105,529,26
Somnath,2025-04-03,1,Thursday,0,0,0,Rainy,22.9,26,267,21
Somnath,2025-04-03,2,Thursday,0,0,0,Rainy,22.2,21,157,20
Somnath,2025-04-03,3,Thursday,0,0,0,Rainy,21.0,20,127,38
Somnath,2025-04-03,4,Thursday,0,0,0,Rainy,22.5,38,438,285
Somnath,2025-04-03,5,Thursday,0,0,0,Rainy,23.2,285,972,559
Somnath,2025-04-03,6,Thursday,0,0,0,Rainy,24.6,559,2046,1182
Somnath,2025-04-03,7,Thursday,0,0,0,Rainy,26.5,1182,3238,1680
Somnath,2025-04-03,8,Thursday,0,0,0,Rainy,26.9,1680,3638,1574
Somnath,2025-04-03,9,Thursday,0,0,0,Rainy,28.3,1574,3633,1454
Somnath,2025-04-03,10,Thursday,0,0,0,Rainy,30.3,1454,3041,998
Somnath,2025-04-03,11,Thursday,0,0,0,Rainy,30.8,998,2912,1104
Somnath,2025-04-03,12,Thursday,0,0,0,Rainy,32.7,1104,2519,830
Somnath,2025-04-03,13,Thursday,0,0,0,Rainy,33.2,830,1998,639
Somnath,2025-04-03,14,Thursday,0,0,0,Rainy,33.0,639,2106,819
Somnath,2025-04-03,15,Thursday,0,0,0,Rainy,30.7,819,2546,1241
Somnath,2025-04-03,16,Thursday,0,0,0,Rainy,31.4,1241,2860,1284
Somnath,2025-04-03,17,Thursday,0,0,0,Rainy,31.1,1284,3173,1382
Somnath,2025-04-03,18,Thursday,0,0,0,Rainy,29.0,1382,3643,1614
Somnath,2025-04-03,19,Thursday,0,0,0,Rainy,28.0,1614,4050,1711
Somnath,2025-04-03,20,Thursday,0,0,0,Rainy,26.3,1711,2891,946
Somnath,2025-04-03,21,Thursday,0,0,0,Rainy,25.4,946,2188,677
Somnath,2025-04-03,22,Thursday,0,0,0,Rainy,24.9,677,1321,220
Somnath,2025-04-03,23,Thursday,0,0,0,Rainy,23.2,220,710,88
Somnath,2025-04-04,0,Friday,0,0,0,Clear,21.9,88,394,43
Somnath,2025-04-04,1,Friday,0,0,0,Clear,21.0,43,200,28
Somnath,2025-04-04,2,Friday,0,0,0,Clear,20.5,28,137,28
Somnath,2025-04-04,3,Friday,0,0,0,Clear,21.2,28,176,83
Somnath,2025-04-04,4,Friday,0,0,0,Clear,20.9,83,742,490
Somnath,2025-04-04,5,Friday,0,0,0,Clear,21.6,490,1664,988
Somnath,2025-04-04,6,Friday,0,0,0,Clear,24.2,988,2753,1451
Somnath,2025-04-04,7,Friday,0,0,0,Clear,24.0,1451,3998,1990
Somnath,2025-04-04,8,Friday,0,0,0,Clear,26.3,1990,5878,2968
Somnath,2025-04-04,9,Friday,0,0,0,Clear,28.5,2968,5912,2435
Somnath,2025-04-04,10,Friday,0,0,0,Clear,28.7,2435,5585,2243
Somnath,2025-04-04,11,Friday,0,0,0,Clear,29.2,2243,4313,1529
Somnath,2025-04-04,12,Friday,0,0,0,Clear,30.5,1529,3134,880
Somnath,2025-04-04,13,Friday,0,0,0,Clear,31.5,880,2760,912
Somnath,2025-04-04,14,Friday,0,0,0,Clear,30.3,912,3110,1353
Somnath,2025-04-04,15,Friday,0,0,0,Clear,29.9,1353,4233,2102
Somnath,2025-04-04,16,Friday,0,0,0,Clear,29.9,2102,4165,1690
Somnath,2025-04-04,17,Friday,0,0,0,Clear,29.5,1690,5242,2515
Somnath,2025-04-04,18,Friday,0,0,0,Clear,28.9,2515,5599,2569
Somnath,2025-04-04,19,Friday,0,0,0,Clear,27.2,2569,4808,1662
Somnath,2025-04-04,20,Friday,0,0,0,Clear,25.3,1662,4586,1689
Somnath,2025-04-04,21,Friday,0,0,0,Clear,24.0,1689,3500,1097
Somnath,2025-04-04,22,Friday,0,0,0,Clear,24.3,1097,2043,396
Somnath,2025-04-04,23,Friday,0,0,0,Clear,22.6,396,1058,131
Somnath,2025-04-05,0,Saturday,1,0,0,Rainy,20.5,131,566,43
Somnath,2025-04-05,1,Saturday,1,0,0,Rainy,19.1,43,302,29
Somnath,2025-04-05,2,Saturday,1,0,0,Rainy,20.2,29,181,34
Somnath,2025-04-05,3,Saturday,1,0,0,Rainy,20.1,34,186,77
Somnath,2025-04-05,4,Saturday,1,0,0,Rainy,20.5,77,805,536
Somnath,2025-04-05,5,Saturday,1,0,0,Rainy,21.2,536,1756,1014
Somnath,2025-04-05,6,Saturday,1,0,0,Rainy,20.8,1014,3544,2039
Somnath,2025-04-05,7,Saturday,1,0,0,Rainy,22.9,2039,5063,2541
Somnath,2025-04-05,8,Saturday,1,0,0,Rainy,25.7,2541,5050,1938
Somnath,2025-04-05,9,Saturday,1,0,0,Rainy,26.2,1938,5840,2580
Somnath,2025-04-05,10,Saturday,1,0,0,Rainy,27.4,2580,5523,2182
Somnath,2025-04-05,11,Saturday,1,0,0,Rainy,27.8,2182,4961,1905
Somnath,2025-04-05,12,Saturday,1,0,0,Rainy,29.3,1905,3745,1098
Somnath,2025-04-05,13,Saturday,1,0,0,Rainy,30.3,1098,3026,1077
Somnath,2025-04-05,14,Saturday,1,0,0,Rainy,30.1,1077,3000,1207
Somnath,2025-04-05,15,Saturday,1,0,0,Rainy,31.5,1207,3352,1495
Somnath,2025-04-05,16,Saturday,1,0,0,Rainy,29.8,1495,4491,2245
Somnath,2025-04-05,17,Saturday,1,0,0,Rainy,29.7,2245,5277,2466
Somnath,2025-04-05,18,Saturday,1,0,0,Rainy,28.1,2466,6093,2690
Somnath,2025-04-05,19,Saturday,1,0,0,Rainy,26.1,2690,5963,2316
Somnath,2025-04-05,20,Saturday,1,0,0,Rainy,24.1,2316,5655,2229
Somnath,2025-04-05,21,Saturday,1,0,0,Rainy,22.7,2229,3935,1027
Somnath,2025-04-05,22,Saturday,1,0,0,Rainy,22.6,1027,2494,487
Somnath,2025-04-05,23,Saturday,1,0,0,Rainy,21.8,487,1322,152
Somnath,2025-04-06,0,Sunday,1,1,1,Clear,23.9,152,761,120
Somnath,2025-04-06,1,Sunday,1,1,1,Clear,24.3,120,480,83
Somnath,2025-04-06,2,Sunday,1,1,1,Clear,22.4,83,333,98
Somnath,2025-04-06,3,Sunday,1,1,1,Clear,24.4,98,419,196
Somnath,2025-04-06,4,Sunday,1,1,1,Clear,23.5,196,2520,1738
Somnath,2025-04-06,5,Sunday,1,1,1,Clear,23.7,1738,5621,3193
Somnath,2025-04-06,6,Sunday,1,1,1,Clear,25.8,3193,8920,4580
Somnath,2025-04-06,7,Sunday,1,1,1,Clear,27.7,4580,14039,7318
Somnath,2025-04-06,8,Sunday,1,1,1,Clear,28.0,7318,20694,10575
Somnath,2025-04-06,9,Sunday,1,1,1,Clear,29.9,10575,16585,5731
Somnath,2025-04-06,10,Sunday,1,1,1,Clear,31.4,5731,14031,4917
Somnath,2025-04-06,11,Sunday,1,1,1,Clear,31.9,4917,12734,4903
Somnath,2025-04-06,12,Sunday,1,1,1,Clear,32.9,4903,10024,3379
Somnath,2025-04-06,13,Sunday,1,1,1,Clear,33.3,3379,9592,3602
Somnath,2025-04-06,14,Sunday,1,1,1,Clear,34.1,3602,11737,5160
Somnath,2025-04-06,15,Sunday,1,1,1,Clear,32.8,5160,13342,5968
Somnath,2025-04-06,16,Sunday,1,1,1,Clear,33.2,5968,17043,8249
Somnath,2025-04-06,17,Sunday,1,1,1,Clear,32.1,8249,18729,8170
Somnath,2025-04-06,18,Sunday,1,1,1,Clear,31.1,8170,18986,7671
Somnath,2025-04-06,19,Sunday,1,1,1,Clear,29.6,7671,20141,8662
Somnath,2025-04-06,20,Sunday,1,1,1,Clear,29.3,8662,16193,4715
Somnath,2025-04-06,21,Sunday,1,1,1,Clear,26.9,4715,12222,3666
Somnath,2025-04-06,22,Sunday,1,1,1,Clear,26.5,3666,7109,1206
Somnath,2025-04-06,23,Sunday,1,1,1,Clear,25.8,1206,3555,340
Somnath,2025-04-07,0,Monday,0,0,0,Clear,21.3,340,1596,46
Somnath,2025-04-07,1,Monday,0,0,0,Clear,20.1,46,799,30
Somnath,2025-04-07,2,Monday,0,0,0,Clear,20.1,30,392,30
Somnath,2025-04-07,3,Monday,0,0,0,Clear,20.9,30,266,86
Somnath,2025-04-07,4,Monday,0,0,0,Clear,21.8,86,1023,674
Somnath,2025-04-07,5,Monday,0,0,0,Clear,21.5,674,1997,1151
Somnath,2025-04-07,6,Monday,0,0,0,Clear,23.3,1151,3185,1731
Somnath,2025-04-07,7,Monday,0,0,0,Clear,25.3,1731,4849,2464
Somnath,2025-04-07,8,Monday,0,0,0,Clear,26.0,2464,5508,2412
Somnath,2025-04-07,9,Monday,0,0,0,Clear,27.1,2412,5926,2531
Somnath,2025-04-07,10,Monday,0,0,0,Clear,28.7,2531,6157,2469
Somnath,2025-04-07,11,Monday,0,0,0,Clear,29.7,2469,4838,1580
Somnath,2025-04-07,12,Monday,0,0,0,Clear,32.1,1580,4344,1414
Somnath,2025-04-07,13,Monday,0,0,0,Clear,31.7,1414,3560,1167
Somnath,2025-04-07,14,Monday,0,0,0,Clear,31.0,1167,3113,1118
Somnath,2025-04-07,15,Monday,0,0,0,Clear,31.6,1118,3668,1658
Somnath,2025-04-07,16,Monday,0,0,0,Clear,30.8,1658,4456,2106
Somnath,2025-04-07,17,Monday,0,0,0,Clear,28.9,2106,5443,2642
Somnath,2025-04-07,18,Monday,0,0,0,Clear,27.9,2642,7394,3746
Somnath,2025-04-07,19,Monday,0,0,0,Clear,27.2,3746,6817,2440
Somnath,2025-04-07,20,Monday,0,0,0,Clear,26.6,2440,6025,2156
Somnath,2025-04-07,21,Monday,0,0,0,Clear,24.3,2156,4302,983
Somnath,2025-04-07,22,Monday,0,0,0,Clear,22.7,983,2749,526
Somnath,2025-04-07,23,Monday,0,0,0,Clear,21.7,526,1531,183
Somnath,2025-04-08,0,Tuesday,0,0,0,Clear,24.1,183,738,31
Somnath,2025-04-08,1,Tuesday,0,0,0,Clear,24.4,31,329,21
Somnath,2025-04-08,2,Tuesday,0,0,0,Clear,24.5,21,189,28
Somnath,2025-04-08,3,Tuesday,0,0,0,Clear,24.7,28,166,59
Somnath,2025-04-08,4,Tuesday,0,0,0,Clear,25.5,59,620,405
Somnath,2025-04-08,5,Tuesday,0,0,0,Clear,25.3,405,1369,804
Somnath,2025-04-08,6,Tuesday,0,0,0,Clear,26.6,804,2719,1548
Somnath,2025-04-08,7,Tuesday,0,0,0,Clear,28.6,1548,4183,2189
Somnath,2025-04-08,8,Tuesday,0,0,0,Clear,28.7,2189,4532,1960
Somnath,2025-04-08,9,Tuesday,0,0,0,Clear,29.7,1960,4959,2152
Somnath,2025-04-08,10,Tuesday,0,0,0,Clear,32.3,2152,4620,1821
Somnath,2025-04-08,11,Tuesday,0,0,0,Clear,33.5,1821,3751,1253
Somnath,2025-04-08,12,Tuesday,0,0,0,Clear,33.5,1253,3113,1079
Somnath,2025-04-08,13,Tuesday,0,0,0,Clear,34.9,1079,2316,617
Somnath,2025-04-08,14,Tuesday,0,0,0,Clear,35.3,617,2312,949
Somnath,2025-04-08,15,Tuesday,0,0,0,Clear,34.8,949,3106,1598
Somnath,2025-04-08,16,Tuesday,0,0,0,Clear,34.5,1598,3334,1435
Somnath,2025-04-08,17,Tuesday,0,0,0,Clear,33.0,1435,4048,1888
Somnath,2025-04-08,18,Tuesday,0,0,0,Clear,31.4,1888,4947,2436
Somnath,2025-04-08,19,Tuesday,0,0,0,Clear,31.1,2436,4389,1699
Somnath,2025-04-08,20,Tuesday,0,0,0,Clear,29.6,1699,3463,1099
Somnath,2025-04-08,21,Tuesday,0,0,0,Clear,27.2,1099,2589,817
Somnath,2025-04-08,22,Tuesday,0,0,0,Clear,26.6,817,1583,343
Somnath,2025-04-08,23,Tuesday,0,0,0,Clear,25.7,343,859,92
Somnath,2025-04-09,0,Wednesday,0,0,0,Clear,23.2,92,402,37
Somnath,2025-04-09,1,Wednesday,0,0,0,Clear,23.5,37,210,25
Somnath,2025-04-09,2,Wednesday,0,0,0,Clear,23.1,25,122,22
Somnath,2025-04-09,3,Wednesday,0,0,0,Clear,22.9,22,125,50
Somnath,2025-04-09,4,Wednesday,0,0,0,Clear,22.5,50,523,348
Somnath,2025-04-09,5,Wednesday,0,0,0,Clear,24.4,348,1281,786
Somnath,2025-04-09,6,Wednesday,0,0,0,Clear,24.7,786,2590,1517
Somnath,2025-04-09,7,Wednesday,0,0,0,Clear,25.6,1517,4451,2471
Somnath,2025-04-09,8,Wednesday,0,0,0,Clear,27.5,2471,4657,1997
Somnath,2025-04-09,9,Wednesday,0,0,0,Clear,29.4,1997,4878,2085
Somnath,2025-04-09,10,Wednesday,0,0,0,Clear,29.5,2085,4669,1840
Somnath,2025-04-09,11,Wednesday,0,0,0,Clear,32.4,1840,3459,991
Somnath,2025-04-09,12,Wednesday,0,0,0,Clear,33.4,991,2707,865
Somnath,2025-04-09,13,Wednesday,0,0,0,Clear,32.9,865,2195,738
Somnath,2025-04-09,14,Wednesday,0,0,0,Clear,32.7,738,2249,889
Somnath,2025-04-09,15,Wednesday,0,0,0,Clear,33.0,889,2780,1279
Somnath,2025-04-09,16,Wednesday,0,0,0,Clear,32.0,1279,3225,1490
Somnath,2025-04-09,17,Wednesday,0,0,0,Clear,31.4,1490,3829,1788
Somnath,2025-04-09,18,Wednesday,0,0,0,Clear,30.0,1788,5315,2838
Somnath,2025-04-09,19,Wednesday,0,0,0,Clear,28.9,2838,5403,2220
Somnath,2025-04-09,20,Wednesday,0,0,0,Clear,28.1,2220,4200,1370
Somnath,2025-04-09,21,Wednesday,0,0,0,Clear,25.0,1370,2909,809
Somnath,2025-04-09,22,Wednesday,0,0,0,Clear,24.6,809,1854,319
Somnath,2025-04-09,23,Wednesday,0,0,0,Clear,25.4,319,972,116
Somnath,2025-04-10,0,Thursday,0,0,0,Sunny,21.2,116,431,34
Somnath,2025-04-10,1,Thursday,0,0,0,Sunny,20.0,34,214,26
Somnath,2025-04-10,2,Thursday,0,0,0,Sunny,19.6,26,130,25
Somnath,2025-04-10,3,Thursday,0,0,0,Sunny,19.2,25,146,66
Somnath,2025-04-10,4,Thursday,0,0,0,Sunny,19.3,66,505,322
Somnath,2025-04-10,5,Thursday,0,0,0,Sunny,21.4,322,1425,891
Somnath,2025-04-10,6,Thursday,0,0,0,Sunny,21.8,891,2511,1395
Somnath,2025-04-10,7,Thursday,0,0,0,Sunny,22.1,1395,3583,1830
Somnath,2025-04-10,8,Thursday,0,0,0,Sunny,25.1,1830,4599,2165
Somnath,2025-04-10,9,Thursday,0,0,0,Sunny,26.9,2165,5092,2203
Somnath,2025-04-10,10,Thursday,0,0,0,Sunny,27.3,2203,4353,1464
Somnath,2025-04-10,11,Thursday,0,0,0,Sunny,29.4,1464,4049,1409
Somnath,2025-04-10,12,Thursday,0,0,0,Sunny,28.3,1409,3006,819
Somnath,2025-04-10,13,Thursday,0,0,0,Sunny,29.9,819,2653,964
Somnath,2025-04-10,14,Thursday,0,0,0,Sunny,29.4,964,2417,974
Somnath,2025-04-10,15,Thursday,0,0,0,Sunny,29.1,974,3098,1454
Somnath,2025-04-10,16,Thursday,0,0,0,Sunny,29.5,1454,3242,1387
Somnath,2025-04-10,17,Thursday,0,0,0,Sunny,27.7,1387,4708,2438
Somnath,2025-04-10,18,Thursday,0,0,0,Sunny,26.7,2438,5157,2301
Somnath,2025-04-10,19,Thursday,0,0,0,Sunny,27.0,2301,4484,1723
Somnath,2025-04-10,20,Thursday,0,0,0,Sunny,23.4,1723,3859,1406
Somnath,2025-04-10,21,Thursday,0,0,0,Sunny,22.5,1406,3076,949
Somnath,2025-04-10,22,Thursday,0,0,0,Sunny,22.1,949,1992,416
Somnath,2025-04-10,23,Thursday,0,0,0,Sunny,20.5,416,1073,104
Somnath,2025-04-11,0,Friday,0,0,0,Cloudy,19.6,104,518,41
Somnath,2025-04-11,1,Friday,0,0,0,Cloudy,19.2,41,264,24
Somnath,2025-04-11,2,Friday,0,0,0,Cloudy,19.6,24,142,24
Somnath,2025-04-11,3,Friday,0,0,0,Cloudy,18.2,24,166,75
Somnath,2025-04-11,4,Friday,0,0,0,Cloudy,19.3,75,665,436
Somnath,2025-04-11,5,Friday,0,0,0,Cloudy,19.7,436,1680,1031
Somnath,2025-04-11,6,Friday,0,0,0,Cloudy,20.8,1031,2979,1657
Somnath,2025-04-11,7,Friday,0,0,0,Cloudy,22.6,1657,4221,2317
Somnath,2025-04-11,8,Friday,0,0,0,Cloudy,23.5,2317,5199,2338
Somnath,2025-04-11,9,Friday,0,0,0,Cloudy,24.7,2338,5524,2229
Somnath,2025-04-11,10,Friday,0,0,0,Cloudy,25.8,2229,5012,1945
Somnath,2025-04-11,11,Friday,0,0,0,Cloudy,27.3,1945,4041,1384
Somnath,2025-04-11,12,Friday,0,0,0,Cloudy,30.1,1384,3502,1173
Somnath,2025-04-11,13,Friday,0,0,0,Cloudy,29.3,1173,2640,765
Somnath,2025-04-11,14,Friday,0,0,0,Rainy,29.8,765,2302,794
Somnath,2025-04-11,15,Friday,0,0,0,Cloudy,28.4,794,3471,1820
Somnath,2025-04-11,16,Friday,0,0,0,Cloudy,27.8,1820,4092,1839
Somnath,2025-04-11,17,Friday,0,0,0,Rainy,27.7,1839,3813,1454
Somnath,2025-04-11,18,Friday,0,0,0,Cloudy,26.3,1454,5288,2586
Somnath,2025-04-11,19,Friday,0,0,0,Cloudy,25.0,2586,4908,1693
Somnath,2025-04-11,20,Friday,0,0,0,Cloudy,23.3,1693,4220,1400
Somnath,2025-04-11,21,Friday,0,0,0,Cloudy,22.3,1400,3187,920
Somnath,2025-04-11,22,Friday,0,0,0,Cloudy,22.0,920,2059,382
Somnath,2025-04-11,23,Friday,0,0,0,Cloudy,18.9,382,1083,145
Somnath,2025-04-12,0,Saturday,1,0,0,Clear,25.3,145,593,62
Somnath,2025-04-12,1,Saturday,1,0,0,Clear,25.6,62,306,34
Somnath,2025-04-12,2,Saturday,1,0,0,Clear,25.0,34,194,38
Somnath,2025-04-12,3,Saturday,1,0,0,Clear,24.0,38,221,100
Somnath,2025-04-12,4,Saturday,1,0,0,Clear,25.2,100,929,615
Somnath,2025-04-12,5,Saturday,1,0,0,Clear,24.4,615,2187,1324
Somnath,2025-04-12,6,Saturday,1,0,0,Clear,28.0,1324,4150,2353
Somnath,2025-04-12,7,Saturday,1,0,0,Clear,29.8,2353,6917,3678
Somnath,2025-04-12,8,Saturday,1,0,0,Clear,30.0,3678,8194,3791
Somnath,2025-04-12,9,Saturday,1,0,0,Clear,31.5,3791,8070,3328
Somnath,2025-04-12,10,Saturday,1,0,0,Clear,33.8,3328,7304,2637
Somnath,2025-04-12,11,Saturday,1,0,0,Clear,34.9,2637,6429,2499
Somnath,2025-04-12,12,Saturday,1,0,0,Clear,35.1,2499,5318,1701
Somnath,2025-04-12,13,Saturday,1,0,0,Clear,34.7,1701,4189,1242
Somnath,2025-04-12,14,Saturday,1,0,0,Clear,35.1,1242,4158,1574
Somnath,2025-04-12,15,Saturday,1,0,0,Clear,35.3,1574,4403,1936
Somnath,2025-04-12,16,Saturday,1,0,0,Clear,35.0,1936,5159,2372
Somnath,2025-04-12,17,Saturday,1,0,0,Clear,34.2,2372,7852,4039
Somnath,2025-04-12,18,Saturday,1,0,0,Clear,32.5,4039,9303,4313
Somnath,2025-04-12,19,Saturday,1,0,0,Clear,30.9,4313,8550,3009
Somnath,2025-04-12,20,Saturday,1,0,0,Clear,30.4,3009,7277,2307
Somnath,2025-04-12,21,Saturday,1,0,0,Clear,28.1,2307,4565,1152
Somnath,2025-04-12,22,Saturday,1,0,0,Clear,27.9,1152,3007,588
Somnath,2025-04-12,23,Saturday,1,0,0,Clear,26.7,588,1600,183
Somnath,2025-04-13,0,Sunday,1,0,0,Clear,24.7,183,813,63
Somnath,2025-04-13,1,Sunday,1,0,0,Clear,23.0,63,421,43
Somnath,2025-04-13,2,Sunday,1,0,0,Clear,22.0,43,251,43
Somnath,2025-04-13,3,Sunday,1,0,0,Clear,22.1,43,273,117
Somnath,2025-04-13,4,Sunday,1,0,0,Clear,23.5,117,1229,819
Somnath,2025-04-13,5,Sunday,1,0,0,Clear,24.1,819,2743,1637
Somnath,2025-04-13,6,Sunday,1,0,0,Clear,25.1,1637,4839,2714
Somnath,2025-04-13,7,Sunday,1,0,0,Clear,27.7,2714,5874,2843
Somnath,2025-04-13,8,Sunday,1,0,0,Clear,28.4,2843,7894,3990
Somnath,2025-04-13,9,Sunday,1,0,0,Clear,29.4,3990,8807,3896
Somnath,2025-04-13,10,Sunday,1,0,0,Clear,31.8,3896,7144,2254
Somnath,2025-04-13,11,Sunday,1,0,0,Clear,32.1,2254,6603,2534
Somnath,2025-04-13,12,Sunday,1,0,0,Clear,32.0,2534,5348,1671
Somnath,2025-04-13,13,Sunday,1,0,0,Clear,33.1,1671,4403,1570
Somnath,2025-04-13,14,Sunday,1,0,0,Clear,32.8,1570,3972,1503
Somnath,2025-04-13,15,Sunday,1,0,0,Clear,33.3,1503,4998,2206
Somnath,2025-04-13,16,Sunday,1,0,0,Clear,32.3,2206,6165,2892
Somnath,2025-04-13,17,Sunday,1,0,0,Clear,31.0,2892,7708,3539
Somnath,2025-04-13,18,Sunday,1,0,0,Clear,30.3,3539,8047,3510
Somnath,2025-04-13,19,Sunday,1,0,0,Clear,28.7,3510,8152,3196
Somnath,2025-04-13,20,Sunday,1,0,0,Clear,26.9,3196,6782,2287
Somnath,2025-04-13,21,Sunday,1,0,0,Clear,25.2,2287,4641,1254
Somnath,2025-04-13,22,Sunday,1,0,0,Clear,24.6,1254,2892,608
Somnath,2025-04-13,23,Sunday,1,0,0,Clear,23.6,608,1694,208
Somnath,2025-04-14,0,Monday,0,1,1,Clear,23.9,208,911,90
Somnath,2025-04-14,1,Monday,0,1,1,Clear,23.2,90,489,72
Somnath,2025-04-14,2,Monday,0,1,1,Clear,22.6,72,337,79
Somnath,2025-04-14,3,Monday,0,1,1,Clear,23.6,79,395,174
Somnath,2025-04-14,4,Monday,0,1,1,Clear,23.5,174,1636,1075
Somnath,2025-04-14,5,Monday,0,1,1,Clear,24.4,1075,4455,2762
Somnath,2025-04-14,6,Monday,0,1,1,Clear,25.6,2762,7568,4246
Somnath,2025-04-14,7,Monday,0,1,1,Clear,26.4,4246,14527,8053
Somnath,2025-04-14,8,Monday,0,1,1,Clear,27.6,8053,15193,6465
Somnath,2025-04-14,9,Monday,0,1,1,Clear,29.3,6465,12907,4579
Somnath,2025-04-14,10,Monday,0,1,1,Clear,31.9,4579,12577,5286
Somnath,2025-04-14,11,Monday,0,1,1,Clear,32.4,5286,9794,3248
Somnath,2025-04-14,12,Monday,0,1,1,Clear,30.9,3248,8257,3020
Somnath,2025-04-14,13,Monday,0,1,1,Clear,34.1,3020,6444,2161
Somnath,2025-04-14,14,Monday,0,1,1,Clear,33.9,2161,7647,3465
Somnath,2025-04-14,15,Monday,0,1,1,Clear,32.3,3465,10822,5582
Somnath,2025-04-14,16,Monday,0,1,1,Clear,34.3,5582,11978,5212
Somnath,2025-04-14,17,Monday,0,1,1,Clear,31.5,5212,11838,4824
Somnath,2025-04-14,18,Monday,0,1,1,Clear,31.5,4824,15403,7743
Somnath,2025-04-14,19,Monday,0,1,1,Clear,30.2,7743,15254,6234
Somnath,2025-04-14,20,Monday,0,1,1,Clear,28.2,6234,12936,4550
Somnath,2025-04-14,21,Monday,0,1,1,Clear,27.5,4550,9488,2742
Somnath,2025-04-14,22,Monday,0,1,1,Clear,24.7,2742,5352,960
Somnath,2025-04-14,23,Monday,0,1,1,Clear,24.1,960,2961,416
Somnath,2025-04-15,0,Tuesday,0,0,0,Clear,24.7,416,1403,36
Somnath,2025-04-15,1,Tuesday,0,0,0,Clear,24.1,36,678,22
Somnath,2025-04-15,2,Tuesday,0,0,0,Clear,23.3,22,331,22
Somnath,2025-04-15,3,Tuesday,0,0,0,Clear,23.4,22,221,51
Somnath,2025-04-15,4,Tuesday,0,0,0,Clear,25.0,51,694,445
Somnath,2025-04-15,5,Tuesday,0,0,0,Clear,25.9,445,1398,797
Somnath,2025-04-15,6,Tuesday,0,0,0,Clear,25.6,797,2686,1516
Somnath,2025-04-15,7,Tuesday,0,0,0,Clear,26.5,1516,4016,2019
Somnath,2025-04-15,8,Tuesday,0,0,0,Clear,28.7,2019,5037,2405
Somnath,2025-04-15,9,Tuesday,0,0,0,Clear,30.7,2405,4425,1396
Somnath,2025-04-15,10,Tuesday,0,0,0,Clear,32.3,1396,3812,1494
Somnath,2025-04-15,11,Tuesday,0,0,0,Clear,32.7,1494,3195,1068
Somnath,2025-04-15,12,Tuesday,0,0,0,Clear,33.6,1068,2583,789
Somnath,2025-04-15,13,Tuesday,0,0,0,Clear,34.3,789,2336,869
Somnath,2025-04-15,14,Tuesday,0,0,0,Clear,33.2,869,2461,1055
Somnath,2025-04-15,15,Tuesday,0,0,0,Clear,33.0,1055,3151,1428
Somnath,2025-04-15,16,Tuesday,0,0,0,Clear,33.3,1428,4224,2074
Somnath,2025-04-15,17,Tuesday,0,0,0,Clear,32.3,2074,4543,1842
Somnath,2025-04-15,18,Tuesday,0,0,0,Clear,31.0,1842,5161,2351
Somnath,2025-04-15,19,Tuesday,0,0,0,Clear,29.9,2351,4977,1999
Somnath,2025-04-15,20,Tuesday,0,0,0,Clear,28.6,1999,4468,1518
Somnath,2025-04-15,21,Tuesday,0,0,0,Clear,27.8,1518,2923,714
Somnath,2025-04-15,22,Tuesday,0,0,0,Clear,26.2,714,1715,344
Somnath,2025-04-15,23,Tuesday,0,0,0,Clear,25.5,344,857,112
Somnath,2025-04-16,0,Wednesday,0,0,0,Clear,19.9,112,447,42
Somnath,2025-04-16,1,Wednesday,0,0,0,Clear,18.9,42,229,23
Somnath,2025-04-16,2,Wednesday,0,0,0,Clear,19.5,23,142,24
Somnath,2025-04-16,3,Wednesday,0,0,0,Clear,19.4,24,160,69
Somnath,2025-04-16,4,Wednesday,0,0,0,Clear,19.5,69,768,515
Somnath,2025-04-16,5,Wednesday,0,0,0,Clear,20.3,515,1775,1032
Somnath,2025-04-16,6,Wednesday,0,0,0,Clear,21.9,1032,2726,1433
Somnath,2025-04-16,7,Wednesday,0,0,0,Clear,23.6,1433,4279,2235
Somnath,2025-04-16,8,Wednesday,0,0,0,Clear,24.6,2235,5268,2498
Somnath,2025-04-16,9,Wednesday,0,0,0,Clear,26.5,2498,4849,1798
Somnath,2025-04-16,10,Wednesday,0,0,0,Clear,27.1,1798,4259,1569
Somnath,2025-04-16,11,Wednesday,0,0,0,Clear,29.0,1569,3449,1188
Somnath,2025-04-16,12,Wednesday,0,0,0,Clear,30.3,1188,2737,1015
Somnath,2025-04-16,13,Wednesday,0,0,0,Clear,29.2,1015,2030,635
Somnath,2025-04-16,14,Wednesday,0,0,0,Clear,27.9,635,2134,943
Somnath,2025-04-16,15,Wednesday,0,0,0,Clear,29.6,943,2343,1021
Somnath,2025-04-16,16,Wednesday,0,0,0,Clear,28.8,1021,3773,1959
Somnath,2025-04-16,17,Wednesday,0,0,0,Clear,28.7,1959,4502,1952
Somnath,2025-04-16,18,Wednesday,0,0,0,Clear,26.2,1952,4527,1859
Somnath,2025-04-16,19,Wednesday,0,0,0,Clear,27.2,1859,4397,1762
Somnath,2025-04-16,20,Wednesday,0,0,0,Clear,23.6,1762,4120,1516
Somnath,2025-04-16,21,Wednesday,0,0,0,Clear,23.6,1516,2777,732
Somnath,2025-04-16,22,Wednesday,0,0,0,Clear,21.1,732,1644,342
Somnath,2025-04-16,23,Wednesday,0,0,0,Clear,20.1,342,866,107
Somnath,2025-04-17,0,Thursday,0,0,0,Sunny,20.0,107,439,34
Somnath,2025-04-17,1,Thursday,0,0,0,Sunny,18.8,34,231,24
Somnath,2025-04-17,2,Thursday,0,0,0,Sunny,18.4,24,136,27
Somnath,2025-04-17,3,Thursday,0,0,0,Sunny,19.5,27,156,68
Somnath,2025-04-17,4,Thursday,0,0,0,Sunny,20.0,68,605,394
Somnath,2025-04-17,5,Thursday,0,0,0,Sunny,21.2,394,1367,819
Somnath,2025-04-17,6,Thursday,0,0,0,Sunny,20.6,819,2796,1617
Somnath,2025-04-17,7,Thursday,0,0,0,Sunny,23.8,1617,4160,2087
Somnath,2025-04-17,8,Thursday,0,0,0,Sunny,24.1,2087,5189,2494
Somnath,2025-04-17,9,Thursday,0,0,0,Sunny,26.3,2494,4562,1629
Somnath,2025-04-17,10,Thursday,0,0,0,Sunny,25.9,1629,4250,1594
Somnath,2025-04-17,11,Thursday,0,0,0,Sunny,27.9,1594,3603,1192
Somnath,2025-04-17,12,Thursday,0,0,0,Sunny,29.0,1192,2822,887
Somnath,2025-04-17,13,Thursday,0,0,0,Sunny,31.2,887,2619,945
Somnath,2025-04-17,14,Thursday,0,0,0,Sunny,30.0,945,2414,1020
Somnath,2025-04-17,15,Thursday,0,0,0,Sunny,29.2,1020,2633,1221
Somnath,2025-04-17,16,Thursday,0,0,0,Sunny,28.4,1221,2997,1344
Somnath,2025-04-17,17,Thursday,0,0,0,Sunny,28.7,1344,4640,2417
Somnath,2025-04-17,18,Thursday,0,0,0,Sunny,26.6,2417,4360,1819
Somnath,2025-04-17,19,Thursday,0,0,0,Sunny,25.1,1819,4229,1691
Somnath,2025-04-17,20,Thursday,0,0,0,Sunny,23.9,1691,3865,1470
Somnath,2025-04-17,21,Thursday,0,0,0,Sunny,23.2,1470,2911,944
Somnath,2025-04-17,22,Thursday,0,0,0,Sunny,22.1,944,1763,352
Somnath,2025-04-17,23,Thursday,0,0,0,Sunny,21.3,352,933,131
Somnath,2025-04-18,0,Friday,0,1,0,Cloudy,20.4,131,511,66
Somnath,2025-04-18,1,Friday,0,1,0,Cloudy,19.9,66,272,32
Somnath,2025-04-18,2,Friday,0,1,0,Cloudy,19.3,32,175,41
Somnath,2025-04-18,3,Friday,0,1,0,Cloudy,19.2,41,216,102
Somnath,2025-04-18,4,Friday,0,1,0,Cloudy,21.0,102,1104,749
Somnath,2025-04-18,5,Friday,0,1,0,Cloudy,21.7,749,2349,1400
Somnath,2025-04-18,6,Friday,0,1,0,Cloudy,23.1,1400,4068,2274
Somnath,2025-04-18,7,Friday,0,1,0,Cloudy,23.9,2274,6324,3269
Somnath,2025-04-18,8,Friday,0,1,0,Cloudy,25.6,3269,7947,3496
Somnath,2025-04-18,9,Friday,0,1,0,Cloudy,26.2,3496,7525,2940
Somnath,2025-04-18,10,Friday,0,1,0,Cloudy,27.4,2940,7396,2860
Somnath,2025-04-18,11,Friday,0,1,0,Cloudy,29.0,2860,6473,2191
Somnath,2025-04-18,12,Friday,0,1,0,Cloudy,30.6,2191,5305,1771
Somnath,2025-04-18,13,Friday,0,1,0,Cloudy,30.7,1771,4177,1313
Somnath,2025-04-18,14,Friday,0,1,0,Cloudy,30.4,1313,3881,1435
Somnath,2025-04-18,15,Friday,0,1,0,Rainy,30.8,1435,4064,1711
Somnath,2025-04-18,16,Friday,0,1,0,Cloudy,29.7,1711,6229,3110
Somnath,2025-04-18,17,Friday,0,1,0,Cloudy,28.9,3110,6984,3180
Somnath,2025-04-18,18,Friday,0,1,0,Cloudy,27.5,3180,8170,3779
Somnath,2025-04-18,19,Friday,0,1,0,Cloudy,26.1,3779,7379,2696
Somnath,2025-04-18,20,Friday,0,1,0,Cloudy,25.5,2696,6521,2334
Somnath,2025-04-18,21,Friday,0,1,0,Cloudy,23.7,2334,4745,1315
Somnath,2025-04-18,22,Friday,0,1,0,Cloudy,23.4,1315,2932,419
Somnath,2025-04-18,23,Friday,0,1,0,Cloudy,20.7,419,1612,195
Somnath,2025-04-19,0,Saturday,1,0,0,Clear,25.7,195,818,75
Somnath,2025-04-19,1,Saturday,1,0,0,Clear,25.9,75,385,38
Somnath,2025-04-19,2,Saturday,1,0,0,Clear,24.1,38,231,36
Somnath,2025-04-19,3,Saturday,1,0,0,Clear,25.9,36,243,107
Somnath,2025-04-19,4,Saturday,1,0,0,Clear,27.0,107,919,599
Somnath,2025-04-19,5,Saturday,1,0,0,Clear,26.8,599,2345,1410
Somnath,2025-04-19,6,Saturday,1,0,0,Clear,27.5,1410,4032,2204
Somnath,2025-04-19,7,Saturday,1,0,0,Clear,28.9,2204,8484,4895
Somnath,2025-04-19,8,Saturday,1,0,0,Clear,30.3,4895,7683,3129
Somnath,2025-04-19,9,Saturday,1,0,0,Clear,31.3,3129,8040,3212
Somnath,2025-04-19,10,Saturday,1,0,0,Clear,33.8,3212,7290,2763
Somnath,2025-04-19,11,Saturday,1,0,0,Clear,34.4,2763,6364,2075
Somnath,2025-04-19,12,Saturday,1,0,0,Clear,35.0,2075,4599,1520
Somnath,2025-04-19,13,Saturday,1,0,0,Clear,35.5,1520,3965,1486
Somnath,2025-04-19,14,Saturday,1,0,0,Clear,35.3,1486,4076,1795
Somnath,2025-04-19,15,Saturday,1,0,0,Clear,36.3,1795,4473,1981
Somnath,2025-04-19,16,Saturday,1,0,0,Clear,34.4,1981,6193,2913
Somnath,2025-04-19,17,Saturday,1,0,0,Clear,34.7,2913,7152,3116
Somnath,2025-04-19,18,Saturday,1,0,0,Clear,33.0,3116,9308,4415
Somnath,2025-04-19,19,Saturday,1,0,0,Clear,30.1,4415,8062,2723
Somnath,2025-04-19,20,Saturday,1,0,0,Clear,30.6,2723,6264,2038
Somnath,2025-04-19,21,Saturday,1,0,0,Clear,28.0,2038,4926,1330
Somnath,2025-04-19,22,Saturday,1,0,0,Clear,28.4,1330,3326,749
Somnath,2025-04-19,23,Saturday,1,0,0,Clear,27.5,749,1853,243
Somnath,2025-04-20,0,Sunday,1,0,1,Cloudy,23.2,243,1001,120
Somnath,2025-04-20,1,Sunday,1,0,1,Cloudy,21.5,120,546,75
Somnath,2025-04-20,2,Sunday,1,0,1,Cloudy,21.1,75,400,101
Somnath,2025-04-20,3,Sunday,1,0,1,Cloudy,22.2,101,482,218
Somnath,2025-04-20,4,Sunday,1,0,1,Cloudy,21.8,218,2039,1338
Somnath,2025-04-20,5,Sunday,1,0,1,Cloudy,22.1,1338,5318,3203
Somnath,2025-04-20,6,Sunday,1,0,1,Cloudy,24.2,3203,8813,4686
Somnath,2025-04-20,7,Sunday,1,0,1,Cloudy,25.8,4686,13577,7015
Somnath,2025-04-20,8,Sunday,1,0,1,Cloudy,27.5,7015,16491,7526
Somnath,2025-04-20,9,Sunday,1,0,1,Cloudy,28.1,7526,17856,7777
Somnath,2025-04-20,10,Sunday,1,0,1,Cloudy,29.6,7777,16332,5729
Somnath,2025-04-20,11,Sunday,1,0,1,Cloudy,32.1,5729,13273,4302
Somnath,2025-04-20,12,Sunday,1,0,1,Cloudy,31.8,4302,11224,3754
Somnath,2025-04-20,13,Sunday,1,0,1,Cloudy,31.7,3754,10680,3991
Somnath,2025-04-20,14,Sunday,1,0,1,Rainy,32.1,3991,8004,2252
Somnath,2025-04-20,15,Sunday,1,0,1,Cloudy,32.1,2252,9890,4611
Somnath,2025-04-20,16,Sunday,1,0,1,Cloudy,31.8,4611,13476,6749
Somnath,2025-04-20,17,Sunday,1,0,1,Cloudy,30.1,6749,15861,7303
Somnath,2025-04-20,18,Sunday,1,0,1,Cloudy,28.7,7303,17561,7459
Somnath,2025-04-20,19,Sunday,1,0,1,Cloudy,28.5,7459,16458,6764
Somnath,2025-04-20,20,Sunday,1,0,1,Cloudy,27.9,6764,13297,4752
Somnath,2025-04-20,21,Sunday,1,0,1,Cloudy,24.7,4752,11248,3976
Somnath,2025-04-20,22,Sunday,1,0,1,Cloudy,23.8,3976,6951,1411
Somnath,2025-04-20,23,Sunday,1,0,1,Cloudy,23.8,1411,3961,482
Somnath,2025-04-21,0,Monday,0,0,0,Clear,27.7,482,2015,37
Somnath,2025-04-21,1,Monday,0,0,0,Clear,25.3,37,945,30
Somnath,2025-04-21,2,Monday,0,0,0,Clear,26.1,30,453,37
Somnath,2025-04-21,3,Monday,0,0,0,Clear,26.5,37,309,76
Somnath,2025-04-21,4,Monday,0,0,0,Clear,26.8,76,909,573
Somnath,2025-04-21,5,Monday,0,0,0,Clear,27.4,573,2127,1258
Somnath,2025-04-21,6,Monday,0,0,0,Clear,28.4,1258,3646,1970
Somnath,2025-04-21,7,Monday,0,0,0,Clear,30.0,1970,5674,3043
Somnath,2025-04-21,8,Monday,0,0,0,Clear,30.3,3043,6250,2811
Somnath,2025-04-21,9,Monday,0,0,0,Clear,32.7,2811,6259,2476
Somnath,2025-04-21,10,Monday,0,0,0,Clear,33.9,2476,5956,2309
Somnath,2025-04-21,11,Monday,0,0,0,Clear,35.2,2309,5257,1858
Somnath,2025-04-21,12,Monday,0,0,0,Clear,35.5,1858,4407,1533
Somnath,2025-04-21,13,Monday,0,0,0,Clear,35.7,1533,3465,1160
Somnath,2025-04-21,14,Monday,0,0,0,Clear,37.0,1160,3921,1795
Somnath,2025-04-21,15,Monday,0,0,0,Clear,36.7,1795,3754,1444
Somnath,2025-04-21,16,Monday,0,0,0,Clear,35.4,1444,4538,2179
Somnath,2025-04-21,17,Monday,0,0,0,Clear,35.6,2179,6487,3291
Somnath,2025-04-21,18,Monday,0,0,0,Clear,33.5,3291,7971,3823
Somnath,2025-04-21,19,Monday,0,0,0,Clear,31.5,3823,7086,2739
Somnath,2025-04-21,20,Monday,0,0,0,Clear,32.0,2739,5792,1857
Somnath,2025-04-21,21,Monday,0,0,0,Clear,30.9,1857,3857,981
Somnath,2025-04-21,22,Monday,0,0,0,Clear,28.7,981,2467,584
Somnath,2025-04-21,23,Monday,0,0,0,Clear,27.3,584,1310,172
Somnath,2025-04-22,0,Tuesday,0,0,0,Clear,24.5,172,618,28
Somnath,2025-04-22,1,Tuesday,0,0,0,Clear,22.6,28,297,28
Somnath,2025-04-22,2,Tuesday,0,0,0,Clear,23.7,28,169,24
Somnath,2025-04-22,3,Tuesday,0,0,0,Clear,22.1,24,153,59
Somnath,2025-04-22,4,Tuesday,0,0,0,Clear,24.0,59,533,344
Somnath,2025-04-22,5,Tuesday,0,0,0,Clear,23.7,344,1241,735
Somnath,2025-04-22,6,Tuesday,0,0,0,Clear,25.4,735,2835,1723
Somnath,2025-04-22,7,Tuesday,0,0,0,Clear,27.0,1723,4669,2535
Somnath,2025-04-22,8,Tuesday,0,0,0,Clear,28.9,2535,4629,1979
Somnath,2025-04-22,9,Tuesday,0,0,0,Clear,28.9,1979,4785,2066
Somnath,2025-04-22,10,Tuesday,0,0,0,Clear,30.0,2066,4395,1660
Somnath,2025-04-22,11,Tuesday,0,0,0,Clear,31.8,1660,3788,1306
Somnath,2025-04-22,12,Tuesday,0,0,0,Clear,32.0,1306,2851,908
Somnath,2025-04-22,13,Tuesday,0,0,0,Clear,33.6,908,2322,716
Somnath,2025-04-22,14,Tuesday,0,0,0,Clear,32.8,716,2316,961
Somnath,2025-04-22,15,Tuesday,0,0,0,Clear,32.2,961,2317,985
Somnath,2025-04-22,16,Tuesday,0,0,0,Clear,32.1,985,3312,1642
Somnath,2025-04-22,17,Tuesday,0,0,0,Clear,31.2,1642,3797,1788
Somnath,2025-04-22,18,Tuesday,0,0,0,Clear,30.7,1788,5247,2541
Somnath,2025-04-22,19,Tuesday,0,0,0,Clear,29.5,2541,5136,1907
Somnath,2025-04-22,20,Tuesday,0,0,0,Clear,27.9,1907,4207,1432
Somnath,2025-04-22,21,Tuesday,0,0,0,Clear,25.6,1432,2853,712
Somnath,2025-04-22,22,Tuesday,0,0,0,Clear,25.2,712,1852,417
Somnath,2025-04-22,23,Tuesday,0,0,0,Clear,24.7,417,962,105
Somnath,2025-04-23,0,Wednesday,0,0,0,Clear,21.1,105,499,34
Somnath,2025-04-23,1,Wednesday,0,0,0,Clear,20.3,34,278,22
Somnath,2025-04-23,2,Wednesday,0,0,0,Clear,20.0,22,158,26
Somnath,2025-04-23,3,Wednesday,0,0,0,Clear,20.7,26,157,63
Somnath,2025-04-23,4,Wednesday,0,0,0,Clear,19.3,63,610,396
Somnath,2025-04-23,5,Wednesday,0,0,0,Clear,21.9,396,1455,892
Somnath,2025-04-23,6,Wednesday,0,0,0,Clear,22.2,892,2828,1600
Somnath,2025-04-23,7,Wednesday,0,0,0,Clear,24.7,1600,3843,1885
Somnath,2025-04-23,8,Wednesday,0,0,0,Clear,25.3,1885,4037,1854
Somnath,2025-04-23,9,Wednesday,0,0,0,Clear,26.9,1854,4325,1900
Somnath,2025-04-23,10,Wednesday,0,0,0,Clear,27.0,1900,4219,1703
Somnath,2025-04-23,11,Wednesday,0,0,0,Clear,29.3,1703,3885,1622
Somnath,2025-04-23,12,Wednesday,0,0,0,Clear,29.4,1622,3063,880
Somnath,2025-04-23,13,Wednesday,0,0,0,Clear,29.4,880,2732,996
Somnath,2025-04-23,14,Wednesday,0,0,0,Clear,30.5,996,2466,936
Somnath,2025-04-23,15,Wednesday,0,0,0,Clear,31.0,936,2602,1091
Somnath,2025-04-23,16,Wednesday,0,0,0,Clear,29.6,1091,3338,1493
Somnath,2025-04-23,17,Wednesday,0,0,0,Clear,29.3,1493,4537,2185
Somnath,2025-04-23,18,Wednesday,0,0,0,Clear,27.1,2185,5449,2714
Somnath,2025-04-23,19,Wednesday,0,0,0,Clear,26.2,2714,4829,1708
Somnath,2025-04-23,20,Wednesday,0,0,0,Clear,25.4,1708,3963,1327
Somnath,2025-04-23,21,Wednesday,0,0,0,Clear,23.4,1327,2739,660
Somnath,2025-04-23,22,Wednesday,0,0,0,Clear,23.1,660,1736,409
Somnath,2025-04-23,23,Wednesday,0,0,0,Clear,22.0,409,975,109
Somnath,2025-04-24,0,Thursday,0,0,0,Sunny,26.1,109,507,40
Somnath,2025-04-24,1,Thursday,0,0,0,Sunny,25.4,40,252,20
Somnath,2025-04-24,2,Thursday,0,0,0,Sunny,26.5,20,144,27
Somnath,2025-04-24,3,Thursday,0,0,0,Sunny,25.1,27,154,69
Somnath,2025-04-24,4,Thursday,0,0,0,Sunny,26.6,69,591,382
Somnath,2025-04-24,5,Thursday,0,0,0,Sunny,26.7,382,1635,1012
Somnath,2025-04-24,6,Thursday,0,0,0,Sunny,28.4,1012,2346,1253
Somnath,2025-04-24,7,Thursday,0,0,0,Sunny,29.4,1253,3776,2059
Somnath,2025-04-24,8,Thursday,0,0,0,Sunny,30.2,2059,4888,2327
Somnath,2025-04-24,9,Thursday,0,0,0,Sunny,32.1,2327,4947,2131
Somnath,2025-04-24,10,Thursday,0,0,0,Sunny,33.3,2131,4942,2006
Somnath,2025-04-24,11,Thursday,0,0,0,Sunny,34.6,2006,4477,1784
Somnath,2025-04-24,12,Thursday,0,0,0,Sunny,35.9,1784,3533,1149
Somnath,2025-04-24,13,Thursday,0,0,0,Sunny,36.4,1149,2523,732
Somnath,2025-04-24,14,Thursday,0,0,0,Sunny,36.3,732,2684,1100
Somnath,2025-04-24,15,Thursday,0,0,0,Sunny,36.9,1100,3012,1283
Somnath,2025-04-24,16,Thursday,0,0,0,Sunny,35.2,1283,3934,1900
Somnath,2025-04-24,17,Thursday,0,0,0,Sunny,34.8,1900,4635,2227
Somnath,2025-04-24,18,Thursday,0,0,0,Sunny,32.8,2227,5044,2322
Somnath,2025-04-24,19,Thursday,0,0,0,Sunny,32.7,2322,5127,2089
Somnath,2025-04-24,20,Thursday,0,0,0,Sunny,30.2,2089,4790,1665
Somnath,2025-04-24,21,Thursday,0,0,0,Sunny,29.6,1665,3358,875
Somnath,2025-04-24,22,Thursday,0,0,0,Sunny,28.5,875,1978,348
Somnath,2025-04-24,23,Thursday,0,0,0,Sunny,27.7,348,1038,156
Somnath,2025-04-25,0,Friday,0,0,0,Clear,23.6,156,486,39
Somnath,2025-04-25,1,Friday,0,0,0,Clear,22.5,39,272,34
Somnath,2025-04-25,2,Friday,0,0,0,Clear,22.1,34,170,29
Somnath,2025-04-25,3,Friday,0,0,0,Clear,21.6,29,167,68
Somnath,2025-04-25,4,Friday,0,0,0,Clear,22.0,68,706,464
Somnath,2025-04-25,5,Friday,0,0,0,Clear,23.9,464,1829,1118
Somnath,2025-04-25,6,Friday,0,0,0,Clear,24.9,1118,3095,1692
Somnath,2025-04-25,7,Friday,0,0,0,Clear,26.0,1692,4689,2425
Somnath,2025-04-25,8,Friday,0,0,0,Clear,27.1,2425,5737,2440
Somnath,2025-04-25,9,Friday,0,0,0,Clear,29.1,2440,5782,2393
Somnath,2025-04-25,10,Friday,0,0,0,Clear,29.6,2393,5208,1902
Somnath,2025-04-25,11,Friday,0,0,0,Clear,29.8,1902,4044,1315
Somnath,2025-04-25,12,Friday,0,0,0,Clear,31.9,1315,3403,1073
Somnath,2025-04-25,13,Friday,0,0,0,Clear,31.4,1073,2840,883
Somnath,2025-04-25,14,Friday,0,0,0,Clear,32.6,883,3169,1304
Somnath,2025-04-25,15,Friday,0,0,0,Clear,31.9,1304,3432,1500
Somnath,2025-04-25,16,Friday,0,0,0,Clear,30.6,1500,4215,1928
Somnath,2025-04-25,17,Friday,0,0,0,Clear,31.3,1928,5474,2676
Somnath,2025-04-25,18,Friday,0,0,0,Clear,29.5,2676,6633,3134
Somnath,2025-04-25,19,Friday,0,0,0,Clear,28.8,3134,6243,2252
Somnath,2025-04-25,20,Friday,0,0,0,Clear,27.8,2252,4557,1418
Somnath,2025-04-25,21,Friday,0,0,0,Clear,26.2,1418,3299,959
Somnath,2025-04-25,22,Friday,0,0,0,Clear,25.2,959,2059,423
Somnath,2025-04-25,23,Friday,0,0,0,Clear,24.0,423,1177,132
Somnath,2025-04-26,0,Saturday,1,0,0,Sunny,21.2,132,587,49
Somnath,2025-04-26,1,Saturday,1,0,0,Sunny,20.5,49,321,44
Somnath,2025-04-26,2,Saturday,1,0,0,Sunny,19.2,44,211,43
Somnath,2025-04-26,3,Saturday,1,0,0,Sunny,19.1,43,208,83
Somnath,2025-04-26,4,Saturday,1,0,0,Sunny,20.7,83,972,648
Somnath,2025-04-26,5,Saturday,1,0,0,Sunny,20.7,648,1936,1117
Somnath,2025-04-26,6,Saturday,1,0,0,Sunny,22.3,1117,4207,2508
Somnath,2025-04-26,7,Saturday,1,0,0,Sunny,22.4,2508,6121,3069
Somnath,2025-04-26,8,Saturday,1,0,0,Sunny,25.6,3069,8172,4096
Somnath,2025-04-26,9,Saturday,1,0,0,Sunny,25.5,4096,8334,3363
Somnath,2025-04-26,10,Saturday,1,0,0,Sunny,27.7,3363,6438,2111
Somnath,2025-04-26,11,Saturday,1,0,0,Sunny,28.5,2111,6169,2341
Somnath,2025-04-26,12,Saturday,1,0,0,Sunny,29.5,2341,4945,1598
Somnath,2025-04-26,13,Saturday,1,0,0,Sunny,30.3,1598,4116,1395
Somnath,2025-04-26,14,Saturday,1,0,0,Sunny,29.9,1395,4122,1648
Somnath,2025-04-26,15,Saturday,1,0,0,Sunny,30.1,1648,4964,2211
Somnath,2025-04-26,16,Saturday,1,0,0,Sunny,29.5,2211,5809,2575
Somnath,2025-04-26,17,Saturday,1,0,0,Sunny,27.7,2575,6755,3035
Somnath,2025-04-26,18,Saturday,1,0,0,Sunny,27.8,3035,7334,3224
Somnath,2025-04-26,19,Saturday,1,0,0,Sunny,25.8,3224,7368,2898
Somnath,2025-04-26,20,Saturday,1,0,0,Sunny,25.3,2898,6329,2299
Somnath,2025-04-26,21,Saturday,1,0,0,Sunny,22.7,2299,5084,1594
Somnath,2025-04-26,22,Saturday,1,0,0,Sunny,21.8,1594,3128,628
Somnath,2025-04-26,23,Saturday,1,0,0,Sunny,21.0,628,1628,202
Somnath,2025-04-27,0,Sunday,1,0,0,Sunny,18.5,202,887,64
Somnath,2025-04-27,1,Sunday,1,0,0,Sunny,18.0,64,402,32
Somnath,2025-04-27,2,Sunday,1,0,0,Sunny,18.1,32,233,37
Somnath,2025-04-27,3,Sunday,1,0,0,Sunny,18.4,37,206,82
Somnath,2025-04-27,4,Sunday,1,0,0,Sunny,19.0,82,1041,704
Somnath,2025-04-27,5,Sunday,1,0,0,Sunny,18.7,704,2619,1571
Somnath,2025-04-27,6,Sunday,1,0,0,Sunny,20.9,1571,4441,2415
Somnath,2025-04-27,7,Sunday,1,0,0,Sunny,21.2,2415,7166,3822
Somnath,2025-04-27,8,Sunday,1,0,0,Sunny,22.3,3822,8069,3533
Somnath,2025-04-27,9,Sunday,1,0,0,Sunny,24.6,3533,7676,3161
Somnath,2025-04-27,10,Sunday,1,0,0,Sunny,26.4,3161,6543,2564
Somnath,2025-04-27,11,Sunday,1,0,0,Sunny,26.9,2564,6346,2562
Somnath,2025-04-27,12,Sunday,1,0,0,Sunny,29.0,2562,5156,1668
Somnath,2025-04-27,13,Sunday,1,0,0,Sunny,28.4,1668,4146,1375
Somnath,2025-04-27,14,Sunday,1,0,0,Sunny,28.5,1375,4200,1794
Somnath,2025-04-27,15,Sunday,1,0,0,Sunny,27.8,1794,4652,1903
Somnath,2025-04-27,16,Sunday,1,0,0,Sunny,28.3,1903,6003,2978
Somnath,2025-04-27,17,Sunday,1,0,0,Sunny,27.5,2978,7474,3514
Somnath,2025-04-27,18,Sunday,1,0,0,Sunny,25.4,3514,8606,3936
Somnath,2025-04-27,19,Sunday,1,0,0,Sunny,24.3,3936,8246,3460
Somnath,2025-04-27,20,Sunday,1,0,0,Sunny,23.7,3460,7029,2579
Somnath,2025-04-27,21,Sunday,1,0,0,Sunny,21.5,2579,5029,1349
Somnath,2025-04-27,22,Sunday,1,0,0,Sunny,20.7,1349,3308,626
Somnath,2025-04-27,23,Sunday,1,0,0,Sunny,19.4,626,1767,161
Somnath,2025-04-28,0,Monday,0,0,0,Sunny,24.4,161,815,48
Somnath,2025-04-28,1,Monday,0,0,0,Sunny,24.9,48,399,28
Somnath,2025-04-28,2,Monday,0,0,0,Sunny,23.7,28,221,33
Somnath,2025-04-28,3,Monday,0,0,0,Sunny,24.6,33,204,81
Somnath,2025-04-28,4,Monday,0,0,0,Sunny,25.4,81,849,564
Somnath,2025-04-28,5,Monday,0,0,0,Sunny,27.2,564,2115,1286
Somnath,2025-04-28,6,Monday,0,0,0,Sunny,27.8,1286,4628,2728
Somnath,2025-04-28,7,Monday,0,0,0,Sunny,28.4,2728,5369,2446
Somnath,2025-04-28,8,Monday,0,0,0,Sunny,29.5,2446,6593,3064
Somnath,2025-04-28,9,Monday,0,0,0,Sunny,31.3,3064,6500,2750
Somnath,2025-04-28,10,Monday,0,0,0,Sunny,31.6,2750,5751,2124
Somnath,2025-04-28,11,Monday,0,0,0,Sunny,33.9,2124,4729,1620
Somnath,2025-04-28,12,Monday,0,0,0,Sunny,34.7,1620,3865,1250
Somnath,2025-04-28,13,Monday,0,0,0,Sunny,34.6,1250,3298,1169
Somnath,2025-04-28,14,Monday,0,0,0,Sunny,35.2,1169,3002,1144
Somnath,2025-04-28,15,Monday,0,0,0,Sunny,34.8,1144,4017,1900
Somnath,2025-04-28,16,Monday,0,0,0,Sunny,33.9,1900,5535,2805
Somnath,2025-04-28,17,Monday,0,0,0,Sunny,34.1,2805,6720,3217
Somnath,2025-04-28,18,Monday,0,0,0,Sunny,32.4,3217,7358,3140
Somnath,2025-04-28,19,Monday,0,0,0,Sunny,30.8,3140,6910,2498
Somnath,2025-04-28,20,Monday,0,0,0,Sunny,29.5,2498,5973,2147
Somnath,2025-04-28,21,Monday,0,0,0,Sunny,29.2,2147,4016,1045
Somnath,2025-04-28,22,Monday,0,0,0,Sunny,27.9,1045,2574,461
Somnath,2025-04-28,23,Monday,0,0,0,Sunny,26.4,461,1268,159
Somnath,2025-04-29,0,Tuesday,0,0,0,Clear,25.8,159,650,34
Somnath,2025-04-29,1,Tuesday,0,0,0,Clear,26.2,34,331,20
Somnath,2025-04-29,2,Tuesday,0,0,0,Clear,25.6,20,186,25
Somnath,2025-04-29,3,Tuesday,0,0,0,Clear,24.1,25,152,54
Somnath,2025-04-29,4,Tuesday,0,0,0,Clear,25.7,54,657,435
Somnath,2025-04-29,5,Tuesday,0,0,0,Clear,27.3,435,1442,863
Somnath,2025-04-29,6,Tuesday,0,0,0,Clear,26.2,863,2690,1517
Somnath,2025-04-29,7,Tuesday,0,0,0,Clear,28.4,1517,3232,1530
Somnath,2025-04-29,8,Tuesday,0,0,0,Clear,30.2,1530,4454,2212
Somnath,2025-04-29,9,Tuesday,0,0,0,Clear,32.7,2212,4265,1609
Somnath,2025-04-29,10,Tuesday,0,0,0,Clear,33.0,1609,4145,1680
Somnath,2025-04-29,11,Tuesday,0,0,0,Clear,34.7,1680,3577,1315
Somnath,2025-04-29,12,Tuesday,0,0,0,Clear,34.9,1315,2807,858
Somnath,2025-04-29,13,Tuesday,0,0,0,Clear,34.7,858,2328,770
Somnath,2025-04-29,14,Tuesday,0,0,0,Clear,35.6,770,2577,1103
Somnath,2025-04-29,15,Tuesday,0,0,0,Clear,35.4,1103,2859,1246
Somnath,2025-04-29,16,Tuesday,0,0,0,Clear,35.1,1246,3003,1286
Somnath,2025-04-29,17,Tuesday,0,0,0,Clear,33.2,1286,4475,2317
Somnath,2025-04-29,18,Tuesday,0,0,0,Clear,32.9,2317,5292,2397
Somnath,2025-04-29,19,Tuesday,0,0,0,Clear,31.0,2397,4705,1751
Somnath,2025-04-29,20,Tuesday,0,0,0,Clear,29.3,1751,3743,1219
Somnath,2025-04-29,21,Tuesday,0,0,0,Clear,28.9,1219,2655,647
Somnath,2025-04-29,22,Tuesday,0,0,0,Clear,27.7,647,1668,333
Somnath,2025-04-29,23,Tuesday,0,0,0,Clear,26.2,333,895,117
Somnath,2025-04-30,0,Wednesday,0,0,0,Clear,19.9,117,481,36
Somnath,2025-04-30,1,Wednesday,0,0,0,Clear,20.3,36,245,25
Somnath,2025-04-30,2,Wednesday,0,0,0,Clear,18.7,25,158,27
Somnath,2025-04-30,3,Wednesday,0,0,0,Clear,20.8,27,140,54
Somnath,2025-04-30,4,Wednesday,0,0,0,Clear,19.8,54,499,323
Somnath,2025-04-30,5,Wednesday,0,0,0,Clear,22.2,323,1351,832
Somnath,2025-04-30,6,Wednesday,0,0,0,Clear,23.1,832,2629,1451
Somnath,2025-04-30,7,Wednesday,0,0,0,Clear,24.8,1451,3698,1888
Somnath,2025-04-30,8,Wednesday,0,0,0,Clear,25.4,1888,4271,2002
Somnath,2025-04-30,9,Wednesday,0,0,0,Clear,27.1,2002,4845,2154
Somnath,2025-04-30,10,Wednesday,0,0,0,Clear,26.8,2154,4032,1363
Somnath,2025-04-30,11,Wednesday,0,0,0,Clear,28.4,1363,3588,1245
Somnath,2025-04-30,12,Wednesday,0,0,0,Clear,29.9,1245,2972,1065
Somnath,2025-04-30,13,Wednesday,0,0,0,Clear,29.8,1065,2535,865
Somnath,2025-04-30,14,Wednesday,0,0,0,Clear,31.1,865,2607,1008
Somnath,2025-04-30,15,Wednesday,0,0,0,Clear,30.3,1008,3056,1409
Somnath,2025-04-30,16,Wednesday,0,0,0,Clear,29.5,1409,3950,1825
Somnath,2025-04-30,17,Wednesday,0,0,0,Clear,29.1,1825,4613,2010
Somnath,2025-04-30,18,Wednesday,0,0,0,Clear,26.2,2010,4649,1854
Somnath,2025-04-30,19,Wednesday,0,0,0,Clear,26.3,1854,4719,1941
Somnath,2025-04-30,20,Wednesday,0,0,0,Clear,25.3,1941,3842,1228
Somnath,2025-04-30,21,Wednesday,0,0,0,Clear,24.2,1228,3137,914
Somnath,2025-04-30,22,Wednesday,0,0,0,Clear,22.5,914,1777,350
Somnath,2025-04-30,23,Wednesday,0,0,0,Clear,20.9,350,990,110
Somnath,2025-05-01,0,Thursday,0,0,0,Cloudy,20.8,110,496,33
Somnath,2025-05-01,1,Thursday,0,0,0,Cloudy,20.1,33,233,21
Somnath,2025-05-01,2,Thursday,0,0,0,Cloudy,20.0,21,130,21
Somnath,2025-05-01,3,Thursday,0,0,0,Cloudy,20.5,21,142,61
Somnath,2025-05-01,4,Thursday,0,0,0,Cloudy,21.4,61,634,423
Somnath,2025-05-01,5,Thursday,0,0,0,Cloudy,21.4,423,1480,879
Somnath,2025-05-01,6,Thursday,0,0,0,Cloudy,23.6,879,3021,1758
Somnath,2025-05-01,7,Thursday,0,0,0,Cloudy,24.0,1758,4240,2080
Somnath,2025-05-01,8,Thursday,0,0,0,Cloudy,25.9,2080,4587,2073
Somnath,2025-05-01,9,Thursday,0,0,0,Cloudy,26.1,2073,4698,1925
Somnath,2025-05-01,10,Thursday,0,0,0,Cloudy,27.3,1925,4326,1589
Somnath,2025-05-01,11,Thursday,0,0,0,Cloudy,28.4,1589,3911,1482
Somnath,2025-05-01,12,Thursday,0,0,0,Cloudy,30.7,1482,2813,847
Somnath,2025-05-01,13,Thursday,0,0,0,Cloudy,30.2,847,2296,781
Somnath,2025-05-01,14,Thursday,0,0,0,Rainy,30.5,781,2052,780
Somnath,2025-05-01,15,Thursday,0,0,0,Rainy,31.1,780,2008,790
Somnath,2025-05-01,16,Thursday,0,0,0,Rainy,29.9,790,3031,1552
Somnath,2025-05-01,17,Thursday,0,0,0,Cloudy,29.0,1552,4343,2189
Somnath,2025-05-01,18,Thursday,0,0,0,Cloudy,27.4,2189,4578,1832
Somnath,2025-05-01,19,Thursday,0,0,0,Cloudy,27.6,1832,3822,1340
Somnath,2025-05-01,20,Thursday,0,0,0,Cloudy,26.4,1340,3406,1280
Somnath,2025-05-01,21,Thursday,0,0,0,Cloudy,23.8,1280,2335,691
Somnath,2025-05-01,22,Thursday,0,0,0,Cloudy,23.4,691,1430,271
Somnath,2025-05-01,23,Thursday,0,0,0,Cloudy,22.2,271,742,95
Somnath,2025-05-02,0,Friday,0,0,0,Cloudy,28.2,95,380,42
Somnath,2025-05-02,1,Friday,0,0,0,Cloudy,27.6,42,215,31
Somnath,2025-05-02,2,Friday,0,0,0,Cloudy,26.2,31,132,25
Somnath,2025-05-02,3,Friday,0,0,0,Cloudy,26.8,25,155,74
Somnath,2025-05-02,4,Friday,0,0,0,Cloudy,26.5,74,708,474
Somnath,2025-05-02,5,Friday,0,0,0,Cloudy,27.9,474,1404,804
Somnath,2025-05-02,6,Friday,0,0,0,Cloudy,29.3,804,3245,1934
Somnath,2025-05-02,7,Friday,0,0,0,Cloudy,30.5,1934,4866,2594
Somnath,2025-05-02,8,Friday,0,0,0,Cloudy,32.3,2594,4806,2006
Somnath,2025-05-02,9,Friday,0,0,0,Cloudy,32.6,2006,5397,2401
Somnath,2025-05-02,10,Friday,0,0,0,Cloudy,34.6,2401,4585,1624
Somnath,2025-05-02,11,Friday,0,0,0,Cloudy,35.2,1624,4114,1595
Somnath,2025-05-02,12,Friday,0,0,0,Cloudy,37.0,1595,2947,867
Somnath,2025-05-02,13,Friday,0,0,0,Cloudy,37.0,867,2427,880
Somnath,2025-05-02,14,Friday,0,0,0,Rainy,37.0,880,2174,831
Somnath,2025-05-02,15,Friday,0,0,0,Cloudy,36.8,831,3709,2032
Somnath,2025-05-02,16,Friday,0,0,0,Rainy,35.4,2032,4045,1795
Somnath,2025-05-02,17,Friday,0,0,0,Rainy,35.9,1795,4131,1666
Somnath,2025-05-02,18,Friday,0,0,0,Cloudy,34.5,1666,4793,2050
Somnath,2025-05-02,19,Friday,0,0,0,Cloudy,33.1,2050,5718,2536
Somnath,2025-05-02,20,Friday,0,0,0,Cloudy,31.4,2536,4919,1800
Somnath,2025-05-02,21,Friday,0,0,0,Cloudy,29.5,1800,3447,881
Somnath,2025-05-02,22,Friday,0,0,0,Cloudy,29.1,881,2157,383
Somnath,2025-05-02,23,Friday,0,0,0,Cloudy,28.3,383,1167,120
Somnath,2025-05-03,0,Saturday,1,0,0,Clear,23.3,120,607,60
Somnath,2025-05-03,1,Saturday,1,0,0,Clear,23.0,60,325,35
Somnath,2025-05-03,2,Saturday,1,0,0,Clear,21.4,35,215,40
Somnath,2025-05-03,3,Saturday,1,0,0,Clear,21.9,40,212,88
Somnath,2025-05-03,4,Saturday,1,0,0,Clear,23.1,88,897,592
Somnath,2025-05-03,5,Saturday,1,0,0,Clear,24.4,592,2440,1535
Somnath,2025-05-03,6,Saturday,1,0,0,Clear,25.5,1535,5060,2901
Somnath,2025-05-03,7,Saturday,1,0,0,Clear,26.4,2901,6918,3351
Somnath,2025-05-03,8,Saturday,1,0,0,Clear,28.7,3351,7558,3168
Somnath,2025-05-03,9,Saturday,1,0,0,Clear,28.9,3168,7350,3119
Somnath,2025-05-03,10,Saturday,1,0,0,Clear,30.0,3119,6451,2385
Somnath,2025-05-03,11,Saturday,1,0,0,Clear,30.6,2385,5668,2092
Somnath,2025-05-03,12,Saturday,1,0,0,Clear,32.2,2092,4074,1265
Somnath,2025-05-03,13,Saturday,1,0,0,Clear,32.9,1265,3580,1221
Somnath,2025-05-03,14,Saturday,1,0,0,Clear,33.0,1221,4094,1755
Somnath,2025-05-03,15,Saturday,1,0,0,Clear,32.5,1755,4583,1971
Somnath,2025-05-03,16,Saturday,1,0,0,Clear,32.4,1971,5881,2722
Somnath,2025-05-03,17,Saturday,1,0,0,Clear,31.2,2722,7334,3470
Somnath,2025-05-03,18,Saturday,1,0,0,Clear,29.6,3470,8632,3779
Somnath,2025-05-03,19,Saturday,1,0,0,Clear,29.2,3779,8015,3083
Somnath,2025-05-03,20,Saturday,1,0,0,Clear,27.8,3083,7120,2521
Somnath,2025-05-03,21,Saturday,1,0,0,Clear,26.0,2521,5167,1397
Somnath,2025-05-03,22,Saturday,1,0,0,Clear,24.3,1397,2868,588
Somnath,2025-05-03,23,Saturday,1,0,0,Clear,24.1,588,1620,208
Somnath,2025-05-04,0,Sunday,1,0,0,Cloudy,18.3,208,861,59
Somnath,2025-05-04,1,Sunday,1,0,0,Cloudy,18.9,59,441,38
Somnath,2025-05-04,2,Sunday,1,0,0,Cloudy,18.6,38,238,32
Somnath,2025-05-04,3,Sunday,1,0,0,Cloudy,18.9,32,254,107
Somnath,2025-05-04,4,Sunday,1,0,0,Cloudy,18.0,107,1003,661
Somnath,2025-05-04,5,Sunday,1,0,0,Cloudy,19.6,661,2175,1294
Somnath,2025-05-04,6,Sunday,1,0,0,Cloudy,19.3,1294,4970,2971
Somnath,2025-05-04,7,Sunday,1,0,0,Cloudy,21.9,2971,6478,3230
Somnath,2025-05-04,8,Sunday,1,0,0,Cloudy,22.4,3230,7018,3117
Somnath,2025-05-04,9,Sunday,1,0,0,Cloudy,24.7,3117,7283,2851
Somnath,2025-05-04,10,Sunday,1,0,0,Cloudy,26.4,2851,7216,2932
Somnath,2025-05-04,11,Sunday,1,0,0,Cloudy,27.8,2932,6116,2129
Somnath,2025-05-04,12,Sunday,1,0,0,Cloudy,27.8,2129,5073,1654
Somnath,2025-05-04,13,Sunday,1,0,0,Cloudy,27.9,1654,4041,1248
Somnath,2025-05-04,14,Sunday,1,0,0,Rainy,28.8,1248,3441,1204
Somnath,2025-05-04,15,Sunday,1,0,0,Rainy,28.0,1204,4064,1760
Somnath,2025-05-04,16,Sunday,1,0,0,Cloudy,27.0,1760,5287,2619
Somnath,2025-05-04,17,Sunday,1,0,0,Cloudy,26.7,2619,7271,3659
Somnath,2025-05-04,18,Sunday,1,0,0,Cloudy,25.0,3659,8051,3330
Somnath,2025-05-04,19,Sunday,1,0,0,Cloudy,24.7,3330,7737,3081
Somnath,2025-05-04,20,Sunday,1,0,0,Cloudy,23.3,3081,6717,2359
Somnath,2025-05-04,21,Sunday,1,0,0,Cloudy,21.8,2359,5020,1477
Somnath,2025-05-04,22,Sunday,1,0,0,Cloudy,19.9,1477,2751,530
Somnath,2025-05-04,23,Sunday,1,0,0,Cloudy,20.6,530,1471,211
Somnath,2025-05-05,0,Monday,0,0,0,Clear,22.3,211,721,41
Somnath,2025-05-05,1,Monday,0,0,0,Clear,20.8,41,371,36
Somnath,2025-05-05,2,Monday,0,0,0,Clear,19.6,36,201,31
Somnath,2025-05-05,3,Monday,0,0,0,Clear,20.9,31,212,96
Somnath,2025-05-05,4,Monday,0,0,0,Clear,20.9,96,810,531
Somnath,2025-05-05,5,Monday,0,0,0,Clear,22.6,531,1979,1190
Somnath,2025-05-05,6,Monday,0,0,0,Clear,22.9,1190,3960,2248
Somnath,2025-05-05,7,Monday,0,0,0,Clear,24.1,2248,5870,3025
Somnath,2025-05-05,8,Monday,0,0,0,Clear,26.5,3025,6641,2925
Somnath,2025-05-05,9,Monday,0,0,0,Clear,27.2,2925,6594,2642
Somnath,2025-05-05,10,Monday,0,0,0,Clear,28.8,2642,5815,1952
Somnath,2025-05-05,11,Monday,0,0,0,Clear,28.5,1952,4921,1716
Somnath,2025-05-05,12,Monday,0,0,0,Clear,30.7,1716,4123,1566
Somnath,2025-05-05,13,Monday,0,0,0,Clear,30.7,1566,3045,879
Somnath,2025-05-05,14,Monday,0,0,0,Clear,31.3,879,3629,1667
Somnath,2025-05-05,15,Monday,0,0,0,Clear,31.6,1667,4177,1911
Somnath,2025-05-05,16,Monday,0,0,0,Clear,29.6,1911,5017,2428
Somnath,2025-05-05,17,Monday,0,0,0,Clear,30.4,2428,6254,2860
Somnath,2025-05-05,18,Monday,0,0,0,Clear,28.2,2860,7249,3263
Somnath,2025-05-05,19,Monday,0,0,0,Clear,27.2,3263,6648,2461
Somnath,2025-05-05,20,Monday,0,0,0,Clear,25.3,2461,5447,1681
Somnath,2025-05-05,21,Monday,0,0,0,Clear,25.0,1681,4198,1143
Somnath,2025-05-05,22,Monday,0,0,0,Clear,23.1,1143,2675,570
Somnath,2025-05-05,23,Monday,0,0,0,Clear,21.6,570,1536,202
Somnath,2025-05-06,0,Tuesday,0,0,0,Rainy,22.1,202,645,27
Somnath,2025-05-06,1,Tuesday,0,0,0,Rainy,21.2,27,312,19
Somnath,2025-05-06,2,Tuesday,0,0,0,Rainy,21.7,19,172,14
Somnath,2025-05-06,3,Tuesday,0,0,0,Rainy,22.5,14,130,40
Somnath,2025-05-06,4,Tuesday,0,0,0,Rainy,22.9,40,558,368
Somnath,2025-05-06,5,Tuesday,0,0,0,Rainy,24.4,368,991,556
Somnath,2025-05-06,6,Tuesday,0,0,0,Rainy,23.5,556,2042,1179
Somnath,2025-05-06,7,Tuesday,0,0,0,Rainy,25.4,1179,3069,1551
Somnath,2025-05-06,8,Tuesday,0,0,0,Rainy,25.9,1551,3363,1426
Somnath,2025-05-06,9,Tuesday,0,0,0,Rainy,27.9,1426,3266,1241
Somnath,2025-05-06,10,Tuesday,0,0,0,Rainy,28.7,1241,3003,1118
Somnath,2025-05-06,11,Tuesday,0,0,0,Rainy,30.2,1118,2725,1046
Somnath,2025-05-06,12,Tuesday,0,0,0,Rainy,32.2,1046,2148,652
Somnath,2025-05-06,13,Tuesday,0,0,0,Rainy,32.4,652,1594,538
Somnath,2025-05-06,14,Tuesday,0,0,0,Heavy Rain,32.3,538,1237,390
Somnath,2025-05-06,15,Tuesday,0,0,0,Rainy,32.1,390,1780,865
Somnath,2025-05-06,16,Tuesday,0,0,0,Heavy Rain,30.5,865,1823,721
Somnath,2025-05-06,17,Tuesday,0,0,0,Rainy,30.1,721,2954,1577
Somnath,2025-05-06,18,Tuesday,0,0,0,Rainy,28.9,1577,3792,1718
Somnath,2025-05-06,19,Tuesday,0,0,0,Rainy,28.0,1718,3368,1266
Somnath,2025-05-06,20,Tuesday,0,0,0,Rainy,26.6,1266,2512,715
Somnath,2025-05-06,21,Tuesday,0,0,0,Rainy,25.0,715,1818,478
Somnath,2025-05-06,22,Tuesday,0,0,0,Rainy,23.6,478,1201,239
Somnath,2025-05-06,23,Tuesday,0,0,0,Rainy,22.3,239,641,69
Somnath,2025-05-07,0,Wednesday,0,0,0,Clear,24.2,69,307,36
Somnath,2025-05-07,1,Wednesday,0,0,0,Clear,23.9,36,170,25
Somnath,2025-05-07,2,Wednesday,0,0,0,Clear,24.0,25,112,26
Somnath,2025-05-07,3,Wednesday,0,0,0,Clear,23.2,26,118,50
Somnath,2025-05-07,4,Wednesday,0,0,0,Clear,24.3,50,560,380
Somnath,2025-05-07,5,Wednesday,0,0,0,Clear,25.6,380,1416,866
Somnath,2025-05-07,6,Wednesday,0,0,0,Clear,26.4,866,3017,1829
Somnath,2025-05-07,7,Wednesday,0,0,0,Clear,27.4,1829,3573,1616
Somnath,2025-05-07,8,Wednesday,0,0,0,Clear,28.6,1616,4608,2252
Somnath,2025-05-07,9,Wednesday,0,0,0,Clear,28.8,2252,4496,1763
Somnath,2025-05-07,10,Wednesday,0,0,0,Clear,31.8,1763,3979,1372
Somnath,2025-05-07,11,Wednesday,0,0,0,Clear,31.8,1372,3574,1355
Somnath,2025-05-07,12,Wednesday,0,0,0,Clear,33.2,1355,2865,1004
Somnath,2025-05-07,13,Wednesday,0,0,0,Clear,33.2,1004,2534,807
Somnath,2025-05-07,14,Wednesday,0,0,0,Clear,33.3,807,2908,1225
Somnath,2025-05-07,15,Wednesday,0,0,0,Clear,33.5,1225,2879,1197
Somnath,2025-05-07,16,Wednesday,0,0,0,Clear,33.0,1197,3156,1382
Somnath,2025-05-07,17,Wednesday,0,0,0,Clear,33.1,1382,3951,1887
Somnath,2025-05-07,18,Wednesday,0,0,0,Clear,30.1,1887,4908,2301
Somnath,2025-05-07,19,Wednesday,0,0,0,Clear,29.9,2301,4550,1758
Somnath,2025-05-07,20,Wednesday,0,0,0,Clear,28.8,1758,3901,1349
Somnath,2025-05-07,21,Wednesday,0,0,0,Clear,27.3,1349,3035,904
Somnath,2025-05-07,22,Wednesday,0,0,0,Clear,26.0,904,1943,406
Somnath,2025-05-07,23,Wednesday,0,0,0,Clear,25.6,406,957,121
Somnath,2025-05-08,0,Thursday,0,0,0,Clear,25.8,121,472,36
Somnath,2025-05-08,1,Thursday,0,0,0,Clear,25.5,36,256,22
Somnath,2025-05-08,2,Thursday,0,0,0,Clear,25.1,22,140,22
Somnath,2025-05-08,3,Thursday,0,0,0,Clear,25.5,22,145,60
Somnath,2025-05-08,4,Thursday,0,0,0,Clear,25.2,60,526,340
Somnath,2025-05-08,5,Thursday,0,0,0,Clear,27.6,340,1309,780
Somnath,2025-05-08,6,Thursday,0,0,0,Clear,28.0,780,2718,1586
Somnath,2025-05-08,7,Thursday,0,0,0,Clear,28.2,1586,4215,2251
Somnath,2025-05-08,8,Thursday,0,0,0,Clear,29.9,2251,5027,2451
Somnath,2025-05-08,9,Thursday,0,0,0,Clear,30.9,2451,4909,1936
Somnath,2025-05-08,10,Thursday,0,0,0,Clear,33.3,1936,4632,1588
Somnath,2025-05-08,11,Thursday,0,0,0,Clear,34.0,1588,3777,1315
Somnath,2025-05-08,12,Thursday,0,0,0,Clear,35.0,1315,3169,1013
Somnath,2025-05-08,13,Thursday,0,0,0,Clear,34.6,1013,2537,799
Somnath,2025-05-08,14,Thursday,0,0,0,Clear,36.0,799,2523,1000
Somnath,2025-05-08,15,Thursday,0,0,0,Clear,35.0,1000,3298,1560
Somnath,2025-05-08,16,Thursday,0,0,0,Clear,34.2,1560,3430,1499
Somnath,2025-05-08,17,Thursday,0,0,0,Clear,34.5,1499,3967,1814
Somnath,2025-05-08,18,Thursday,0,0,0,Clear,33.3,1814,4880,2275
Somnath,2025-05-08,19,Thursday,0,0,0,Clear,31.1,2275,4857,2021
Somnath,2025-05-08,20,Thursday,0,0,0,Clear,30.2,2021,4157,1452
Somnath,2025-05-08,21,Thursday,0,0,0,Clear,29.1,1452,2858,752
Somnath,2025-05-08,22,Thursday,0,0,0,Clear,27.8,752,1660,299
Somnath,2025-05-08,23,Thursday,0,0,0,Clear,26.9,299,927,101
Somnath,2025-05-09,0,Friday,0,0,0,Clear,25.2,101,481,41
Somnath,2025-05-09,1,Friday,0,0,0,Clear,23.6,41,263,31
Somnath,2025-05-09,2,Friday,0,0,0,Clear,23.2,31,142,24
Somnath,2025-05-09,3,Friday,0,0,0,Clear,24.0,24,166,74
Somnath,2025-05-09,4,Friday,0,0,0,Clear,24.3,74,639,420
Somnath,2025-05-09,5,Friday,0,0,0,Clear,25.9,420,1609,977
Somnath,2025-05-09,6,Friday,0,0,0,Clear,25.7,977,3326,1940
Somnath,2025-05-09,7,Friday,0,0,0,Clear,28.2,1940,4935,2574
Somnath,2025-05-09,8,Friday,0,0,0,Clear,28.9,2574,5290,2390
Somnath,2025-05-09,9,Friday,0,0,0,Clear,29.8,2390,5567,2332
Somnath,2025-05-09,10,Friday,0,0,0,Clear,31.7,2332,5137,1863
Somnath,2025-05-09,11,Friday,0,0,0,Clear,32.7,1863,4438,1727
Somnath,2025-05-09,12,Friday,0,0,0,Clear,31.2,1727,3397,1142
Somnath,2025-05-09,13,Friday,0,0,0,Clear,33.9,1142,2908,932
Somnath,2025-05-09,14,Friday,0,0,0,Clear,34.4,932,2979,1197
Somnath,2025-05-09,15,Friday,0,0,0,Clear,34.2,1197,3352,1437
Somnath,2025-05-09,16,Friday,0,0,0,Clear,32.8,1437,4200,2080
Somnath,2025-05-09,17,Friday,0,0,0,Clear,32.8,2080,5480,2542
Somnath,2025-05-09,18,Friday,0,0,0,Clear,30.6,2542,5948,2504
Somnath,2025-05-09,19,Friday,0,0,0,Clear,30.5,2504,5594,2256
Somnath,2025-05-09,20,Friday,0,0,0,Clear,28.6,2256,5107,1923
Somnath,2025-05-09,21,Friday,0,0,0,Clear,27.8,1923,3449,953
Somnath,2025-05-09,22,Friday,0,0,0,Clear,26.9,953,2325,440
Somnath,2025-05-09,23,Friday,0,0,0,Clear,24.6,440,1183,152
Somnath,2025-05-10,0,Saturday,1,0,0,Rainy,19.0,152,543,49
Somnath,2025-05-10,1,Saturday,1,0,0,Rainy,18.2,49,272,27
Somnath,2025-05-10,2,Saturday,1,0,0,Rainy,18.4,27,166,33
Somnath,2025-05-10,3,Saturday,1,0,0,Rainy,18.5,33,173,73
Somnath,2025-05-10,4,Saturday,1,0,0,Heavy Rain,18.2,73,507,317
Somnath,2025-05-10,5,Saturday,1,0,0,Heavy Rain,20.0,317,951,539
Somnath,2025-05-10,6,Saturday,1,0,0,Heavy Rain,20.7,539,1592,889
Somnath,2025-05-10,7,Saturday,1,0,0,Heavy Rain,21.7,889,2629,1434
Somnath,2025-05-10,8,Saturday,1,0,0,Heavy Rain,22.8,1434,2950,1329
Somnath,2025-05-10,9,Saturday,1,0,0,Heavy Rain,24.6,1329,3686,1695
Somnath,2025-05-10,10,Saturday,1,0,0,Heavy Rain,26.7,1695,3298,1276
Somnath,2025-05-10,11,Saturday,1,0,0,Heavy Rain,26.4,1276,2660,798
Somnath,2025-05-10,12,Saturday,1,0,0,Heavy Rain,27.7,798,1907,545
Somnath,2025-05-10,13,Saturday,1,0,0,Heavy Rain,28.4,545,1642,573
Somnath,2025-05-10,14,Saturday,1,0,0,Heavy Rain,28.2,573,1702,731
Somnath,2025-05-10,15,Saturday,1,0,0,Heavy Rain,28.4,731,2018,946
Somnath,2025-05-10,16,Saturday,1,0,0,Heavy Rain,27.6,946,2534,1233
Somnath,2025-05-10,17,Saturday,1,0,0,Heavy Rain,26.9,1233,3315,1524
Somnath,2025-05-10,18,Saturday,1,0,0,Heavy Rain,26.4,1524,3739,1635
Somnath,2025-05-10,19,Saturday,1,0,0,Heavy Rain,24.2,1635,3415,1285
Somnath,2025-05-10,20,Saturday,1,0,0,Heavy Rain,23.6,1285,2867,964
Somnath,2025-05-10,21,Saturday,1,0,0,Heavy Rain,21.9,964,1964,558
Somnath,2025-05-10,22,Saturday,1,0,0,Rainy,20.6,558,1586,510
Somnath,2025-05-10,23,Saturday,1,0,0,Rainy,19.7,510,909,181
Somnath,2025-05-11,0,Sunday,1,0,0,Clear,25.4,181,509,73
Somnath,2025-05-11,1,Sunday,1,0,0,Clear,25.4,73,280,34
Somnath,2025-05-11,2,Sunday,1,0,0,Clear,25.7,34,172,35
Somnath,2025-05-11,3,Sunday,1,0,0,Clear,25.3,35,211,102
Somnath,2025-05-11,4,Sunday,1,0,0,Clear,26.8,102,1138,774
Somnath,2025-05-11,5,Sunday,1,0,0,Clear,26.7,774,2465,1461
Somnath,2025-05-11,6,Sunday,1,0,0,Clear,27.7,1461,4693,2588
Somnath,2025-05-11,7,Sunday,1,0,0,Clear,29.8,2588,7235,3766
Somnath,2025-05-11,8,Sunday,1,0,0,Clear,29.9,3766,8334,3645
Somnath,2025-05-11,9,Sunday,1,0,0,Clear,31.2,3645,8946,3526
Somnath,2025-05-11,10,Sunday,1,0,0,Clear,33.8,3526,8504,3285
Somnath,2025-05-11,11,Sunday,1,0,0,Clear,34.9,3285,6799,2089
Somnath,2025-05-11,12,Sunday,1,0,0,Clear,35.5,2089,5475,1640
Somnath,2025-05-11,13,Sunday,1,0,0,Clear,35.3,1640,4305,1355
Somnath,2025-05-11,14,Sunday,1,0,0,Clear,35.2,1355,4105,1729
Somnath,2025-05-11,15,Sunday,1,0,0,Clear,36.3,1729,4756,2190
Somnath,2025-05-11,16,Sunday,1,0,0,Clear,34.6,2190,5982,2791
Somnath,2025-05-11,17,Sunday,1,0,0,Clear,34.6,2791,6999,3275
Somnath,2025-05-11,18,Sunday,1,0,0,Clear,33.6,3275,7938,3540
Somnath,2025-05-11,19,Sunday,1,0,0,Clear,32.0,3540,8166,3289
Somnath,2025-05-11,20,Sunday,1,0,0,Clear,29.8,3289,6121,1889
Somnath,2025-05-11,21,Sunday,1,0,0,Clear,30.3,1889,5392,1767
Somnath,2025-05-11,22,Sunday,1,0,0,Clear,27.8,1767,2790,480
Somnath,2025-05-11,23,Sunday,1,0,0,Clear,26.5,480,1598,193
Somnath,2025-05-12,0,Monday,0,0,0,Sunny,26.0,193,786,43
Somnath,2025-05-12,1,Monday,0,0,0,Sunny,26.4,43,381,34
Somnath,2025-05-12,2,Monday,0,0,0,Sunny,26.2,34,208,34
Somnath,2025-05-12,3,Monday,0,0,0,Sunny,25.5,34,211,88
Somnath,2025-05-12,4,Monday,0,0,0,Sunny,27.5,88,905,602
Somnath,2025-05-12,5,Monday,0,0,0,Sunny,27.3,602,2045,1224
Somnath,2025-05-12,6,Monday,0,0,0,Sunny,27.9,1224,4171,2379
Somnath,2025-05-12,7,Monday,0,0,0,Sunny,30.1,2379,6285,3303
Somnath,2025-05-12,8,Monday,0,0,0,Sunny,32.1,3303,6317,2690
Somnath,2025-05-12,9,Monday,0,0,0,Sunny,31.4,2690,6192,2534
Somnath,2025-05-12,10,Monday,0,0,0,Sunny,34.0,2534,5772,2335
Somnath,2025-05-12,11,Monday,0,0,0,Sunny,34.5,2335,4772,1782
Somnath,2025-05-12,12,Monday,0,0,0,Sunny,35.0,1782,3897,1182
Somnath,2025-05-12,13,Monday,0,0,0,Sunny,36.2,1182,3280,1228
Somnath,2025-05-12,14,Monday,0,0,0,Sunny,37.0,1228,3502,1610
Somnath,2025-05-12,15,Monday,0,0,0,Sunny,35.7,1610,4180,1891
Somnath,2025-05-12,16,Monday,0,0,0,Sunny,35.2,1891,4881,2264
Somnath,2025-05-12,17,Monday,0,0,0,Sunny,34.8,2264,6657,3367
Somnath,2025-05-12,18,Monday,0,0,0,Sunny,34.3,3367,6751,2876
Somnath,2025-05-12,19,Monday,0,0,0,Sunny,32.9,2876,7076,2895
Somnath,2025-05-12,20,Monday,0,0,0,Sunny,30.3,2895,5797,1838
Somnath,2025-05-12,21,Monday,0,0,0,Sunny,29.7,1838,4014,997
Somnath,2025-05-12,22,Monday,0,0,0,Sunny,28.0,997,2760,603
Somnath,2025-05-12,23,Monday,0,0,0,Sunny,27.7,603,1504,191
Somnath,2025-05-13,0,Tuesday,0,0,0,Sunny,24.1,191,662,32
Somnath,2025-05-13,1,Tuesday,0,0,0,Sunny,23.4,32,344,24
Somnath,2025-05-13,2,Tuesday,0,0,0,Sunny,23.6,24,168,21
Somnath,2025-05-13,3,Tuesday,0,0,0,Sunny,23.2,21,146,53
Somnath,2025-05-13,4,Tuesday,0,0,0,Sunny,24.4,53,728,490
Somnath,2025-05-13,5,Tuesday,0,0,0,Sunny,24.7,490,1414,803
Somnath,2025-05-13,6,Tuesday,0,0,0,Sunny,25.4,803,2692,1512
Somnath,2025-05-13,7,Tuesday,0,0,0,Sunny,27.3,1512,3915,1983
Somnath,2025-05-13,8,Tuesday,0,0,0,Sunny,27.5,1983,4679,2205
Somnath,2025-05-13,9,Tuesday,0,0,0,Sunny,29.2,2205,4304,1595
Somnath,2025-05-13,10,Tuesday,0,0,0,Sunny,31.0,1595,3688,1263
Somnath,2025-05-13,11,Tuesday,0,0,0,Sunny,31.4,1263,3422,1291
Somnath,2025-05-13,12,Tuesday,0,0,0,Sunny,33.6,1291,2912,1094
Somnath,2025-05-13,13,Tuesday,0,0,0,Sunny,33.6,1094,2349,748
Somnath,2025-05-13,14,Tuesday,0,0,0,Sunny,33.9,748,2249,900
Somnath,2025-05-13,15,Tuesday,0,0,0,Sunny,32.9,900,2881,1367
Somnath,2025-05-13,16,Tuesday,0,0,0,Sunny,33.6,1367,3336,1542
Somnath,2025-05-13,17,Tuesday,0,0,0,Sunny,31.6,1542,4224,2075
Somnath,2025-05-13,18,Tuesday,0,0,0,Sunny,32.3,2075,4411,1840
Somnath,2025-05-13,19,Tuesday,0,0,0,Sunny,30.8,1840,4565,1898
Somnath,2025-05-13,20,Tuesday,0,0,0,Sunny,28.0,1898,3648,1122
Somnath,2025-05-13,21,Tuesday,0,0,0,Sunny,28.1,1122,2538,733
Somnath,2025-05-13,22,Tuesday,0,0,0,Sunny,24.4,733,1533,294
Somnath,2025-05-13,23,Tuesday,0,0,0,Sunny,25.8,294,862,120
Somnath,2025-05-14,0,Wednesday,0,0,0,Clear,21.6,120,394,35
Somnath,2025-05-14,1,Wednesday,0,0,0,Clear,19.8,35,199,20
Somnath,2025-05-14,2,Wednesday,0,0,0,Clear,20.3,20,119,22
Somnath,2025-05-14,3,Wednesday,0,0,0,Clear,21.0,22,129,52
Somnath,2025-05-14,4,Wednesday,0,0,0,Clear,20.3,52,596,399
Somnath,2025-05-14,5,Wednesday,0,0,0,Clear,21.6,399,1478,892
Somnath,2025-05-14,6,Wednesday,0,0,0,Clear,22.2,892,2545,1331
Somnath,2025-05-14,7,Wednesday,0,0,0,Clear,23.6,1331,3868,2085
Somnath,2025-05-14,8,Wednesday,0,0,0,Clear,25.1,2085,4556,2055
Somnath,2025-05-14,9,Wednesday,0,0,0,Clear,25.0,2055,4496,1899
Somnath,2025-05-14,10,Wednesday,0,0,0,Clear,28.1,1899,3820,1395
Somnath,2025-05-14,11,Wednesday,0,0,0,Clear,28.8,1395,3221,1143
Somnath,2025-05-14,12,Wednesday,0,0,0,Clear,29.1,1143,2501,724
Somnath,2025-05-14,13,Wednesday,0,0,0,Clear,29.5,724,2211,773
Somnath,2025-05-14,14,Wednesday,0,0,0,Clear,30.1,773,2178,868
Somnath,2025-05-14,15,Wednesday,0,0,0,Clear,31.0,868,2428,1078
Somnath,2025-05-14,16,Wednesday,0,0,0,Clear,28.8,1078,3200,1560
Somnath,2025-05-14,17,Wednesday,0,0,0,Clear,28.5,1560,3933,1922
Somnath,2025-05-14,18,Wednesday,0,0,0,Clear,27.9,1922,5044,2497
Somnath,2025-05-14,19,Wednesday,0,0,0,Clear,26.2,2497,4995,1917
Somnath,2025-05-14,20,Wednesday,0,0,0,Clear,24.4,1917,4070,1326
Somnath,2025-05-14,21,Wednesday,0,0,0,Clear,23.8,1326,2670,587
Somnath,2025-05-14,22,Wednesday,0,0,0,Clear,23.5,587,1603,343
Somnath,2025-05-14,23,Wednesday,0,0,0,Clear,21.2,343,942,139
Somnath,2025-05-15,0,Thursday,0,0,0,Sunny,26.0,139,468,34
Somnath,2025-05-15,1,Thursday,0,0,0,Sunny,26.2,34,260,28
Somnath,2025-05-15,2,Thursday,0,0,0,Sunny,24.8,28,154,24
Somnath,2025-05-15,3,Thursday,0,0,0,Sunny,26.2,24,154,55
Somnath,2025-05-15,4,Thursday,0,0,0,Sunny,25.6,55,557,361
Somnath,2025-05-15,5,Thursday,0,0,0,Sunny,28.5,361,1325,798
Somnath,2025-05-15,6,Thursday,0,0,0,Sunny,29.0,798,2725,1584
Somnath,2025-05-15,7,Thursday,0,0,0,Sunny,29.9,1584,4079,2066
Somnath,2025-05-15,8,Thursday,0,0,0,Sunny,31.7,2066,4909,2257
Somnath,2025-05-15,9,Thursday,0,0,0,Sunny,32.4,2257,4993,2058
Somnath,2025-05-15,10,Thursday,0,0,0,Sunny,33.6,2058,4984,1901
Somnath,2025-05-15,11,Thursday,0,0,0,Sunny,33.7,1901,3993,1354
Somnath,2025-05-15,12,Thursday,0,0,0,Sunny,35.3,1354,3189,987
Somnath,2025-05-15,13,Thursday,0,0,0,Sunny,35.9,987,2249,654
Somnath,2025-05-15,14,Thursday,0,0,0,Sunny,36.7,654,2043,719
Somnath,2025-05-15,15,Thursday,0,0,0,Sunny,36.3,719,2955,1515
Somnath,2025-05-15,16,Thursday,0,0,0,Sunny,34.2,1515,3839,1796
Somnath,2025-05-15,17,Thursday,0,0,0,Sunny,35.2,1796,4374,1955
Somnath,2025-05-15,18,Thursday,0,0,0,Sunny,33.2,1955,4868,2078
Somnath,2025-05-15,19,Thursday,0,0,0,Sunny,31.6,2078,4351,1690
Somnath,2025-05-15,20,Thursday,0,0,0,Sunny,30.0,1690,4010,1436
Somnath,2025-05-15,21,Thursday,0,0,0,Sunny,29.5,1436,2808,687
Somnath,2025-05-15,22,Thursday,0,0,0,Sunny,29.3,687,1673,326
Somnath,2025-05-15,23,Thursday,0,0,0,Sunny,27.5,326,926,143
Somnath,2025-05-16,0,Friday,0,0,0,Sunny,21.1,143,460,41
Somnath,2025-05-16,1,Friday,0,0,0,Sunny,20.7,41,238,29
Somnath,2025-05-16,2,Friday,0,0,0,Sunny,19.9,29,142,23
Somnath,2025-05-16,3,Friday,0,0,0,Sunny,19.9,23,152,65
Somnath,2025-05-16,4,Friday,0,0,0,Sunny,20.6,65,797,538
Somnath,2025-05-16,5,Friday,0,0,0,Sunny,21.3,538,1897,1134
Somnath,2025-05-16,6,Friday,0,0,0,Sunny,22.3,1134,3325,1835
Somnath,2025-05-16,7,Friday,0,0,0,Sunny,24.1,1835,4498,2245
Somnath,2025-05-16,8,Friday,0,0,0,Sunny,26.3,2245,5805,2858
Somnath,2025-05-16,9,Friday,0,0,0,Sunny,26.8,2858,5782,2310
Somnath,2025-05-16,10,Friday,0,0,0,Sunny,27.8,2310,5655,2228
Somnath,2025-05-16,11,Friday,0,0,0,Sunny,28.8,2228,5002,1798
Somnath,2025-05-16,12,Friday,0,0,0,Sunny,29.8,1798,3787,1146
Somnath,2025-05-16,13,Friday,0,0,0,Sunny,30.2,1146,2855,900
Somnath,2025-05-16,14,Friday,0,0,0,Sunny,29.8,900,2569,993
Somnath,2025-05-16,15,Friday,0,0,0,Sunny,30.1,993,3215,1537
Somnath,2025-05-16,16,Friday,0,0,0,Sunny,28.3,1537,4788,2417
Somnath,2025-05-16,17,Friday,0,0,0,Sunny,29.1,2417,6265,3123
Somnath,2025-05-16,18,Friday,0,0,0,Sunny,28.9,3123,6089,2397
Somnath,2025-05-16,19,Friday,0,0,0,Sunny,25.7,2397,5779,2212
Somnath,2025-05-16,20,Friday,0,0,0,Sunny,25.0,2212,5049,1804
Somnath,2025-05-16,21,Friday,0,0,0,Sunny,23.5,1804,3582,902
Somnath,2025-05-16,22,Friday,0,0,0,Sunny,22.1,902,2334,462
Somnath,2025-05-16,23,Friday,0,0,0,Sunny,20.4,462,1372,158
Somnath,2025-05-17,0,Saturday,1,0,0,Cloudy,25.1,158,695,53
Somnath,2025-05-17,1,Saturday,1,0,0,Cloudy,23.2,53,370,37
Somnath,2025-05-17,2,Saturday,1,0,0,Cloudy,24.1,37,217,42
Somnath,2025-05-17,3,Saturday,1,0,0,Cloudy,23.7,42,254,116
Somnath,2025-05-17,4,Saturday,1,0,0,Cloudy,24.6,116,974,640
Somnath,2025-05-17,5,Saturday,1,0,0,Cloudy,26.3,640,2166,1298
Somnath,2025-05-17,6,Saturday,1,0,0,Cloudy,26.2,1298,3585,1957
Somnath,2025-05-17,7,Saturday,1,0,0,Cloudy,27.1,1957,6114,3374
Somnath,2025-05-17,8,Saturday,1,0,0,Cloudy,29.6,3374,8303,4033
Somnath,2025-05-17,9,Saturday,1,0,0,Cloudy,30.3,4033,7627,3093
Somnath,2025-05-17,10,Saturday,1,0,0,Cloudy,31.6,3093,6693,2327
Somnath,2025-05-17,11,Saturday,1,0,0,Cloudy,34.3,2327,5751,2251
Somnath,2025-05-17,12,Saturday,1,0,0,Cloudy,33.4,2251,4619,1496
Somnath,2025-05-17,13,Saturday,1,0,0,Cloudy,33.7,1496,3744,1329
Somnath,2025-05-17,14,Saturday,1,0,0,Cloudy,33.8,1329,4006,1693
Somnath,2025-05-17,15,Saturday,1,0,0,Cloudy,33.4,1693,4277,1848
Somnath,2025-05-17,16,Saturday,1,0,0,Cloudy,33.8,1848,5441,2497
Somnath,2025-05-17,17,Saturday,1,0,0,Cloudy,33.2,2497,6818,3250
Somnath,2025-05-17,18,Saturday,1,0,0,Cloudy,33.1,3250,8364,4028
Somnath,2025-05-17,19,Saturday,1,0,0,Cloudy,30.5,4028,7563,2833
Somnath,2025-05-17,20,Saturday,1,0,0,Cloudy,28.3,2833,6553,2105
Somnath,2025-05-17,21,Saturday,1,0,0,Cloudy,28.1,2105,4420,957
Somnath,2025-05-17,22,Saturday,1,0,0,Cloudy,27.1,957,2776,530
Somnath,2025-05-17,23,Saturday,1,0,0,Cloudy,24.8,530,1578,174
Somnath,2025-05-18,0,Sunday,1,0,0,Clear,22.7,174,832,59
Somnath,2025-05-18,1,Sunday,1,0,0,Clear,22.2,59,445,38
Somnath,2025-05-18,2,Sunday,1,0,0,Clear,22.1,38,260,36
Somnath,2025-05-18,3,Sunday,1,0,0,Clear,22.3,36,252,99
Somnath,2025-05-18,4,Sunday,1,0,0,Clear,22.0,99,991,650
Somnath,2025-05-18,5,Sunday,1,0,0,Clear,23.4,650,2786,1730
Somnath,2025-05-18,6,Sunday,1,0,0,Clear,25.1,1730,4933,2676
Somnath,2025-05-18,7,Sunday,1,0,0,Clear,26.1,2676,6769,3371
Somnath,2025-05-18,8,Sunday,1,0,0,Clear,26.7,3371,8295,3893
Somnath,2025-05-18,9,Sunday,1,0,0,Clear,28.3,3893,8536,3731
Somnath,2025-05-18,10,Sunday,1,0,0,Clear,29.6,3731,8135,3136
Somnath,2025-05-18,11,Sunday,1,0,0,Clear,30.9,3136,6862,2347
Somnath,2025-05-18,12,Sunday,1,0,0,Clear,30.9,2347,5388,1519
Somnath,2025-05-18,13,Sunday,1,0,0,Clear,31.9,1519,4160,1334
Somnath,2025-05-18,14,Sunday,1,0,0,Clear,32.4,1334,4036,1569
Somnath,2025-05-18,15,Sunday,1,0,0,Clear,32.4,1569,4947,2390
Somnath,2025-05-18,16,Sunday,1,0,0,Clear,31.6,2390,6049,2794
Somnath,2025-05-18,17,Sunday,1,0,0,Clear,30.5,2794,8254,3978
Somnath,2025-05-18,18,Sunday,1,0,0,Clear,29.3,3978,8530,3640
Somnath,2025-05-18,19,Sunday,1,0,0,Clear,30.2,3640,8223,3009
Somnath,2025-05-18,20,Sunday,1,0,0,Clear,26.5,3009,6422,2110
Somnath,2025-05-18,21,Sunday,1,0,0,Clear,25.4,2110,4599,1342
Somnath,2025-05-18,22,Sunday,1,0,0,Clear,24.1,1342,3118,683
Somnath,2025-05-18,23,Sunday,1,0,0,Clear,24.1,683,1694,211
Somnath,2025-05-19,0,Monday,0,0,0,Clear,24.8,211,834,43
Somnath,2025-05-19,1,Monday,0,0,0,Clear,23.9,43,436,29
Somnath,2025-05-19,2,Monday,0,0,0,Clear,25.5,29,253,34
Somnath,2025-05-19,3,Monday,0,0,0,Clear,24.4,34,210,69
Somnath,2025-05-19,4,Monday,0,0,0,Clear,25.4,69,866,572
Somnath,2025-05-19,5,Monday,0,0,0,Clear,26.5,572,1831,1079
Somnath,2025-05-19,6,Monday,0,0,0,Clear,26.4,1079,3761,2209
Somnath,2025-05-19,7,Monday,0,0,0,Clear,27.9,2209,5086,2530
Somnath,2025-05-19,8,Monday,0,0,0,Clear,28.8,2530,6521,3029
Somnath,2025-05-19,9,Monday,0,0,0,Clear,31.1,3029,7472,3216
Somnath,2025-05-19,10,Monday,0,0,0,Clear,32.7,3216,6455,2288
Somnath,2025-05-19,11,Monday,0,0,0,Clear,33.8,2288,5030,1777
Somnath,2025-05-19,12,Monday,0,0,0,Clear,34.5,1777,3683,1132
Somnath,2025-05-19,13,Monday,0,0,0,Clear,34.7,1132,3054,1121
Somnath,2025-05-19,14,Monday,0,0,0,Clear,35.0,1121,3384,1546
Somnath,2025-05-19,15,Monday,0,0,0,Clear,35.5,1546,3679,1478
Somnath,2025-05-19,16,Monday,0,0,0,Clear,33.9,1478,4725,2390
Somnath,2025-05-19,17,Monday,0,0,0,Clear,33.3,2390,6163,2997
Somnath,2025-05-19,18,Monday,0,0,0,Clear,31.9,2997,6737,2820
Somnath,2025-05-19,19,Monday,0,0,0,Clear,31.0,2820,7161,3118
Somnath,2025-05-19,20,Monday,0,0,0,Clear,29.4,3118,5855,2144
Somnath,2025-05-19,21,Monday,0,0,0,Clear,27.6,2144,4227,1294
Somnath,2025-05-19,22,Monday,0,0,0,Clear,25.9,1294,2590,608
Somnath,2025-05-19,23,Monday,0,0,0,Clear,26.0,608,1222,163
Somnath,2025-05-20,0,Tuesday,0,0,0,Cloudy,21.0,163,586,35
Somnath,2025-05-20,1,Tuesday,0,0,0,Cloudy,20.7,35,272,20
Somnath,2025-05-20,2,Tuesday,0,0,0,Cloudy,19.3,20,153,18
Somnath,2025-05-20,3,Tuesday,0,0,0,Cloudy,19.4,18,142,55
Somnath,2025-05-20,4,Tuesday,0,0,0,Cloudy,20.7,55,652,437
Somnath,2025-05-20,5,Tuesday,0,0,0,Cloudy,22.0,437,1368,798
Somnath,2025-05-20,6,Tuesday,0,0,0,Cloudy,24.1,798,2281,1204
Somnath,2025-05-20,7,Tuesday,0,0,0,Cloudy,24.4,1204,3406,1701
Somnath,2025-05-20,8,Tuesday,0,0,0,Cloudy,24.2,1701,3927,1842
Somnath,2025-05-20,9,Tuesday,0,0,0,Cloudy,27.0,1842,3871,1530
Somnath,2025-05-20,10,Tuesday,0,0,0,Cloudy,27.9,1530,3667,1401
Somnath,2025-05-20,11,Tuesday,0,0,0,Cloudy,28.9,1401,3326,1070
Somnath,2025-05-20,12,Tuesday,0,0,0,Cloudy,29.6,1070,2311,650
Somnath,2025-05-20,13,Tuesday,0,0,0,Cloudy,29.7,650,2162,819
Somnath,2025-05-20,14,Tuesday,0,0,0,Rainy,30.8,819,1842,673
Somnath,2025-05-20,15,Tuesday,0,0,0,Cloudy,30.4,673,2489,1214
Somnath,2025-05-20,16,Tuesday,0,0,0,Cloudy,30.2,1214,3395,1709
Somnath,2025-05-20,17,Tuesday,0,0,0,Cloudy,29.7,1709,3762,1722
Somnath,2025-05-20,18,Tuesday,0,0,0,Cloudy,28.1,1722,3966,1655
Somnath,2025-05-20,19,Tuesday,0,0,0,Cloudy,26.6,1655,4348,1943
Somnath,2025-05-20,20,Tuesday,0,0,0,Cloudy,25.2,1943,4056,1455
Somnath,2025-05-20,21,Tuesday,0,0,0,Cloudy,23.6,1455,2875,758
Somnath,2025-05-20,22,Tuesday,0,0,0,Cloudy,22.9,758,1792,308
Somnath,2025-05-20,23,Tuesday,0,0,0,Cloudy,20.5,308,961,101
Somnath,2025-05-21,0,Wednesday,0,0,0,Sunny,24.5,101,505,33
Somnath,2025-05-21,1,Wednesday,0,0,0,Sunny,22.9,33,282,25
Somnath,2025-05-21,2,Wednesday,0,0,0,Sunny,23.8,25,156,23
Somnath,2025-05-21,3,Wednesday,0,0,0,Sunny,22.4,23,146,59
Somnath,2025-05-21,4,Wednesday,0,0,0,Sunny,23.3,59,526,342
Somnath,2025-05-21,5,Wednesday,0,0,0,Sunny,24.6,342,1409,874
Somnath,2025-05-21,6,Wednesday,0,0,0,Sunny,26.4,874,2614,1485
Somnath,2025-05-21,7,Wednesday,0,0,0,Sunny,27.1,1485,4472,2427
Somnath,2025-05-21,8,Wednesday,0,0,0,Sunny,28.1,2427,4335,1737
Somnath,2025-05-21,9,Wednesday,0,0,0,Sunny,29.9,1737,4187,1777
Somnath,2025-05-21,10,Wednesday,0,0,0,Sunny,30.5,1777,4557,1880
Somnath,2025-05-21,11,Wednesday,0,0,0,Sunny,31.5,1880,3828,1406
Somnath,2025-05-21,12,Wednesday,0,0,0,Sunny,33.8,1406,3059,929
Somnath,2025-05-21,13,Wednesday,0,0,0,Sunny,32.4,929,2532,856
Somnath,2025-05-21,14,Wednesday,0,0,0,Sunny,34.1,856,2588,1070
Somnath,2025-05-21,15,Wednesday,0,0,0,Sunny,33.1,1070,3000,1362
Somnath,2025-05-21,16,Wednesday,0,0,0,Sunny,32.4,1362,3228,1465
Somnath,2025-05-21,17,Wednesday,0,0,0,Sunny,31.8,1465,4595,2318
Somnath,2025-05-21,18,Wednesday,0,0,0,Sunny,30.7,2318,5253,2423
Somnath,2025-05-21,19,Wednesday,0,0,0,Sunny,29.8,2423,4840,1766
Somnath,2025-05-21,20,Wednesday,0,0,0,Sunny,27.4,1766,3649,1222
Somnath,2025-05-21,21,Wednesday,0,0,0,Sunny,26.9,1222,2833,913
Somnath,2025-05-21,22,Wednesday,0,0,0,Sunny,25.4,913,1851,376
Somnath,2025-05-21,23,Wednesday,0,0,0,Sunny,24.6,376,953,122
Somnath,2025-05-22,0,Thursday,0,0,0,Sunny,23.7,122,453,27
Somnath,2025-05-22,1,Thursday,0,0,0,Sunny,23.3,27,247,22
Somnath,2025-05-22,2,Thursday,0,0,0,Sunny,23.1,22,141,22
Somnath,2025-05-22,3,Thursday,0,0,0,Sunny,22.4,22,140,58
Somnath,2025-05-22,4,Thursday,0,0,0,Sunny,24.1,58,775,531
Somnath,2025-05-22,5,Thursday,0,0,0,Sunny,23.1,531,1478,856
Somnath,2025-05-22,6,Thursday,0,0,0,Sunny,25.4,856,3060,1737
Somnath,2025-05-22,7,Thursday,0,0,0,Sunny,26.7,1737,3877,1953
Somnath,2025-05-22,8,Thursday,0,0,0,Sunny,28.0,1953,4762,2194
Somnath,2025-05-22,9,Thursday,0,0,0,Sunny,28.9,2194,4471,1842
Somnath,2025-05-22,10,Thursday,0,0,0,Sunny,29.2,1842,3799,1441
Somnath,2025-05-22,11,Thursday,0,0,0,Sunny,31.9,1441,3379,1271
Somnath,2025-05-22,12,Thursday,0,0,0,Sunny,31.9,1271,2497,638
Somnath,2025-05-22,13,Thursday,0,0,0,Sunny,32.4,638,2099,783
Somnath,2025-05-22,14,Thursday,0,0,0,Sunny,33.8,783,2278,1017
Somnath,2025-05-22,15,Thursday,0,0,0,Sunny,32.8,1017,3157,1582
Somnath,2025-05-22,16,Thursday,0,0,0,Sunny,32.4,1582,3342,1523
Somnath,2025-05-22,17,Thursday,0,0,0,Sunny,31.6,1523,4558,2201
Somnath,2025-05-22,18,Thursday,0,0,0,Sunny,29.3,2201,4697,2004
Somnath,2025-05-22,19,Thursday,0,0,0,Sunny,29.3,2004,4597,1849
Somnath,2025-05-22,20,Thursday,0,0,0,Sunny,28.2,1849,3874,1266
Somnath,2025-05-22,21,Thursday,0,0,0,Sunny,26.9,1266,2952,792
Somnath,2025-05-22,22,Thursday,0,0,0,Sunny,26.3,792,1661,395
Somnath,2025-05-22,23,Thursday,0,0,0,Sunny,25.2,395,997,129
Somnath,2025-05-23,0,Friday,0,0,0,Sunny,24.5,129,560,49
Somnath,2025-05-23,1,Friday,0,0,0,Sunny,23.6,49,279,23
Somnath,2025-05-23,2,Friday,0,0,0,Sunny,23.5,23,156,28
Somnath,2025-05-23,3,Friday,0,0,0,Sunny,22.5,28,158,63
Somnath,2025-05-23,4,Friday,0,0,0,Sunny,24.9,63,803,539
Somnath,2025-05-23,5,Friday,0,0,0,Sunny,24.8,539,1487,840
Somnath,2025-05-23,6,Friday,0,0,0,Sunny,25.7,840,3040,1755
Somnath,2025-05-23,7,Friday,0,0,0,Sunny,27.4,1755,4858,2599
Somnath,2025-05-23,8,Friday,0,0,0,Sunny,27.4,2599,5443,2409
Somnath,2025-05-23,9,Friday,0,0,0,Sunny,30.6,2409,5384,2127
Somnath,2025-05-23,10,Friday,0,0,0,Sunny,31.3,2127,5157,1942
Somnath,2025-05-23,11,Friday,0,0,0,Sunny,31.8,1942,4319,1481
Somnath,2025-05-23,12,Friday,0,0,0,Sunny,32.7,1481,3458,1173
Somnath,2025-05-23,13,Friday,0,0,0,Sunny,33.7,1173,2861,954
Somnath,2025-05-23,14,Friday,0,0,0,Sunny,33.5,954,2814,1126
Somnath,2025-05-23,15,Friday,0,0,0,Sunny,33.7,1126,3422,1517
Somnath,2025-05-23,16,Friday,0,0,0,Sunny,32.5,1517,4100,1986
Somnath,2025-05-23,17,Friday,0,0,0,Sunny,32.5,1986,4753,2173
Somnath,2025-05-23,18,Friday,0,0,0,Sunny,30.9,2173,5837,2783
Somnath,2025-05-23,19,Friday,0,0,0,Sunny,29.5,2783,6205,2623
Somnath,2025-05-23,20,Friday,0,0,0,Sunny,28.2,2623,5191,1607
Somnath,2025-05-23,21,Friday,0,0,0,Sunny,27.0,1607,3456,889
Somnath,2025-05-23,22,Friday,0,0,0,Sunny,25.6,889,1975,385
Somnath,2025-05-23,23,Friday,0,0,0,Sunny,24.1,385,1084,125
Somnath,2025-05-24,0,Saturday,1,0,0,Cloudy,25.7,125,592,54
Somnath,2025-05-24,1,Saturday,1,0,0,Cloudy,26.2,54,307,36
Somnath,2025-05-24,2,Saturday,1,0,0,Cloudy,24.7,36,191,40
Somnath,2025-05-24,3,Saturday,1,0,0,Cloudy,25.1,40,196,84
Somnath,2025-05-24,4,Saturday,1,0,0,Cloudy,26.1,84,836,551
Somnath,2025-05-24,5,Saturday,1,0,0,Cloudy,26.4,551,2184,1358
Somnath,2025-05-24,6,Saturday,1,0,0,Cloudy,27.8,1358,4210,2392
Somnath,2025-05-24,7,Saturday,1,0,0,Cloudy,30.0,2392,6141,3201
Somnath,2025-05-24,8,Saturday,1,0,0,Cloudy,30.0,3201,7887,3662
Somnath,2025-05-24,9,Saturday,1,0,0,Cloudy,32.0,3662,8116,3303
Somnath,2025-05-24,10,Saturday,1,0,0,Cloudy,33.9,3303,6531,2042
Somnath,2025-05-24,11,Saturday,1,0,0,Cloudy,34.8,2042,5246,1805
Somnath,2025-05-24,12,Saturday,1,0,0,Cloudy,34.5,1805,4128,1351
Somnath,2025-05-24,13,Saturday,1,0,0,Cloudy,35.7,1351,3890,1431
Somnath,2025-05-24,14,Saturday,1,0,0,Cloudy,35.2,1431,3704,1416
Somnath,2025-05-24,15,Saturday,1,0,0,Cloudy,35.7,1416,4471,2048
Somnath,2025-05-24,16,Saturday,1,0,0,Cloudy,35.0,2048,5827,2846
Somnath,2025-05-24,17,Saturday,1,0,0,Rainy,33.6,2846,5800,2390
Somnath,2025-05-24,18,Saturday,1,0,0,Cloudy,32.5,2390,6963,3371
Somnath,2025-05-24,19,Saturday,1,0,0,Cloudy,32.1,3371,6808,2920
Somnath,2025-05-24,20,Saturday,1,0,0,Cloudy,29.9,2920,6089,2303
Somnath,2025-05-24,21,Saturday,1,0,0,Cloudy,28.7,2303,4514,1279
Somnath,2025-05-24,22,Saturday,1,0,0,Cloudy,27.0,1279,2748,591
Somnath,2025-05-24,23,Saturday,1,0,0,Cloudy,26.7,591,1452,184
Somnath,2025-05-25,0,Sunday,1,0,0,Clear,20.7,184,776,50
Somnath,2025-05-25,1,Sunday,1,0,0,Clear,19.0,50,384,40
Somnath,2025-05-25,2,Sunday,1,0,0,Clear,18.5,40,214,37
Somnath,2025-05-25,3,Sunday,1,0,0,Clear,19.0,37,232,94
Somnath,2025-05-25,4,Sunday,1,0,0,Clear,19.0,94,1053,702
Somnath,2025-05-25,5,Sunday,1,0,0,Clear,19.9,702,2642,1613
Somnath,2025-05-25,6,Sunday,1,0,0,Clear,20.1,1613,5028,2893
Somnath,2025-05-25,7,Sunday,1,0,0,Clear,22.2,2893,7159,3656
Somnath,2025-05-25,8,Sunday,1,0,0,Clear,24.8,3656,8836,4236
Somnath,2025-05-25,9,Sunday,1,0,0,Clear,26.1,4236,8449,2984
Somnath,2025-05-25,10,Sunday,1,0,0,Clear,26.4,2984,8195,3135
Somnath,2025-05-25,11,Sunday,1,0,0,Clear,28.1,3135,6496,2101
Somnath,2025-05-25,12,Sunday,1,0,0,Clear,27.5,2101,5171,1627
Somnath,2025-05-25,13,Sunday,1,0,0,Clear,29.4,1627,3489,970
Somnath,2025-05-25,14,Sunday,1,0,0,Clear,29.0,970,3946,1743
Somnath,2025-05-25,15,Sunday,1,0,0,Clear,29.2,1743,4858,2351
Somnath,2025-05-25,16,Sunday,1,0,0,Clear,29.1,2351,6330,3039
Somnath,2025-05-25,17,Sunday,1,0,0,Clear,27.8,3039,8913,4440
Somnath,2025-05-25,18,Sunday,1,0,0,Clear,26.3,4440,9532,3978
Somnath,2025-05-25,19,Sunday,1,0,0,Clear,25.2,3978,9245,3610
Somnath,2025-05-25,20,Sunday,1,0,0,Clear,22.8,3610,7401,2463
Somnath,2025-05-25,21,Sunday,1,0,0,Clear,23.2,2463,5458,1552
Somnath,2025-05-25,22,Sunday,1,0,0,Clear,22.6,1552,3317,581
Somnath,2025-05-25,23,Sunday,1,0,0,Clear,21.0,581,1815,196
Somnath,2025-05-26,0,Monday,0,0,0,Clear,18.5,196,825,46
Somnath,2025-05-26,1,Monday,0,0,0,Clear,18.5,46,439,34
Somnath,2025-05-26,2,Monday,0,0,0,Clear,18.7,34,228,31
Somnath,2025-05-26,3,Monday,0,0,0,Clear,18.6,31,232,93
Somnath,2025-05-26,4,Monday,0,0,0,Clear,19.5,93,849,553
Somnath,2025-05-26,5,Monday,0,0,0,Clear,19.3,553,2010,1207
Somnath,2025-05-26,6,Monday,0,0,0,Clear,20.9,1207,3805,2153
Somnath,2025-05-26,7,Monday,0,0,0,Clear,21.6,2153,5881,3083
Somnath,2025-05-26,8,Monday,0,0,0,Clear,23.3,3083,6169,2740
Somnath,2025-05-26,9,Monday,0,0,0,Clear,25.6,2740,6408,2857
Somnath,2025-05-26,10,Monday,0,0,0,Clear,26.5,2857,6321,2533
Somnath,2025-05-26,11,Monday,0,0,0,Clear,28.1,2533,5224,1912
Somnath,2025-05-26,12,Monday,0,0,0,Clear,28.2,1912,4082,1335
Somnath,2025-05-26,13,Monday,0,0,0,Clear,28.8,1335,3181,928
Somnath,2025-05-26,14,Monday,0,0,0,Clear,28.2,928,3074,1223
Somnath,2025-05-26,15,Monday,0,0,0,Clear,28.8,1223,3785,1817
Somnath,2025-05-26,16,Monday,0,0,0,Clear,27.7,1817,4452,2050
Somnath,2025-05-26,17,Monday,0,0,0,Clear,27.8,2050,6025,2915
Somnath,2025-05-26,18,Monday,0,0,0,Clear,26.9,2915,6660,2944
Somnath,2025-05-26,19,Monday,0,0,0,Clear,26.1,2944,6908,3083
Somnath,2025-05-26,20,Monday,0,0,0,Clear,23.7,3083,5861,1944
Somnath,2025-05-26,21,Monday,0,0,0,Clear,21.6,1944,3932,1025
Somnath,2025-05-26,22,Monday,0,0,0,Clear,20.5,1025,2388,536
Somnath,2025-05-26,23,Monday,0,0,0,Clear,19.3,536,1306,131
Somnath,2025-05-27,0,Tuesday,0,0,0,Sunny,19.4,131,622,32
Somnath,2025-05-27,1,Tuesday,0,0,0,Sunny,18.3,32,321,26
Somnath,2025-05-27,2,Tuesday,0,0,0,Sunny,18.0,26,161,18
Somnath,2025-05-27,3,Tuesday,0,0,0,Sunny,18.1,18,142,51
Somnath,2025-05-27,4,Tuesday,0,0,0,Sunny,18.3,51,519,340
Somnath,2025-05-27,5,Tuesday,0,0,0,Sunny,20.4,340,1497,921
Somnath,2025-05-27,6,Tuesday,0,0,0,Sunny,20.8,921,2628,1415
Somnath,2025-05-27,7,Tuesday,0,0,0,Sunny,21.8,1415,3782,1927
Somnath,2025-05-27,8,Tuesday,0,0,0,Sunny,21.4,1927,5086,2476
Somnath,2025-05-27,9,Tuesday,0,0,0,Sunny,24.7,2476,4748,1808
Somnath,2025-05-27,10,Tuesday,0,0,0,Sunny,25.4,1808,4243,1664
Somnath,2025-05-27,11,Tuesday,0,0,0,Sunny,27.0,1664,3724,1358
Somnath,2025-05-27,12,Tuesday,0,0,0,Sunny,27.9,1358,2653,784
Somnath,2025-05-27,13,Tuesday,0,0,0,Sunny,28.4,784,2213,838
Somnath,2025-05-27,14,Tuesday,0,0,0,Sunny,28.7,838,2173,879
Somnath,2025-05-27,15,Tuesday,0,0,0,Sunny,27.4,879,2505,1096
Somnath,2025-05-27,16,Tuesday,0,0,0,Sunny,27.7,1096,3185,1529
Somnath,2025-05-27,17,Tuesday,0,0,0,Sunny,27.1,1529,4256,2095
Somnath,2025-05-27,18,Tuesday,0,0,0,Sunny,26.4,2095,5220,2419
Somnath,2025-05-27,19,Tuesday,0,0,0,Sunny,24.5,2419,4966,1911
Somnath,2025-05-27,20,Tuesday,0,0,0,Sunny,23.8,1911,4114,1476
Somnath,2025-05-27,21,Tuesday,0,0,0,Sunny,21.1,1476,2900,710
Somnath,2025-05-27,22,Tuesday,0,0,0,Sunny,19.6,710,1797,347
Somnath,2025-05-27,23,Tuesday,0,0,0,Sunny,20.1,347,907,113
Somnath,2025-05-28,0,Wednesday,0,0,0,Clear,21.0,113,429,33
Somnath,2025-05-28,1,Wednesday,0,0,0,Clear,21.7,33,232,19
Somnath,2025-05-28,2,Wednesday,0,0,0,Clear,21.4,19,135,25
Somnath,2025-05-28,3,Wednesday,0,0,0,Clear,21.0,25,128,48
Somnath,2025-05-28,4,Wednesday,0,0,0,Clear,21.3,48,562,376
Somnath,2025-05-28,5,Wednesday,0,0,0,Clear,20.7,376,1275,747
Somnath,2025-05-28,6,Wednesday,0,0,0,Clear,23.0,747,2607,1492
Somnath,2025-05-28,7,Wednesday,0,0,0,Clear,25.6,1492,4151,2248
Somnath,2025-05-28,8,Wednesday,0,0,0,Clear,24.7,2248,5819,2770
Somnath,2025-05-28,9,Wednesday,0,0,0,Clear,27.4,2770,4902,1598
Somnath,2025-05-28,10,Wednesday,0,0,0,Clear,28.5,1598,4408,1558
Somnath,2025-05-28,11,Wednesday,0,0,0,Clear,29.8,1558,3470,1125
Somnath,2025-05-28,12,Wednesday,0,0,0,Clear,30.9,1125,2877,959
Somnath,2025-05-28,13,Wednesday,0,0,0,Clear,31.5,959,2327,756
Somnath,2025-05-28,14,Wednesday,0,0,0,Clear,29.1,756,2313,908
Somnath,2025-05-28,15,Wednesday,0,0,0,Clear,30.7,908,2570,1173
Somnath,2025-05-28,16,Wednesday,0,0,0,Clear,31.1,1173,3563,1747
Somnath,2025-05-28,17,Wednesday,0,0,0,Clear,28.6,1747,4270,1992
Somnath,2025-05-28,18,Wednesday,0,0,0,Clear,28.4,1992,4646,2043
Somnath,2025-05-28,19,Wednesday,0,0,0,Clear,27.8,2043,4214,1435
Somnath,2025-05-28,20,Wednesday,0,0,0,Clear,26.2,1435,3801,1347
Somnath,2025-05-28,21,Wednesday,0,0,0,Clear,23.7,1347,2684,729
Somnath,2025-05-28,22,Wednesday,0,0,0,Clear,24.1,729,1690,337
Somnath,2025-05-28,23,Wednesday,0,0,0,Clear,21.8,337,986,120
Somnath,2025-05-29,0,Thursday,0,0,0,Clear,26.9,120,506,38
Somnath,2025-05-29,1,Thursday,0,0,0,Clear,26.6,38,263,27
Somnath,2025-05-29,2,Thursday,0,0,0,Clear,26.1,27,143,22
Somnath,2025-05-29,3,Thursday,0,0,0,Clear,25.8,22,137,58
Somnath,2025-05-29,4,Thursday,0,0,0,Clear,27.0,58,468,295
Somnath,2025-05-29,5,Thursday,0,0,0,Clear,28.2,295,1365,855
Somnath,2025-05-29,6,Thursday,0,0,0,Clear,28.6,855,2617,1479
Somnath,2025-05-29,7,Thursday,0,0,0,Clear,29.5,1479,3857,1977
Somnath,2025-05-29,8,Thursday,0,0,0,Clear,30.2,1977,4701,2186
Somnath,2025-05-29,9,Thursday,0,0,0,Clear,32.4,2186,4789,1891
Somnath,2025-05-29,10,Thursday,0,0,0,Clear,33.4,1891,4579,1692
Somnath,2025-05-29,11,Thursday,0,0,0,Clear,34.7,1692,3924,1388
Somnath,2025-05-29,12,Thursday,0,0,0,Clear,36.3,1388,3110,912
Somnath,2025-05-29,13,Thursday,0,0,0,Clear,36.0,912,2450,743
Somnath,2025-05-29,14,Thursday,0,0,0,Clear,36.1,743,2406,1077
Somnath,2025-05-29,15,Thursday,0,0,0,Clear,36.1,1077,2678,1224
Somnath,2025-05-29,16,Thursday,0,0,0,Clear,35.2,1224,3351,1592
Somnath,2025-05-29,17,Thursday,0,0,0,Clear,33.9,1592,4580,2199
Somnath,2025-05-29,18,Thursday,0,0,0,Clear,33.8,2199,5585,2527
Somnath,2025-05-29,19,Thursday,0,0,0,Clear,33.1,2527,5630,2355
Somnath,2025-05-29,20,Thursday,0,0,0,Clear,30.6,2355,4716,1550
Somnath,2025-05-29,21,Thursday,0,0,0,Clear,30.1,1550,3518,1033
Somnath,2025-05-29,22,Thursday,0,0,0,Clear,28.6,1033,2176,314
Somnath,2025-05-29,23,Thursday,0,0,0,Clear,27.1,314,1115,113
Somnath,2025-05-30,0,Friday,0,0,0,Clear,20.3,113,529,35
Somnath,2025-05-30,1,Friday,0,0,0,Clear,21.2,35,290,30
Somnath,2025-05-30,2,Friday,0,0,0,Clear,20.6,30,165,34
Somnath,2025-05-30,3,Friday,0,0,0,Clear,19.3,34,158,63
Somnath,2025-05-30,4,Friday,0,0,0,Clear,20.4,63,690,458
Somnath,2025-05-30,5,Friday,0,0,0,Clear,21.5,458,1558,949
Somnath,2025-05-30,6,Friday,0,0,0,Clear,21.9,949,3047,1744
Somnath,2025-05-30,7,Friday,0,0,0,Clear,23.1,1744,4280,2212
Somnath,2025-05-30,8,Friday,0,0,0,Clear,25.1,2212,4875,2245
Somnath,2025-05-30,9,Friday,0,0,0,Clear,25.7,2245,5116,2235
Somnath,2025-05-30,10,Friday,0,0,0,Clear,28.3,2235,5032,2028
Somnath,2025-05-30,11,Friday,0,0,0,Clear,28.4,2028,4585,1661
Somnath,2025-05-30,12,Friday,0,0,0,Clear,29.8,1661,3917,1338
Somnath,2025-05-30,13,Friday,0,0,0,Clear,30.8,1338,3148,982
Somnath,2025-05-30,14,Friday,0,0,0,Clear,29.9,982,2940,1110
Somnath,2025-05-30,15,Friday,0,0,0,Clear,30.4,1110,3573,1613
Somnath,2025-05-30,16,Friday,0,0,0,Clear,28.8,1613,4029,1780
Somnath,2025-05-30,17,Friday,0,0,0,Clear,28.4,1780,6890,3726
Somnath,2025-05-30,18,Friday,0,0,0,Clear,27.7,3726,6442,2530
Somnath,2025-05-30,19,Friday,0,0,0,Clear,26.5,2530,5854,2238
Somnath,2025-05-30,20,Friday,0,0,0,Clear,25.0,2238,5444,1946
Somnath,2025-05-30,21,Friday,0,0,0,Clear,23.9,1946,3625,822
Somnath,2025-05-30,22,Friday,0,0,0,Clear,23.5,822,2350,488
Somnath,2025-05-30,23,Friday,0,0,0,Clear,22.3,488,1278,139
Dwarka,2025-01-01,0,Wednesday,0,1,0,Sunny,21.1,55,164,43
Dwarka,2025-01-01,1,Wednesday,0,1,0,Sunny,19.5,43,118,27
Dwarka,2025-01-01,2,Wednesday,0,1,0,Sunny,19.4,27,103,37
Dwarka,2025-01-01,3,Wednesday,0,1,0,Sunny,19.1,37,150,75
Dwarka,2025-01-01,4,Wednesday,0,1,0,Sunny,19.7,75,692,451
Dwarka,2025-01-01,5,Wednesday,0,1,0,Sunny,21.0,451,2038,1264
Dwarka,2025-01-01,6,Wednesday,0,1,0,Sunny,21.4,1264,3138,1588
Dwarka,2025-01-01,7,Wednesday,0,1,0,Sunny,23.2,1588,5293,2821
Dwarka,2025-01-01,8,Wednesday,0,1,0,Sunny,24.1,2821,6633,3060
Dwarka,2025-01-01,9,Wednesday,0,1,0,Sunny,26.9,3060,6056,2209
Dwarka,2025-01-01,10,Wednesday,0,1,0,Sunny,27.6,2209,5114,1713
Dwarka,2025-01-01,11,Wednesday,0,1,0,Sunny,28.5,1713,4405,1543
Dwarka,2025-01-01,12,Wednesday,0,1,0,Sunny,29.7,1543,3754,1200
Dwarka,2025-01-01,13,Wednesday,0,1,0,Sunny,29.7,1200,3255,974
Dwarka,2025-01-01,14,Wednesday,0,1,0,Sunny,29.8,974,2906,1025
Dwarka,2025-01-01,15,Wednesday,0,1,0,Sunny,30.0,1025,3551,1554
Dwarka,2025-01-01,16,Wednesday,0,1,0,Sunny,29.6,1554,5010,2474
Dwarka,2025-01-01,17,Wednesday,0,1,0,Sunny,28.8,2474,5330,2200
Dwarka,2025-01-01,18,Wednesday,0,1,0,Sunny,25.5,2200,6643,2891
Dwarka,2025-01-01,19,Wednesday,0,1,0,Sunny,26.1,2891,6565,2460
Dwarka,2025-01-01,20,Wednesday,0,1,0,Sunny,23.6,2460,5650,1725
Dwarka,2025-01-01,21,Wednesday,0,1,0,Sunny,23.3,1725,4158,1069
Dwarka,2025-01-01,22,Wednesday,0,1,0,Sunny,22.3,1069,2604,425
Dwarka,2025-01-01,23,Wednesday,0,1,0,Sunny,20.5,425,1482,134
Dwarka,2025-01-02,0,Thursday,0,0,0,Clear,24.5,134,686,29
Dwarka,2025-01-02,1,Thursday,0,0,0,Clear,23.7,29,378,29
Dwarka,2025-01-02,2,Thursday,0,0,0,Clear,25.3,29,207,24
Dwarka,2025-01-02,3,Thursday,0,0,0,Clear,24.1,24,180,58
Dwarka,2025-01-02,4,Thursday,0,0,0,Clear,24.5,58,526,315
Dwarka,2025-01-02,5,Thursday,0,0,0,Clear,25.6,315,1304,778
Dwarka,2025-01-02,6,Thursday,0,0,0,Clear,26.6,778,2660,1477
Dwarka,2025-01-02,7,Thursday,0,0,0,Clear,28.0,1477,3418,1594
Dwarka,2025-01-02,8,Thursday,0,0,0,Clear,29.1,1594,4931,2366
Dwarka,2025-01-02,9,Thursday,0,0,0,Clear,30.8,2366,4282,1526
Dwarka,2025-01-02,10,Thursday,0,0,0,Clear,32.0,1526,4138,1571
Dwarka,2025-01-02,11,Thursday,0,0,0,Clear,32.8,1571,3543,1155
Dwarka,2025-01-02,12,Thursday,0,0,0,Clear,32.5,1155,2668,756
Dwarka,2025-01-02,13,Thursday,0,0,0,Clear,35.2,756,2216,684
Dwarka,2025-01-02,14,Thursday,0,0,0,Clear,34.8,684,2577,1071
Dwarka,2025-01-02,15,Thursday,0,0,0,Clear,34.4,1071,2708,1120
Dwarka,2025-01-02,16,Thursday,0,0,0,Clear,33.8,1120,3339,1484
Dwarka,2025-01-02,17,Thursday,0,0,0,Clear,33.3,1484,4516,2083
Dwarka,2025-01-02,18,Thursday,0,0,0,Clear,33.1,2083,5168,2134
Dwarka,2025-01-02,19,Thursday,0,0,0,Clear,30.5,2134,5296,1988
Dwarka,2025-01-02,20,Thursday,0,0,0,Clear,30.0,1988,4223,1308
Dwarka,2025-01-02,21,Thursday,0,0,0,Clear,27.2,1308,3196,751
Dwarka,2025-01-02,22,Thursday,0,0,0,Clear,26.6,751,2078,355
Dwarka,2025-01-02,23,Thursday,0,0,0,Clear,25.5,355,1022,126
Dwarka,2025-01-03,0,Friday,0,0,0,Clear,21.5,126,552,40
Dwarka,2025-01-03,1,Friday,0,0,0,Clear,21.7,40,289,27
Dwarka,2025-01-03,2,Friday,0,0,0,Clear,20.5,27,171,27
Dwarka,2025-01-03,3,Friday,0,0,0,Clear,20.5,27,184,71
Dwarka,2025-01-03,4,Friday,0,0,0,Clear,22.9,71,703,453
Dwarka,2025-01-03,5,Friday,0,0,0,Clear,23.6,453,1541,878
Dwarka,2025-01-03,6,Friday,0,0,0,Clear,24.0,878,3320,1906
Dwarka,2025-01-03,7,Friday,0,0,0,Clear,25.9,1906,4458,2209
Dwarka,2025-01-03,8,Friday,0,0,0,Clear,27.4,2209,5094,2089
Dwarka,2025-01-03,9,Friday,0,0,0,Clear,27.8,2089,5829,2404
Dwarka,2025-01-03,10,Friday,0,0,0,Clear,29.4,2404,5398,1882
Dwarka,2025-01-03,11,Friday,0,0,0,Clear,29.0,1882,4439,1476
Dwarka,2025-01-03,12,Friday,0,0,0,Clear,31.1,1476,3195,882
Dwarka,2025-01-03,13,Friday,0,0,0,Clear,32.5,882,2893,1007
Dwarka,2025-01-03,14,Friday,0,0,0,Clear,31.9,1007,2838,1044
Dwarka,2025-01-03,15,Friday,0,0,0,Clear,31.2,1044,3462,1568
Dwarka,2025-01-03,16,Friday,0,0,0,Clear,30.8,1568,4095,1839
Dwarka,2025-01-03,17,Friday,0,0,0,Clear,30.4,1839,4894,2135
Dwarka,2025-01-03,18,Friday,0,0,0,Clear,29.8,2135,5389,2263
Dwarka,2025-01-03,19,Friday,0,0,0,Clear,28.1,2263,5240,1921
Dwarka,2025-01-03,20,Friday,0,0,0,Clear,26.8,1921,4773,1729
Dwarka,2025-01-03,21,Friday,0,0,0,Clear,24.6,1729,3332,853
Dwarka,2025-01-03,22,Friday,0,0,0,Clear,24.2,853,2231,330
Dwarka,2025-01-03,23,Friday,0,0,0,Clear,23.6,330,1289,127
Dwarka,2025-01-04,0,Saturday,1,0,0,Clear,23.3,127,632,52
Dwarka,2025-01-04,1,Saturday,1,0,0,Clear,23.5,52,347,31
Dwarka,2025-01-04,2,Saturday,1,0,0,Clear,22.7,31,202,31
Dwarka,2025-01-04,3,Saturday,1,0,0,Clear,23.3,31,195,75
Dwarka,2025-01-04,4,Saturday,1,0,0,Clear,24.1,75,1233,842
Dwarka,2025-01-04,5,Saturday,1,0,0,Clear,24.0,842,2298,1263
Dwarka,2025-01-04,6,Saturday,1,0,0,Clear,25.4,1263,4690,2648
Dwarka,2025-01-04,7,Saturday,1,0,0,Clear,27.4,2648,6290,2881
Dwarka,2025-01-04,8,Saturday,1,0,0,Clear,28.1,2881,7260,2898
Dwarka,2025-01-04,9,Saturday,1,0,0,Clear,28.5,2898,6964,2658
Dwarka,2025-01-04,10,Saturday,1,0,0,Clear,32.4,2658,7725,3061
Dwarka,2025-01-04,11,Saturday,1,0,0,Clear,31.8,3061,7432,2708
Dwarka,2025-01-04,12,Saturday,1,0,0,Clear,33.4,2708,5501,1439
Dwarka,2025-01-04,13,Saturday,1,0,0,Clear,33.2,1439,4342,1201
Dwarka,2025-01-04,14,Saturday,1,0,0,Clear,33.7,1201,4253,1490
Dwarka,2025-01-04,15,Saturday,1,0,0,Clear,31.5,1490,4893,2058
Dwarka,2025-01-04,16,Saturday,1,0,0,Clear,33.5,2058,5791,2532
Dwarka,2025-01-04,17,Saturday,1,0,0,Clear,32.5,2532,7853,3789
Dwarka,2025-01-04,18,Saturday,1,0,0,Clear,31.0,3789,9036,4198
Dwarka,2025-01-04,19,Saturday,1,0,0,Clear,29.2,4198,9108,3358
Dwarka,2025-01-04,20,Saturday,1,0,0,Clear,28.6,3358,6880,2001
Dwarka,2025-01-04,21,Saturday,1,0,0,Clear,26.5,2001,5201,1483
Dwarka,2025-01-04,22,Saturday,1,0,0,Clear,25.7,1483,3252,482
Dwarka,2025-01-04,23,Saturday,1,0,0,Clear,24.2,482,1664,174
Dwarka,2025-01-05,0,Sunday,1,0,0,Clear,20.8,174,839,91
Dwarka,2025-01-05,1,Sunday,1,0,0,Clear,20.6,91,459,47
Dwarka,2025-01-05,2,Sunday,1,0,0,Clear,20.2,47,266,42
Dwarka,2025-01-05,3,Sunday,1,0,0,Clear,20.9,42,329,149
Dwarka,2025-01-05,4,Sunday,1,0,0,Clear,22.3,149,1352,878
Dwarka,2025-01-05,5,Sunday,1,0,0,Clear,20.8,878,2994,1706
Dwarka,2025-01-05,6,Sunday,1,0,0,Clear,23.2,1706,6857,3936
Dwarka,2025-01-05,7,Sunday,1,0,0,Clear,24.5,3936,8222,3776
Dwarka,2025-01-05,8,Sunday,1,0,0,Clear,25.8,3776,9114,3765
Dwarka,2025-01-05,9,Sunday,1,0,0,Clear,26.6,3765,10163,4186
Dwarka,2025-01-05,10,Sunday,1,0,0,Clear,27.8,4186,10374,3978
Dwarka,2025-01-05,11,Sunday,1,0,0,Clear,30.3,3978,8478,2477
Dwarka,2025-01-05,12,Sunday,1,0,0,Clear,31.4,2477,6995,1865
Dwarka,2025-01-05,13,Sunday,1,0,0,Clear,31.3,1865,5964,1894
Dwarka,2025-01-05,14,Sunday,1,0,0,Clear,31.8,1894,5131,1641
Dwarka,2025-01-05,15,Sunday,1,0,0,Clear,30.8,1641,5843,2345
Dwarka,2025-01-05,16,Sunday,1,0,0,Clear,30.6,2345,6849,3033
Dwarka,2025-01-05,17,Sunday,1,0,0,Clear,29.1,3033,9984,5045
Dwarka,2025-01-05,18,Sunday,1,0,0,Clear,29.1,5045,11981,5414
Dwarka,2025-01-05,19,Sunday,1,0,0,Clear,27.8,5414,10958,3336
Dwarka,2025-01-05,20,Sunday,1,0,0,Clear,26.7,3336,8792,2767
Dwarka,2025-01-05,21,Sunday,1,0,0,Clear,24.7,2767,6773,1586
Dwarka,2025-01-05,22,Sunday,1,0,0,Clear,22.8,1586,4219,719
Dwarka,2025-01-05,23,Sunday,1,0,0,Clear,22.4,719,2328,233
Dwarka,2025-01-06,0,Monday,0,0,0,Clear,21.8,233,1189,36
Dwarka,2025-01-06,1,Monday,0,0,0,Clear,19.0,36,555,23
Dwarka,2025-01-06,2,Monday,0,0,0,Clear,21.0,23,289,26
Dwarka,2025-01-06,3,Monday,0,0,0,Clear,20.6,26,216,51
Dwarka,2025-01-06,4,Monday,0,0,0,Clear,21.4,51,746,474
Dwarka,2025-01-06,5,Monday,0,0,0,Clear,22.3,474,1496,832
Dwarka,2025-01-06,6,Monday,0,0,0,Clear,22.2,832,2741,1500
Dwarka,2025-01-06,7,Monday,0,0,0,Clear,24.9,1500,3715,1828
Dwarka,2025-01-06,8,Monday,0,0,0,Clear,25.9,1828,4024,1787
Dwarka,2025-01-06,9,Monday,0,0,0,Clear,27.6,1787,4604,1946
Dwarka,2025-01-06,10,Monday,0,0,0,Clear,29.3,1946,3971,1422
Dwarka,2025-01-06,11,Monday,0,0,0,Clear,29.5,1422,3463,1213
Dwarka,2025-01-06,12,Monday,0,0,0,Clear,30.3,1213,2614,818
Dwarka,2025-01-06,13,Monday,0,0,0,Clear,30.7,818,2176,672
Dwarka,2025-01-06,14,Monday,0,0,0,Clear,30.7,672,2570,1068
Dwarka,2025-01-06,15,Monday,0,0,0,Clear,31.3,1068,2683,1005
Dwarka,2025-01-06,16,Monday,0,0,0,Clear,31.3,1005,3532,1599
Dwarka,2025-01-06,17,Monday,0,0,0,Clear,29.2,1599,3768,1583
Dwarka,2025-01-06,18,Monday,0,0,0,Clear,29.5,1583,4230,1794
Dwarka,2025-01-06,19,Monday,0,0,0,Clear,27.2,1794,4220,1655
Dwarka,2025-01-06,20,Monday,0,0,0,Clear,25.9,1655,3547,1234
Dwarka,2025-01-06,21,Monday,0,0,0,Clear,24.6,1234,2959,876
Dwarka,2025-01-06,22,Monday,0,0,0,Clear,22.7,876,1784,284
Dwarka,2025-01-06,23,Monday,0,0,0,Clear,23.1,284,1047,119
Dwarka,2025-01-07,0,Tuesday,0,0,0,Sunny,27.2,119,533,33
Dwarka,2025-01-07,1,Tuesday,0,0,0,Sunny,25.8,33,301,22
Dwarka,2025-01-07,2,Tuesday,0,0,0,Sunny,25.8,22,186,22
Dwarka,2025-01-07,3,Tuesday,0,0,0,Sunny,26.6,22,152,46
Dwarka,2025-01-07,4,Tuesday,0,0,0,Sunny,26.8,46,519,329
Dwarka,2025-01-07,5,Tuesday,0,0,0,Sunny,27.0,329,1111,638
Dwarka,2025-01-07,6,Tuesday,0,0,0,Sunny,29.1,638,2506,1424
Dwarka,2025-01-07,7,Tuesday,0,0,0,Sunny,30.4,1424,3639,1848
Dwarka,2025-01-07,8,Tuesday,0,0,0,Sunny,32.2,1848,4126,1758
Dwarka,2025-01-07,9,Tuesday,0,0,0,Sunny,33.0,1758,4402,1890
Dwarka,2025-01-07,10,Tuesday,0,0,0,Sunny,32.9,1890,4027,1381
Dwarka,2025-01-07,11,Tuesday,0,0,0,Sunny,35.5,1381,3796,1349
Dwarka,2025-01-07,12,Tuesday,0,0,0,Sunny,35.9,1349,2627,612
Dwarka,2025-01-07,13,Tuesday,0,0,0,Sunny,37.4,612,2175,676
Dwarka,2025-01-07,14,Tuesday,0,0,0,Sunny,37.2,676,2105,762
Dwarka,2025-01-07,15,Tuesday,0,0,0,Sunny,37.7,762,2425,1090
Dwarka,2025-01-07,16,Tuesday,0,0,0,Sunny,36.2,1090,2701,1124
Dwarka,2025-01-07,17,Tuesday,0,0,0,Sunny,35.7,1124,4290,2227
Dwarka,2025-01-07,18,Tuesday,0,0,0,Sunny,34.6,2227,4426,1780
Dwarka,2025-01-07,19,Tuesday,0,0,0,Sunny,32.1,1780,4228,1582
Dwarka,2025-01-07,20,Tuesday,0,0,0,Sunny,31.9,1582,3559,1127
Dwarka,2025-01-07,21,Tuesday,0,0,0,Sunny,30.1,1127,2635,681
Dwarka,2025-01-07,22,Tuesday,0,0,0,Sunny,29.1,681,1707,333
Dwarka,2025-01-07,23,Tuesday,0,0,0,Sunny,27.8,333,924,99
Dwarka,2025-01-08,0,Wednesday,0,0,0,Sunny,23.1,99,475,30
Dwarka,2025-01-08,1,Wednesday,0,0,0,Sunny,23.0,30,258,20
Dwarka,2025-01-08,2,Wednesday,0,0,0,Sunny,22.0,20,159,23
Dwarka,2025-01-08,3,Wednesday,0,0,0,Sunny,22.4,23,125,39
Dwarka,2025-01-08,4,Wednesday,0,0,0,Sunny,23.5,39,727,493
Dwarka,2025-01-08,5,Wednesday,0,0,0,Sunny,23.4,493,1312,714
Dwarka,2025-01-08,6,Wednesday,0,0,0,Sunny,25.8,714,2235,1192
Dwarka,2025-01-08,7,Wednesday,0,0,0,Sunny,26.4,1192,3166,1540
Dwarka,2025-01-08,8,Wednesday,0,0,0,Sunny,28.7,1540,4420,2116
Dwarka,2025-01-08,9,Wednesday,0,0,0,Sunny,29.3,2116,4664,1859
Dwarka,2025-01-08,10,Wednesday,0,0,0,Sunny,30.9,1859,3999,1345
Dwarka,2025-01-08,11,Wednesday,0,0,0,Sunny,32.0,1345,4100,1594
Dwarka,2025-01-08,12,Wednesday,0,0,0,Sunny,32.4,1594,2931,749
Dwarka,2025-01-08,13,Wednesday,0,0,0,Sunny,34.6,749,2402,690
Dwarka,2025-01-08,14,Wednesday,0,0,0,Sunny,33.3,690,2423,907
Dwarka,2025-01-08,15,Wednesday,0,0,0,Sunny,33.0,907,2681,1053
Dwarka,2025-01-08,16,Wednesday,0,0,0,Sunny,33.4,1053,3564,1649
Dwarka,2025-01-08,17,Wednesday,0,0,0,Sunny,32.2,1649,4915,2371
Dwarka,2025-01-08,18,Wednesday,0,0,0,Sunny,31.2,2371,4549,1694
Dwarka,2025-01-08,19,Wednesday,0,0,0,Sunny,28.9,1694,4508,1928
Dwarka,2025-01-08,20,Wednesday,0,0,0,Sunny,28.0,1928,3243,866
Dwarka,2025-01-08,21,Wednesday,0,0,0,Sunny,26.6,866,2742,855
Dwarka,2025-01-08,22,Wednesday,0,0,0,Sunny,25.1,855,1794,353
Dwarka,2025-01-08,23,Wednesday,0,0,0,Sunny,24.5,353,940,90
Dwarka,2025-01-09,0,Thursday,0,0,0,Clear,20.2,90,513,39
Dwarka,2025-01-09,1,Thursday,0,0,0,Clear,19.0,39,258,22
Dwarka,2025-01-09,2,Thursday,0,0,0,Clear,19.0,22,147,20
Dwarka,2025-01-09,3,Thursday,0,0,0,Clear,19.0,20,140,55
Dwarka,2025-01-09,4,Thursday,0,0,0,Clear,20.4,55,728,493
Dwarka,2025-01-09,5,Thursday,0,0,0,Clear,20.8,493,1150,597
Dwarka,2025-01-09,6,Thursday,0,0,0,Clear,22.5,597,2697,1587
Dwarka,2025-01-09,7,Thursday,0,0,0,Clear,23.9,1587,4763,2487
Dwarka,2025-01-09,8,Thursday,0,0,0,Clear,24.4,2487,4502,1676
Dwarka,2025-01-09,9,Thursday,0,0,0,Clear,25.5,1676,4569,1878
Dwarka,2025-01-09,10,Thursday,0,0,0,Clear,27.3,1878,4435,1669
Dwarka,2025-01-09,11,Thursday,0,0,0,Clear,27.9,1669,3855,1427
Dwarka,2025-01-09,12,Thursday,0,0,0,Clear,29.1,1427,3010,858
Dwarka,2025-01-09,13,Thursday,0,0,0,Clear,29.9,858,2538,812
Dwarka,2025-01-09,14,Thursday,0,0,0,Clear,29.7,812,2360,873
Dwarka,2025-01-09,15,Thursday,0,0,0,Clear,30.3,873,2662,1097
Dwarka,2025-01-09,16,Thursday,0,0,0,Clear,29.3,1097,3299,1468
Dwarka,2025-01-09,17,Thursday,0,0,0,Clear,28.0,1468,4429,2095
Dwarka,2025-01-09,18,Thursday,0,0,0,Clear,27.0,2095,5208,2240
Dwarka,2025-01-09,19,Thursday,0,0,0,Clear,26.8,2240,5176,1937
Dwarka,2025-01-09,20,Thursday,0,0,0,Clear,24.0,1937,4652,1735
Dwarka,2025-01-09,21,Thursday,0,0,0,Clear,23.9,1735,3175,795
Dwarka,2025-01-09,22,Thursday,0,0,0,Clear,22.0,795,2055,320
Dwarka,2025-01-09,23,Thursday,0,0,0,Clear,20.6,320,1012,104
Dwarka,2025-01-10,0,Friday,0,0,0,Clear,25.5,104,533,37
Dwarka,2025-01-10,1,Friday,0,0,0,Clear,25.3,37,301,31
Dwarka,2025-01-10,2,Friday,0,0,0,Clear,25.0,31,187,26
Dwarka,2025-01-10,3,Friday,0,0,0,Clear,24.5,26,192,72
Dwarka,2025-01-10,4,Friday,0,0,0,Clear,26.0,72,644,409
Dwarka,2025-01-10,5,Friday,0,0,0,Clear,26.3,409,1421,805
Dwarka,2025-01-10,6,Friday,0,0,0,Clear,27.2,805,3048,1767
Dwarka,2025-01-10,7,Friday,0,0,0,Clear,27.7,1767,4179,2000
Dwarka,2025-01-10,8,Friday,0,0,0,Clear,30.3,2000,5262,2386
Dwarka,2025-01-10,9,Friday,0,0,0,Clear,31.0,2386,5703,2215
Dwarka,2025-01-10,10,Friday,0,0,0,Clear,32.9,2215,5413,1952
Dwarka,2025-01-10,11,Friday,0,0,0,Clear,32.7,1952,4389,1283
Dwarka,2025-01-10,12,Friday,0,0,0,Clear,34.4,1283,3724,1067
Dwarka,2025-01-10,13,Friday,0,0,0,Clear,35.4,1067,3186,1030
Dwarka,2025-01-10,14,Friday,0,0,0,Clear,34.6,1030,2910,1068
Dwarka,2025-01-10,15,Friday,0,0,0,Clear,35.9,1068,3499,1530
Dwarka,2025-01-10,16,Friday,0,0,0,Clear,35.1,1530,3672,1439
Dwarka,2025-01-10,17,Friday,0,0,0,Clear,32.8,1439,4806,2275
Dwarka,2025-01-10,18,Friday,0,0,0,Clear,32.9,2275,5884,2535
Dwarka,2025-01-10,19,Friday,0,0,0,Clear,30.9,2535,5823,2204
Dwarka,2025-01-10,20,Friday,0,0,0,Clear,28.9,2204,4610,1360
Dwarka,2025-01-10,21,Friday,0,0,0,Clear,29.2,1360,3347,936
Dwarka,2025-01-10,22,Friday,0,0,0,Clear,27.1,936,2268,483
Dwarka,2025-01-10,23,Friday,0,0,0,Clear,25.9,483,1311,134
Dwarka,2025-01-11,0,Saturday,1,0,0,Cloudy,21.1,134,709,55
Dwarka,2025-01-11,1,Saturday,1,0,0,Cloudy,21.0,55,368,31
Dwarka,2025-01-11,2,Saturday,1,0,0,Cloudy,21.1,31,224,33
Dwarka,2025-01-11,3,Saturday,1,0,0,Cloudy,20.5,33,231,94
Dwarka,2025-01-11,4,Saturday,1,0,0,Cloudy,21.2,94,995,650
Dwarka,2025-01-11,5,Saturday,1,0,0,Cloudy,21.8,650,2649,1603
Dwarka,2025-01-11,6,Saturday,1,0,0,Cloudy,22.6,1603,4466,2384
Dwarka,2025-01-11,7,Saturday,1,0,0,Cloudy,24.7,2384,6010,2858
Dwarka,2025-01-11,8,Saturday,1,0,0,Cloudy,25.3,2858,7470,3520
Dwarka,2025-01-11,9,Saturday,1,0,0,Cloudy,26.5,3520,7806,2913
Dwarka,2025-01-11,10,Saturday,1,0,0,Cloudy,28.2,2913,7422,2573
Dwarka,2025-01-11,11,Saturday,1,0,0,Cloudy,30.0,2573,5895,1872
Dwarka,2025-01-11,12,Saturday,1,0,0,Cloudy,29.0,1872,4765,1310
Dwarka,2025-01-11,13,Saturday,1,0,0,Cloudy,30.2,1310,3915,1286
Dwarka,2025-01-11,14,Saturday,1,0,0,Cloudy,31.1,1286,4065,1563
Dwarka,2025-01-11,15,Saturday,1,0,0,Cloudy,30.0,1563,5041,2241
Dwarka,2025-01-11,16,Saturday,1,0,0,Cloudy,29.9,2241,5700,2425
Dwarka,2025-01-11,17,Saturday,1,0,0,Cloudy,28.8,2425,5877,2382
Dwarka,2025-01-11,18,Saturday,1,0,0,Cloudy,27.3,2382,6816,3167
Dwarka,2025-01-11,19,Saturday,1,0,0,Cloudy,26.6,3167,6375,2252
Dwarka,2025-01-11,20,Saturday,1,0,0,Cloudy,25.8,2252,5883,2103
Dwarka,2025-01-11,21,Saturday,1,0,0,Cloudy,23.6,2103,4794,1258
Dwarka,2025-01-11,22,Saturday,1,0,0,Cloudy,23.4,1258,2788,482
Dwarka,2025-01-11,23,Saturday,1,0,0,Cloudy,21.5,482,1650,178
Dwarka,2025-01-12,0,Sunday,1,0,0,Cloudy,25.5,178,863,72
Dwarka,2025-01-12,1,Sunday,1,0,0,Cloudy,24.7,72,470,41
Dwarka,2025-01-12,2,Sunday,1,0,0,Cloudy,24.6,41,285,55
Dwarka,2025-01-12,3,Sunday,1,0,0,Cloudy,24.9,55,324,135
Dwarka,2025-01-12,4,Sunday,1,0,0,Cloudy,25.6,135,1314,851
Dwarka,2025-01-12,5,Sunday,1,0,0,Cloudy,25.3,851,2573,1439
Dwarka,2025-01-12,6,Sunday,1,0,0,Cloudy,25.7,1439,6096,3545
Dwarka,2025-01-12,7,Sunday,1,0,0,Cloudy,28.1,3545,7888,3683
Dwarka,2025-01-12,8,Sunday,1,0,0,Cloudy,29.7,3683,9636,4255
Dwarka,2025-01-12,9,Sunday,1,0,0,Cloudy,30.9,4255,10378,4185
Dwarka,2025-01-12,10,Sunday,1,0,0,Cloudy,31.9,4185,9668,3722
Dwarka,2025-01-12,11,Sunday,1,0,0,Cloudy,33.3,3722,8422,2925
Dwarka,2025-01-12,12,Sunday,1,0,0,Cloudy,34.4,2925,6480,1934
Dwarka,2025-01-12,13,Sunday,1,0,0,Cloudy,34.7,1934,5125,1556
Dwarka,2025-01-12,14,Sunday,1,0,0,Rainy,36.3,1556,4401,1427
Dwarka,2025-01-12,15,Sunday,1,0,0,Rainy,35.5,1427,5164,2188
Dwarka,2025-01-12,16,Sunday,1,0,0,Rainy,35.2,2188,7692,3800
Dwarka,2025-01-12,17,Sunday,1,0,0,Rainy,33.5,3800,8365,3498
Dwarka,2025-01-12,18,Sunday,1,0,0,Cloudy,32.8,3498,9594,3780
Dwarka,2025-01-12,19,Sunday,1,0,0,Cloudy,31.5,3780,8439,2961
Dwarka,2025-01-12,20,Sunday,1,0,0,Cloudy,30.2,2961,8019,3130
Dwarka,2025-01-12,21,Sunday,1,0,0,Cloudy,28.7,3130,5526,1255
Dwarka,2025-01-12,22,Sunday,1,0,0,Cloudy,27.7,1255,3311,636
Dwarka,2025-01-12,23,Sunday,1,0,0,Cloudy,26.0,636,1924,211
Dwarka,2025-01-13,0,Monday,0,0,0,Clear,20.3,211,962,34
Dwarka,2025-01-13,1,Monday,0,0,0,Clear,20.3,34,517,23
Dwarka,2025-01-13,2,Monday,0,0,0,Clear,20.7,23,283,23
Dwarka,2025-01-13,3,Monday,0,0,0,Clear,20.3,23,227,70
Dwarka,2025-01-13,4,Monday,0,0,0,Clear,21.9,70,678,422
Dwarka,2025-01-13,5,Monday,0,0,0,Clear,22.8,422,1450,850
Dwarka,2025-01-13,6,Monday,0,0,0,Clear,23.3,850,2543,1380
Dwarka,2025-01-13,7,Monday,0,0,0,Clear,24.0,1380,4209,2141
Dwarka,2025-01-13,8,Monday,0,0,0,Clear,26.7,2141,5185,2370
Dwarka,2025-01-13,9,Monday,0,0,0,Clear,27.1,2370,4800,1653
Dwarka,2025-01-13,10,Monday,0,0,0,Clear,28.9,1653,4513,1526
Dwarka,2025-01-13,11,Monday,0,0,0,Clear,30.1,1526,3637,1144
Dwarka,2025-01-13,12,Monday,0,0,0,Clear,31.1,1144,3140,997
Dwarka,2025-01-13,13,Monday,0,0,0,Clear,32.3,997,2805,937
Dwarka,2025-01-13,14,Monday,0,0,0,Clear,30.8,937,2399,799
Dwarka,2025-01-13,15,Monday,0,0,0,Clear,31.6,799,3210,1507
Dwarka,2025-01-13,16,Monday,0,0,0,Clear,31.3,1507,3680,1549
Dwarka,2025-01-13,17,Monday,0,0,0,Clear,30.3,1549,3837,1561
Dwarka,2025-01-13,18,Monday,0,0,0,Clear,29.3,1561,4725,2217
Dwarka,2025-01-13,19,Monday,0,0,0,Clear,26.0,2217,4533,1684
Dwarka,2025-01-13,20,Monday,0,0,0,Clear,25.6,1684,4044,1343
Dwarka,2025-01-13,21,Monday,0,0,0,Clear,25.1,1343,2597,580
Dwarka,2025-01-13,22,Monday,0,0,0,Clear,23.3,580,1754,353
Dwarka,2025-01-13,23,Monday,0,0,0,Clear,22.7,353,970,105
Dwarka,2025-01-14,0,Tuesday,0,1,1,Clear,21.1,105,555,77
Dwarka,2025-01-14,1,Tuesday,0,1,1,Clear,20.2,77,312,47
Dwarka,2025-01-14,2,Tuesday,0,1,1,Clear,20.5,47,218,42
Dwarka,2025-01-14,3,Tuesday,0,1,1,Clear,20.5,42,259,114
Dwarka,2025-01-14,4,Tuesday,0,1,1,Clear,21.3,114,1214,812
Dwarka,2025-01-14,5,Tuesday,0,1,1,Clear,22.8,812,3205,1979
Dwarka,2025-01-14,6,Tuesday,0,1,1,Clear,23.4,1979,6313,3492
Dwarka,2025-01-14,7,Tuesday,0,1,1,Clear,25.2,3492,8685,4211
Dwarka,2025-01-14,8,Tuesday,0,1,1,Clear,26.5,4211,9068,3665
Dwarka,2025-01-14,9,Tuesday,0,1,1,Clear,27.2,3665,9730,3859
Dwarka,2025-01-14,10,Tuesday,0,1,1,Clear,28.7,3859,9816,3851
Dwarka,2025-01-14,11,Tuesday,0,1,1,Clear,29.3,3851,7202,2090
Dwarka,2025-01-14,12,Tuesday,0,1,1,Clear,30.4,2090,5731,1787
Dwarka,2025-01-14,13,Tuesday,0,1,1,Clear,31.3,1787,5409,2048
Dwarka,2025-01-14,14,Tuesday,0,1,1,Clear,31.0,2048,5268,1982
Dwarka,2025-01-14,15,Tuesday,0,1,1,Clear,30.8,1982,5438,2202
Dwarka,2025-01-14,16,Tuesday,0,1,1,Clear,31.1,2202,7898,3905
Dwarka,2025-01-14,17,Tuesday,0,1,1,Clear,28.4,3905,9321,4213
Dwarka,2025-01-14,18,Tuesday,0,1,1,Clear,28.3,4213,9073,3332
Dwarka,2025-01-14,19,Tuesday,0,1,1,Clear,27.6,3332,10306,4433
Dwarka,2025-01-14,20,Tuesday,0,1,1,Clear,25.8,4433,8135,2371
Dwarka,2025-01-14,21,Tuesday,0,1,1,Clear,24.4,2371,5640,1508
Dwarka,2025-01-14,22,Tuesday,0,1,1,Clear,22.8,1508,3644,649
Dwarka,2025-01-14,23,Tuesday,0,1,1,Clear,21.3,649,1976,186
Dwarka,2025-01-15,0,Wednesday,0,0,1,Sunny,24.0,186,1030,67
Dwarka,2025-01-15,1,Wednesday,0,0,1,Sunny,24.3,67,581,52
Dwarka,2025-01-15,2,Wednesday,0,0,1,Sunny,24.5,52,354,39
Dwarka,2025-01-15,3,Wednesday,0,0,1,Sunny,23.8,39,295,100
Dwarka,2025-01-15,4,Wednesday,0,0,1,Sunny,25.2,100,1274,846
Dwarka,2025-01-15,5,Wednesday,0,0,1,Sunny,25.7,846,2961,1752
Dwarka,2025-01-15,6,Wednesday,0,0,1,Sunny,27.4,1752,4935,2604
Dwarka,2025-01-15,7,Wednesday,0,0,1,Sunny,27.5,2604,6633,2967
Dwarka,2025-01-15,8,Wednesday,0,0,1,Sunny,29.0,2967,8035,3643
Dwarka,2025-01-15,9,Wednesday,0,0,1,Sunny,30.7,3643,9219,3862
Dwarka,2025-01-15,10,Wednesday,0,0,1,Sunny,33.1,3862,8481,2954
Dwarka,2025-01-15,11,Wednesday,0,0,1,Sunny,33.5,2954,7465,2575
Dwarka,2025-01-15,12,Wednesday,0,0,1,Sunny,34.4,2575,5432,1348
Dwarka,2025-01-15,13,Wednesday,0,0,1,Sunny,34.4,1348,4349,1303
Dwarka,2025-01-15,14,Wednesday,0,0,1,Sunny,35.0,1303,5562,2519
Dwarka,2025-01-15,15,Wednesday,0,0,1,Sunny,34.6,2519,6744,3006
Dwarka,2025-01-15,16,Wednesday,0,0,1,Sunny,33.4,3006,6697,2372
Dwarka,2025-01-15,17,Wednesday,0,0,1,Sunny,33.6,2372,8811,4283
Dwarka,2025-01-15,18,Wednesday,0,0,1,Sunny,32.5,4283,8893,3484
Dwarka,2025-01-15,19,Wednesday,0,0,1,Sunny,31.1,3484,8998,3318
Dwarka,2025-01-15,20,Wednesday,0,0,1,Sunny,29.5,3318,7353,2241
Dwarka,2025-01-15,21,Wednesday,0,0,1,Sunny,28.3,2241,5344,1329
Dwarka,2025-01-15,22,Wednesday,0,0,1,Sunny,26.7,1329,3531,707
Dwarka,2025-01-15,23,Wednesday,0,0,1,Sunny,25.7,707,2029,253
Dwarka,2025-01-16,0,Thursday,0,0,0,Clear,19.5,253,968,30
Dwarka,2025-01-16,1,Thursday,0,0,0,Clear,19.0,30,507,20
Dwarka,2025-01-16,2,Thursday,0,0,0,Clear,19.0,20,286,25
Dwarka,2025-01-16,3,Thursday,0,0,0,Clear,19.0,25,206,54
Dwarka,2025-01-16,4,Thursday,0,0,0,Clear,19.7,54,676,430
Dwarka,2025-01-16,5,Thursday,0,0,0,Clear,19.5,430,1518,880
Dwarka,2025-01-16,6,Thursday,0,0,0,Clear,20.8,880,2497,1333
Dwarka,2025-01-16,7,Thursday,0,0,0,Clear,22.3,1333,3563,1763
Dwarka,2025-01-16,8,Thursday,0,0,0,Clear,23.7,1763,4149,1821
Dwarka,2025-01-16,9,Thursday,0,0,0,Clear,25.5,1821,4418,1712
Dwarka,2025-01-16,10,Thursday,0,0,0,Clear,27.0,1712,3860,1247
Dwarka,2025-01-16,11,Thursday,0,0,0,Clear,28.2,1247,3303,1177
Dwarka,2025-01-16,12,Thursday,0,0,0,Clear,28.6,1177,2660,862
Dwarka,2025-01-16,13,Thursday,0,0,0,Clear,28.3,862,2270,747
Dwarka,2025-01-16,14,Thursday,0,0,0,Clear,29.1,747,2254,907
Dwarka,2025-01-16,15,Thursday,0,0,0,Clear,28.9,907,2769,1264
Dwarka,2025-01-16,16,Thursday,0,0,0,Clear,27.6,1264,3252,1477
Dwarka,2025-01-16,17,Thursday,0,0,0,Clear,28.0,1477,4153,2016
Dwarka,2025-01-16,18,Thursday,0,0,0,Clear,27.2,2016,4631,1839
Dwarka,2025-01-16,19,Thursday,0,0,0,Clear,25.4,1839,4101,1485
Dwarka,2025-01-16,20,Thursday,0,0,0,Clear,24.3,1485,3625,1234
Dwarka,2025-01-16,21,Thursday,0,0,0,Clear,23.7,1234,2682,694
Dwarka,2025-01-16,22,Thursday,0,0,0,Clear,22.3,694,1635,334
Dwarka,2025-01-16,23,Thursday,0,0,0,Clear,20.7,334,967,94
Dwarka,2025-01-17,0,Friday,0,0,0,Clear,24.7,94,511,34
Dwarka,2025-01-17,1,Friday,0,0,0,Clear,23.8,34,289,28
Dwarka,2025-01-17,2,Friday,0,0,0,Clear,23.9,28,170,25
Dwarka,2025-01-17,3,Friday,0,0,0,Clear,23.1,25,178,70
Dwarka,2025-01-17,4,Friday,0,0,0,Clear,24.0,70,734,487
Dwarka,2025-01-17,5,Friday,0,0,0,Clear,24.9,487,1697,974
Dwarka,2025-01-17,6,Friday,0,0,0,Clear,24.8,974,3597,2059
Dwarka,2025-01-17,7,Friday,0,0,0,Clear,27.3,2059,5325,2630
Dwarka,2025-01-17,8,Friday,0,0,0,Clear,28.6,2630,5746,2409
Dwarka,2025-01-17,9,Friday,0,0,0,Clear,29.7,2409,5339,1916
Dwarka,2025-01-17,10,Friday,0,0,0,Clear,29.6,1916,5065,1865
Dwarka,2025-01-17,11,Friday,0,0,0,Clear,31.9,1865,4274,1494
Dwarka,2025-01-17,12,Friday,0,0,0,Clear,34.1,1494,3387,1000
Dwarka,2025-01-17,13,Friday,0,0,0,Clear,32.9,1000,2937,888
Dwarka,2025-01-17,14,Friday,0,0,0,Clear,34.3,888,3056,1191
Dwarka,2025-01-17,15,Friday,0,0,0,Clear,33.2,1191,3030,1169
Dwarka,2025-01-17,16,Friday,0,0,0,Clear,32.8,1169,4285,2080
Dwarka,2025-01-17,17,Friday,0,0,0,Clear,33.1,2080,5559,2629
Dwarka,2025-01-17,18,Friday,0,0,0,Clear,29.9,2629,6782,2913
Dwarka,2025-01-17,19,Friday,0,0,0,Clear,28.9,2913,6593,2426
Dwarka,2025-01-17,20,Friday,0,0,0,Clear,28.5,2426,5865,1843
Dwarka,2025-01-17,21,Friday,0,0,0,Clear,27.4,1843,4167,937
Dwarka,2025-01-17,22,Friday,0,0,0,Clear,25.5,937,2419,377
Dwarka,2025-01-17,23,Friday,0,0,0,Clear,24.5,377,1288,121
Dwarka,2025-01-18,0,Saturday,1,0,0,Clear,26.0,121,673,43
Dwarka,2025-01-18,1,Saturday,1,0,0,Clear,25.2,43,366,34
Dwarka,2025-01-18,2,Saturday,1,0,0,Clear,24.0,34,231,37
Dwarka,2025-01-18,3,Saturday,1,0,0,Clear,25.4,37,247,100
Dwarka,2025-01-18,4,Saturday,1,0,0,Clear,25.9,100,970,628
Dwarka,2025-01-18,5,Saturday,1,0,0,Clear,25.5,628,2104,1186
Dwarka,2025-01-18,6,Saturday,1,0,0,Clear,26.1,1186,4223,2336
Dwarka,2025-01-18,7,Saturday,1,0,0,Clear,28.8,2336,5888,2850
Dwarka,2025-01-18,8,Saturday,1,0,0,Clear,30.0,2850,7141,3268
Dwarka,2025-01-18,9,Saturday,1,0,0,Clear,32.2,3268,8056,3445
Dwarka,2025-01-18,10,Saturday,1,0,0,Clear,32.0,3445,6955,2314
Dwarka,2025-01-18,11,Saturday,1,0,0,Clear,34.2,2314,5631,1793
Dwarka,2025-01-18,12,Saturday,1,0,0,Clear,35.0,1793,4746,1576
Dwarka,2025-01-18,13,Saturday,1,0,0,Clear,34.5,1576,4834,1827
Dwarka,2025-01-18,14,Saturday,1,0,0,Clear,35.3,1827,4547,1660
Dwarka,2025-01-18,15,Saturday,1,0,0,Clear,35.8,1660,4856,1973
Dwarka,2025-01-18,16,Saturday,1,0,0,Clear,34.7,1973,5453,2145
Dwarka,2025-01-18,17,Saturday,1,0,0,Clear,33.3,2145,6222,2691
Dwarka,2025-01-18,18,Saturday,1,0,0,Clear,32.2,2691,7694,3411
Dwarka,2025-01-18,19,Saturday,1,0,0,Clear,32.2,3411,7828,3105
Dwarka,2025-01-18,20,Saturday,1,0,0,Clear,30.2,3105,6422,2218
Dwarka,2025-01-18,21,Saturday,1,0,0,Clear,29.2,2218,4793,1034
Dwarka,2025-01-18,22,Saturday,1,0,0,Clear,27.3,1034,2909,516
Dwarka,2025-01-18,23,Saturday,1,0,0,Clear,26.1,516,1774,231
Dwarka,2025-01-19,0,Sunday,1,0,0,Sunny,23.7,231,956,68
Dwarka,2025-01-19,1,Sunday,1,0,0,Sunny,22.4,68,522,60
Dwarka,2025-01-19,2,Sunday,1,0,0,Sunny,22.3,60,293,45
Dwarka,2025-01-19,3,Sunday,1,0,0,Sunny,23.7,45,280,102
Dwarka,2025-01-19,4,Sunday,1,0,0,Sunny,21.9,102,1200,787
Dwarka,2025-01-19,5,Sunday,1,0,0,Sunny,23.3,787,3132,1899
Dwarka,2025-01-19,6,Sunday,1,0,0,Sunny,25.6,1899,6523,3751
Dwarka,2025-01-19,7,Sunday,1,0,0,Sunny,26.2,3751,8763,4100
Dwarka,2025-01-19,8,Sunday,1,0,0,Sunny,27.5,4100,10184,4466
Dwarka,2025-01-19,9,Sunday,1,0,0,Sunny,28.9,4466,11187,4549
Dwarka,2025-01-19,10,Sunday,1,0,0,Sunny,30.5,4549,10193,3603
Dwarka,2025-01-19,11,Sunday,1,0,0,Sunny,31.4,3603,8419,2382
Dwarka,2025-01-19,12,Sunday,1,0,0,Sunny,30.4,2382,6793,1868
Dwarka,2025-01-19,13,Sunday,1,0,0,Sunny,31.7,1868,5489,1733
Dwarka,2025-01-19,14,Sunday,1,0,0,Sunny,32.5,1733,5694,2247
Dwarka,2025-01-19,15,Sunday,1,0,0,Sunny,31.3,2247,5982,2308
Dwarka,2025-01-19,16,Sunday,1,0,0,Sunny,32.3,2308,8810,4220
Dwarka,2025-01-19,17,Sunday,1,0,0,Sunny,31.0,4220,11976,5735
Dwarka,2025-01-19,18,Sunday,1,0,0,Sunny,29.5,5735,10856,4264
Dwarka,2025-01-19,19,Sunday,1,0,0,Sunny,29.8,4264,11117,4571
Dwarka,2025-01-19,20,Sunday,1,0,0,Sunny,27.4,4571,8946,2864
Dwarka,2025-01-19,21,Sunday,1,0,0,Sunny,25.1,2864,6399,1610
Dwarka,2025-01-19,22,Sunday,1,0,0,Sunny,24.6,1610,4273,727
Dwarka,2025-01-19,23,Sunday,1,0,0,Sunny,23.6,727,2451,241
Dwarka,2025-01-20,0,Monday,0,0,0,Clear,26.6,241,1157,35
Dwarka,2025-01-20,1,Monday,0,0,0,Clear,26.7,35,570,26
Dwarka,2025-01-20,2,Monday,0,0,0,Clear,25.9,26,299,24
Dwarka,2025-01-20,3,Monday,0,0,0,Clear,26.3,24,209,56
Dwarka,2025-01-20,4,Monday,0,0,0,Clear,26.8,56,560,337
Dwarka,2025-01-20,5,Monday,0,0,0,Clear,26.9,337,1379,809
Dwarka,2025-01-20,6,Monday,0,0,0,Clear,28.7,809,2390,1305
Dwarka,2025-01-20,7,Monday,0,0,0,Clear,29.3,1305,3815,1961
Dwarka,2025-01-20,8,Monday,0,0,0,Clear,30.5,1961,4245,1769
Dwarka,2025-01-20,9,Monday,0,0,0,Clear,32.3,1769,5215,2351
Dwarka,2025-01-20,10,Monday,0,0,0,Clear,34.8,2351,4113,1338
Dwarka,2025-01-20,11,Monday,0,0,0,Clear,34.1,1338,4117,1459
Dwarka,2025-01-20,12,Monday,0,0,0,Clear,35.1,1459,2985,833
Dwarka,2025-01-20,13,Monday,0,0,0,Clear,35.0,833,2581,839
Dwarka,2025-01-20,14,Monday,0,0,0,Clear,36.3,839,2407,790
Dwarka,2025-01-20,15,Monday,0,0,0,Clear,35.8,790,2813,1290
Dwarka,2025-01-20,16,Monday,0,0,0,Clear,35.5,1290,3603,1652
Dwarka,2025-01-20,17,Monday,0,0,0,Clear,34.8,1652,4468,2101
Dwarka,2025-01-20,18,Monday,0,0,0,Clear,33.8,2101,5104,2174
Dwarka,2025-01-20,19,Monday,0,0,0,Clear,32.4,2174,4328,1511
Dwarka,2025-01-20,20,Monday,0,0,0,Clear,29.7,1511,4129,1456
Dwarka,2025-01-20,21,Monday,0,0,0,Clear,30.2,1456,2849,799
Dwarka,2025-01-20,22,Monday,0,0,0,Clear,27.8,799,1832,337
Dwarka,2025-01-20,23,Monday,0,0,0,Clear,27.2,337,1035,115
Dwarka,2025-01-21,0,Tuesday,0,0,0,Clear,25.3,115,503,29
Dwarka,2025-01-21,1,Tuesday,0,0,0,Clear,23.7,29,279,19
Dwarka,2025-01-21,2,Tuesday,0,0,0,Clear,24.0,19,153,20
Dwarka,2025-01-21,3,Tuesday,0,0,0,Clear,24.7,20,137,47
Dwarka,2025-01-21,4,Tuesday,0,0,0,Clear,25.6,47,568,376
Dwarka,2025-01-21,5,Tuesday,0,0,0,Clear,24.5,376,1273,753
Dwarka,2025-01-21,6,Tuesday,0,0,0,Clear,27.0,753,2470,1373
Dwarka,2025-01-21,7,Tuesday,0,0,0,Clear,27.5,1373,4216,2120
Dwarka,2025-01-21,8,Tuesday,0,0,0,Clear,29.1,2120,4670,1953
Dwarka,2025-01-21,9,Tuesday,0,0,0,Clear,30.5,1953,4160,1511
Dwarka,2025-01-21,10,Tuesday,0,0,0,Clear,31.2,1511,3952,1487
Dwarka,2025-01-21,11,Tuesday,0,0,0,Clear,31.4,1487,3551,1228
Dwarka,2025-01-21,12,Tuesday,0,0,0,Clear,34.6,1228,2722,847
Dwarka,2025-01-21,13,Tuesday,0,0,0,Clear,33.0,847,2143,650
Dwarka,2025-01-21,14,Tuesday,0,0,0,Clear,35.1,650,2247,859
Dwarka,2025-01-21,15,Tuesday,0,0,0,Clear,33.5,859,2805,1250
Dwarka,2025-01-21,16,Tuesday,0,0,0,Clear,32.6,1250,3675,1720
Dwarka,2025-01-21,17,Tuesday,0,0,0,Clear,33.2,1720,4093,1642
Dwarka,2025-01-21,18,Tuesday,0,0,0,Clear,31.2,1642,4990,2181
Dwarka,2025-01-21,19,Tuesday,0,0,0,Clear,30.0,2181,5196,2054
Dwarka,2025-01-21,20,Tuesday,0,0,0,Clear,29.6,2054,4123,1011
Dwarka,2025-01-21,21,Tuesday,0,0,0,Clear,27.2,1011,2962,801
Dwarka,2025-01-21,22,Tuesday,0,0,0,Clear,26.3,801,1946,334
Dwarka,2025-01-21,23,Tuesday,0,0,0,Clear,24.8,334,1138,115
Dwarka,2025-01-22,0,Wednesday,0,0,0,Sunny,22.1,115,598,29
Dwarka,2025-01-22,1,Wednesday,0,0,0,Sunny,22.0,29,319,21
Dwarka,2025-01-22,2,Wednesday,0,0,0,Sunny,22.2,21,182,23
Dwarka,2025-01-22,3,Wednesday,0,0,0,Sunny,22.6,23,170,59
Dwarka,2025-01-22,4,Wednesday,0,0,0,Sunny,23.5,59,509,315
Dwarka,2025-01-22,5,Wednesday,0,0,0,Sunny,23.3,315,1141,665
Dwarka,2025-01-22,6,Wednesday,0,0,0,Sunny,24.4,665,2642,1535
Dwarka,2025-01-22,7,Wednesday,0,0,0,Sunny,25.0,1535,3323,1591
Dwarka,2025-01-22,8,Wednesday,0,0,0,Sunny,27.3,1591,4303,2020
Dwarka,2025-01-22,9,Wednesday,0,0,0,Sunny,28.5,2020,4519,1994
Dwarka,2025-01-22,10,Wednesday,0,0,0,Sunny,30.9,1994,3991,1356
Dwarka,2025-01-22,11,Wednesday,0,0,0,Sunny,30.9,1356,3730,1431
Dwarka,2025-01-22,12,Wednesday,0,0,0,Sunny,32.1,1431,2836,881
Dwarka,2025-01-22,13,Wednesday,0,0,0,Sunny,32.1,881,2261,711
Dwarka,2025-01-22,14,Wednesday,0,0,0,Sunny,32.3,711,2259,843
Dwarka,2025-01-22,15,Wednesday,0,0,0,Sunny,32.4,843,2778,1295
Dwarka,2025-01-22,16,Wednesday,0,0,0,Sunny,31.3,1295,3840,1889
Dwarka,2025-01-22,17,Wednesday,0,0,0,Sunny,30.5,1889,3981,1510
Dwarka,2025-01-22,18,Wednesday,0,0,0,Sunny,30.0,1510,4536,1956
Dwarka,2025-01-22,19,Wednesday,0,0,0,Sunny,29.5,1956,4618,1619
Dwarka,2025-01-22,20,Wednesday,0,0,0,Sunny,27.6,1619,4208,1409
Dwarka,2025-01-22,21,Wednesday,0,0,0,Sunny,26.2,1409,2965,675
Dwarka,2025-01-22,22,Wednesday,0,0,0,Sunny,25.2,675,1827,290
Dwarka,2025-01-22,23,Wednesday,0,0,0,Sunny,24.6,290,1094,133
Dwarka,2025-01-23,0,Thursday,0,0,0,Clear,26.0,133,553,38
Dwarka,2025-01-23,1,Thursday,0,0,0,Clear,24.8,38,289,27
Dwarka,2025-01-23,2,Thursday,0,0,0,Clear,24.1,27,182,26
Dwarka,2025-01-23,3,Thursday,0,0,0,Clear,25.3,26,158,54
Dwarka,2025-01-23,4,Thursday,0,0,0,Clear,25.7,54,692,456
Dwarka,2025-01-23,5,Thursday,0,0,0,Clear,27.7,456,1312,726
Dwarka,2025-01-23,6,Thursday,0,0,0,Clear,27.3,726,2350,1278
Dwarka,2025-01-23,7,Thursday,0,0,0,Clear,29.0,1278,3886,1952
Dwarka,2025-01-23,8,Thursday,0,0,0,Clear,30.4,1952,4962,2289
Dwarka,2025-01-23,9,Thursday,0,0,0,Clear,32.5,2289,5647,2372
Dwarka,2025-01-23,10,Thursday,0,0,0,Clear,32.2,2372,4656,1413
Dwarka,2025-01-23,11,Thursday,0,0,0,Clear,34.1,1413,4106,1348
Dwarka,2025-01-23,12,Thursday,0,0,0,Clear,34.7,1348,3089,799
Dwarka,2025-01-23,13,Thursday,0,0,0,Clear,36.3,799,2674,853
Dwarka,2025-01-23,14,Thursday,0,0,0,Clear,36.0,853,2434,876
Dwarka,2025-01-23,15,Thursday,0,0,0,Clear,34.7,876,2720,1168
Dwarka,2025-01-23,16,Thursday,0,0,0,Clear,35.4,1168,3246,1476
Dwarka,2025-01-23,17,Thursday,0,0,0,Clear,35.0,1476,4051,1838
Dwarka,2025-01-23,18,Thursday,0,0,0,Clear,33.0,1838,4540,1834
Dwarka,2025-01-23,19,Thursday,0,0,0,Clear,31.9,1834,4912,2079
Dwarka,2025-01-23,20,Thursday,0,0,0,Clear,30.2,2079,4144,1300
Dwarka,2025-01-23,21,Thursday,0,0,0,Clear,27.9,1300,2880,765
Dwarka,2025-01-23,22,Thursday,0,0,0,Clear,27.7,765,1592,250
Dwarka,2025-01-23,23,Thursday,0,0,0,Clear,26.9,250,863,101
Dwarka,2025-01-24,0,Friday,0,0,0,Clear,28.8,101,485,39
Dwarka,2025-01-24,1,Friday,0,0,0,Clear,27.4,39,273,35
Dwarka,2025-01-24,2,Friday,0,0,0,Clear,28.4,35,154,25
Dwarka,2025-01-24,3,Friday,0,0,0,Clear,27.8,25,159,66
Dwarka,2025-01-24,4,Friday,0,0,0,Clear,27.5,66,673,441
Dwarka,2025-01-24,5,Friday,0,0,0,Clear,27.4,441,1769,1077
Dwarka,2025-01-24,6,Friday,0,0,0,Clear,29.1,1077,3429,1912
Dwarka,2025-01-24,7,Friday,0,0,0,Clear,31.9,1912,4706,2267
Dwarka,2025-01-24,8,Friday,0,0,0,Clear,32.5,2267,5560,2480
Dwarka,2025-01-24,9,Friday,0,0,0,Clear,33.4,2480,5682,2246
Dwarka,2025-01-24,10,Friday,0,0,0,Clear,35.2,2246,5436,2018
Dwarka,2025-01-24,11,Friday,0,0,0,Clear,36.3,2018,4493,1354
Dwarka,2025-01-24,12,Friday,0,0,0,Clear,37.3,1354,3617,1128
Dwarka,2025-01-24,13,Friday,0,0,0,Clear,37.4,1128,3073,974
Dwarka,2025-01-24,14,Friday,0,0,0,Clear,37.3,974,3048,1258
Dwarka,2025-01-24,15,Friday,0,0,0,Clear,38.0,1258,3214,1195
Dwarka,2025-01-24,16,Friday,0,0,0,Clear,36.2,1195,4380,2106
Dwarka,2025-01-24,17,Friday,0,0,0,Clear,36.0,2106,5312,2328
Dwarka,2025-01-24,18,Friday,0,0,0,Clear,34.6,2328,5653,2237
Dwarka,2025-01-24,19,Friday,0,0,0,Clear,32.9,2237,5673,1887
Dwarka,2025-01-24,20,Friday,0,0,0,Clear,32.0,1887,4995,1742
Dwarka,2025-01-24,21,Friday,0,0,0,Clear,31.5,1742,3826,958
Dwarka,2025-01-24,22,Friday,0,0,0,Clear,29.8,958,2433,482
Dwarka,2025-01-24,23,Friday,0,0,0,Clear,29.0,482,1278,130
Dwarka,2025-01-25,0,Saturday,1,0,0,Sunny,19.9,130,684,71
Dwarka,2025-01-25,1,Saturday,1,0,0,Sunny,20.3,71,381,39
Dwarka,2025-01-25,2,Saturday,1,0,0,Sunny,19.0,39,221,32
Dwarka,2025-01-25,3,Saturday,1,0,0,Sunny,19.0,32,204,78
Dwarka,2025-01-25,4,Saturday,1,0,0,Sunny,20.9,78,997,663
Dwarka,2025-01-25,5,Saturday,1,0,0,Sunny,21.3,663,2332,1347
Dwarka,2025-01-25,6,Saturday,1,0,0,Sunny,21.7,1347,4411,2407
Dwarka,2025-01-25,7,Saturday,1,0,0,Sunny,22.5,2407,7978,4339
Dwarka,2025-01-25,8,Saturday,1,0,0,Sunny,24.8,4339,9116,3786
Dwarka,2025-01-25,9,Saturday,1,0,0,Sunny,26.1,3786,8029,2950
Dwarka,2025-01-25,10,Saturday,1,0,0,Sunny,27.0,2950,7479,2622
Dwarka,2025-01-25,11,Saturday,1,0,0,Sunny,29.1,2622,6034,1995
Dwarka,2025-01-25,12,Saturday,1,0,0,Sunny,29.9,1995,5285,1673
Dwarka,2025-01-25,13,Saturday,1,0,0,Sunny,29.7,1673,4856,1396
Dwarka,2025-01-25,14,Saturday,1,0,0,Sunny,30.0,1396,3988,1278
Dwarka,2025-01-25,15,Saturday,1,0,0,Sunny,30.1,1278,4086,1597
Dwarka,2025-01-25,16,Saturday,1,0,0,Sunny,29.5,1597,6232,3068
Dwarka,2025-01-25,17,Saturday,1,0,0,Sunny,28.9,3068,6429,2444
Dwarka,2025-01-25,18,Saturday,1,0,0,Sunny,27.7,2444,7597,3539
Dwarka,2025-01-25,19,Saturday,1,0,0,Sunny,25.6,3539,6584,2448
Dwarka,2025-01-25,20,Saturday,1,0,0,Sunny,24.7,2448,6166,1919
Dwarka,2025-01-25,21,Saturday,1,0,0,Sunny,23.2,1919,4670,1439
Dwarka,2025-01-25,22,Saturday,1,0,0,Sunny,21.7,1439,2861,534
Dwarka,2025-01-25,23,Saturday,1,0,0,Sunny,20.7,534,1588,171
Dwarka,2025-01-26,0,Sunday,1,1,1,Clear,28.7,171,1013,177
Dwarka,2025-01-26,1,Sunday,1,1,1,Clear,27.2,177,654,126
Dwarka,2025-01-26,2,Sunday,1,1,1,Clear,26.7,126,472,110
Dwarka,2025-01-26,3,Sunday,1,1,1,Clear,27.2,110,552,241
Dwarka,2025-01-26,4,Sunday,1,1,1,Clear,27.3,241,2646,1769
Dwarka,2025-01-26,5,Sunday,1,1,1,Clear,28.7,1769,6302,3739
Dwarka,2025-01-26,6,Sunday,1,1,1,Clear,29.0,3739,12979,7127
Dwarka,2025-01-26,7,Sunday,1,1,1,Clear,31.5,7127,17975,8641
Dwarka,2025-01-26,8,Sunday,1,1,1,Clear,31.7,8641,22355,10235
Dwarka,2025-01-26,9,Sunday,1,1,1,Clear,33.5,10235,24624,10003
Dwarka,2025-01-26,10,Sunday,1,1,1,Clear,35.6,10003,23122,8923
Dwarka,2025-01-26,11,Sunday,1,1,1,Clear,36.5,8923,18955,5791
Dwarka,2025-01-26,12,Sunday,1,1,1,Clear,36.3,5791,14611,4460
Dwarka,2025-01-26,13,Sunday,1,1,1,Clear,36.6,4460,12220,4210
Dwarka,2025-01-26,14,Sunday,1,1,1,Clear,37.0,4210,12231,4448
Dwarka,2025-01-26,15,Sunday,1,1,1,Clear,37.9,4448,17281,8364
Dwarka,2025-01-26,16,Sunday,1,1,1,Clear,36.6,8364,16632,6167
Dwarka,2025-01-26,17,Sunday,1,1,1,Clear,34.8,6167,23180,10809
Dwarka,2025-01-26,18,Sunday,1,1,1,Clear,33.3,10809,28210,13315
Dwarka,2025-01-26,19,Sunday,1,1,1,Clear,33.7,13315,25962,8005
Dwarka,2025-01-26,20,Sunday,1,1,1,Clear,32.7,8005,21249,6244
Dwarka,2025-01-26,21,Sunday,1,1,1,Clear,30.7,6244,14844,3625
Dwarka,2025-01-26,22,Sunday,1,1,1,Clear,28.3,3625,9100,1488
Dwarka,2025-01-26,23,Sunday,1,1,1,Clear,28.6,1488,5059,453
Dwarka,2025-01-27,0,Monday,0,0,0,Rainy,21.2,453,2222,24
Dwarka,2025-01-27,1,Monday,0,0,0,Rainy,20.4,24,1112,15
Dwarka,2025-01-27,2,Monday,0,0,0,Rainy,21.1,15,580,19
Dwarka,2025-01-27,3,Monday,0,0,0,Rainy,20.6,19,322,40
Dwarka,2025-01-27,4,Monday,0,0,0,Rainy,20.3,40,610,338
Dwarka,2025-01-27,5,Monday,0,0,0,Rainy,21.3,338,1067,583
Dwarka,2025-01-27,6,Monday,0,0,0,Rainy,23.2,583,2281,1317
Dwarka,2025-01-27,7,Monday,0,0,0,Rainy,23.1,1317,3011,1426
Dwarka,2025-01-27,8,Monday,0,0,0,Rainy,25.7,1426,3448,1472
Dwarka,2025-01-27,9,Monday,0,0,0,Rainy,27.2,1472,3594,1411
Dwarka,2025-01-27,10,Monday,0,0,0,Rainy,28.2,1411,3374,1133
Dwarka,2025-01-27,11,Monday,0,0,0,Rainy,29.8,1133,3190,1090
Dwarka,2025-01-27,12,Monday,0,0,0,Rainy,30.7,1090,2446,767
Dwarka,2025-01-27,13,Monday,0,0,0,Rainy,31.0,767,2066,588
Dwarka,2025-01-27,14,Monday,0,0,0,Rainy,31.6,588,1842,676
Dwarka,2025-01-27,15,Monday,0,0,0,Rainy,31.3,676,2170,976
Dwarka,2025-01-27,16,Monday,0,0,0,Rainy,30.0,976,2951,1432
Dwarka,2025-01-27,17,Monday,0,0,0,Heavy Rain,30.0,1432,2358,749
Dwarka,2025-01-27,18,Monday,0,0,0,Rainy,28.4,749,3141,1525
Dwarka,2025-01-27,19,Monday,0,0,0,Rainy,27.2,1525,2979,1146
Dwarka,2025-01-27,20,Monday,0,0,0,Rainy,27.0,1146,2845,1088
Dwarka,2025-01-27,21,Monday,0,0,0,Rainy,24.7,1088,2302,643
Dwarka,2025-01-27,22,Monday,0,0,0,Rainy,23.1,643,1382,289
Dwarka,2025-01-27,23,Monday,0,0,0,Rainy,21.5,289,793,88
Dwarka,2025-01-28,0,Tuesday,0,0,0,Rainy,26.1,88,401,24
Dwarka,2025-01-28,1,Tuesday,0,0,0,Rainy,25.9,24,226,18
Dwarka,2025-01-28,2,Tuesday,0,0,0,Rainy,25.3,18,125,14
Dwarka,2025-01-28,3,Tuesday,0,0,0,Rainy,26.1,14,112,36
Dwarka,2025-01-28,4,Tuesday,0,0,0,Rainy,26.8,36,442,290
Dwarka,2025-01-28,5,Tuesday,0,0,0,Rainy,28.2,290,791,422
Dwarka,2025-01-28,6,Tuesday,0,0,0,Rainy,29.1,422,1770,1012
Dwarka,2025-01-28,7,Tuesday,0,0,0,Rainy,29.8,1012,2689,1352
Dwarka,2025-01-28,8,Tuesday,0,0,0,Rainy,33.1,1352,3653,1716
Dwarka,2025-01-28,9,Tuesday,0,0,0,Rainy,32.0,1716,3471,1325
Dwarka,2025-01-28,10,Tuesday,0,0,0,Rainy,34.3,1325,3090,1124
Dwarka,2025-01-28,11,Tuesday,0,0,0,Rainy,34.9,1124,2601,820
Dwarka,2025-01-28,12,Tuesday,0,0,0,Rainy,35.2,820,2151,634
Dwarka,2025-01-28,13,Tuesday,0,0,0,Rainy,36.2,634,1754,527
Dwarka,2025-01-28,14,Tuesday,0,0,0,Rainy,36.8,527,1703,587
Dwarka,2025-01-28,15,Tuesday,0,0,0,Rainy,37.6,587,2102,938
Dwarka,2025-01-28,16,Tuesday,0,0,0,Rainy,36.2,938,2257,898
Dwarka,2025-01-28,17,Tuesday,0,0,0,Heavy Rain,33.8,898,2041,749
Dwarka,2025-01-28,18,Tuesday,0,0,0,Rainy,34.0,749,3212,1577
Dwarka,2025-01-28,19,Tuesday,0,0,0,Rainy,32.2,1577,3595,1501
Dwarka,2025-01-28,20,Tuesday,0,0,0,Rainy,30.8,1501,3182,1043
Dwarka,2025-01-28,21,Tuesday,0,0,0,Rainy,29.8,1043,2251,570
Dwarka,2025-01-28,22,Tuesday,0,0,0,Rainy,28.1,570,1418,259
Dwarka,2025-01-28,23,Tuesday,0,0,0,Rainy,27.4,259,800,82
Dwarka,2025-01-29,0,Wednesday,0,0,0,Sunny,22.7,82,433,30
Dwarka,2025-01-29,1,Wednesday,0,0,0,Sunny,22.2,30,244,23
Dwarka,2025-01-29,2,Wednesday,0,0,0,Sunny,22.4,23,155,24
Dwarka,2025-01-29,3,Wednesday,0,0,0,Sunny,22.0,24,141,45
Dwarka,2025-01-29,4,Wednesday,0,0,0,Sunny,22.5,45,524,342
Dwarka,2025-01-29,5,Wednesday,0,0,0,Sunny,23.7,342,1298,789
Dwarka,2025-01-29,6,Wednesday,0,0,0,Sunny,24.8,789,2482,1315
Dwarka,2025-01-29,7,Wednesday,0,0,0,Sunny,25.5,1315,3391,1668
Dwarka,2025-01-29,8,Wednesday,0,0,0,Sunny,27.9,1668,4038,1829
Dwarka,2025-01-29,9,Wednesday,0,0,0,Sunny,29.0,1829,3951,1446
Dwarka,2025-01-29,10,Wednesday,0,0,0,Sunny,30.9,1446,4048,1549
Dwarka,2025-01-29,11,Wednesday,0,0,0,Sunny,31.4,1549,4032,1460
Dwarka,2025-01-29,12,Wednesday,0,0,0,Sunny,32.0,1460,3094,922
Dwarka,2025-01-29,13,Wednesday,0,0,0,Sunny,32.7,922,2325,642
Dwarka,2025-01-29,14,Wednesday,0,0,0,Sunny,30.6,642,2325,922
Dwarka,2025-01-29,15,Wednesday,0,0,0,Sunny,32.9,922,2788,1192
Dwarka,2025-01-29,16,Wednesday,0,0,0,Sunny,31.1,1192,3771,1698
Dwarka,2025-01-29,17,Wednesday,0,0,0,Sunny,31.3,1698,4588,2046
Dwarka,2025-01-29,18,Wednesday,0,0,0,Sunny,29.5,2046,5019,2209
Dwarka,2025-01-29,19,Wednesday,0,0,0,Sunny,28.3,2209,4131,1338
Dwarka,2025-01-29,20,Wednesday,0,0,0,Sunny,27.6,1338,3767,1318
Dwarka,2025-01-29,21,Wednesday,0,0,0,Sunny,25.9,1318,2553,577
Dwarka,2025-01-29,22,Wednesday,0,0,0,Sunny,24.1,577,1650,287
Dwarka,2025-01-29,23,Wednesday,0,0,0,Sunny,22.9,287,839,96
Dwarka,2025-01-30,0,Thursday,0,0,0,Clear,23.1,96,444,29
Dwarka,2025-01-30,1,Thursday,0,0,0,Clear,22.5,29,254,26
Dwarka,2025-01-30,2,Thursday,0,0,0,Clear,21.3,26,148,19
Dwarka,2025-01-30,3,Thursday,0,0,0,Clear,22.0,19,127,38
Dwarka,2025-01-30,4,Thursday,0,0,0,Clear,23.5,38,602,402
Dwarka,2025-01-30,5,Thursday,0,0,0,Clear,24.2,402,1295,743
Dwarka,2025-01-30,6,Thursday,0,0,0,Clear,24.5,743,2930,1746
Dwarka,2025-01-30,7,Thursday,0,0,0,Clear,27.0,1746,3857,1841
Dwarka,2025-01-30,8,Thursday,0,0,0,Clear,27.7,1841,4918,2178
Dwarka,2025-01-30,9,Thursday,0,0,0,Clear,29.2,2178,4525,1598
Dwarka,2025-01-30,10,Thursday,0,0,0,Clear,31.4,1598,4666,1774
Dwarka,2025-01-30,11,Thursday,0,0,0,Clear,31.8,1774,4189,1348
Dwarka,2025-01-30,12,Thursday,0,0,0,Clear,31.9,1348,3007,733
Dwarka,2025-01-30,13,Thursday,0,0,0,Clear,32.2,733,2289,665
Dwarka,2025-01-30,14,Thursday,0,0,0,Clear,34.4,665,2375,931
Dwarka,2025-01-30,15,Thursday,0,0,0,Clear,32.0,931,2376,950
Dwarka,2025-01-30,16,Thursday,0,0,0,Clear,33.1,950,3371,1627
Dwarka,2025-01-30,17,Thursday,0,0,0,Clear,31.8,1627,4170,1807
Dwarka,2025-01-30,18,Thursday,0,0,0,Clear,29.9,1807,5406,2489
Dwarka,2025-01-30,19,Thursday,0,0,0,Clear,27.9,2489,4492,1577
Dwarka,2025-01-30,20,Thursday,0,0,0,Clear,28.3,1577,3657,1290
Dwarka,2025-01-30,21,Thursday,0,0,0,Clear,26.5,1290,2580,707
Dwarka,2025-01-30,22,Thursday,0,0,0,Clear,26.0,707,1663,328
Dwarka,2025-01-30,23,Thursday,0,0,0,Clear,23.7,328,868,90
Dwarka,2025-01-31,0,Friday,0,0,0,Clear,26.6,90,430,30
Dwarka,2025-01-31,1,Friday,0,0,0,Clear,26.4,30,260,26
Dwarka,2025-01-31,2,Friday,0,0,0,Clear,26.7,26,162,25
Dwarka,2025-01-31,3,Friday,0,0,0,Clear,25.9,25,192,81
Dwarka,2025-01-31,4,Friday,0,0,0,Clear,26.7,81,712,454
Dwarka,2025-01-31,5,Friday,0,0,0,Clear,27.8,454,1849,1144
Dwarka,2025-01-31,6,Friday,0,0,0,Clear,28.8,1144,3132,1605
Dwarka,2025-01-31,7,Friday,0,0,0,Clear,30.7,1605,4533,2159
Dwarka,2025-01-31,8,Friday,0,0,0,Clear,32.2,2159,5632,2361
Dwarka,2025-01-31,9,Friday,0,0,0,Clear,32.5,2361,5566,2034
Dwarka,2025-01-31,10,Friday,0,0,0,Clear,33.6,2034,5275,1789
Dwarka,2025-01-31,11,Friday,0,0,0,Clear,34.9,1789,4181,1187
Dwarka,2025-01-31,12,Friday,0,0,0,Clear,35.3,1187,3593,1123
Dwarka,2025-01-31,13,Friday,0,0,0,Clear,37.1,1123,3151,987
Dwarka,2025-01-31,14,Friday,0,0,0,Clear,36.0,987,3260,1184
Dwarka,2025-01-31,15,Friday,0,0,0,Clear,35.8,1184,3853,1727
Dwarka,2025-01-31,16,Friday,0,0,0,Clear,35.2,1727,4482,1901
Dwarka,2025-01-31,17,Friday,0,0,0,Clear,35.4,1901,4937,2029
Dwarka,2025-01-31,18,Friday,0,0,0,Clear,33.4,2029,5045,2063
Dwarka,2025-01-31,19,Friday,0,0,0,Clear,32.0,2063,5470,2155
Dwarka,2025-01-31,20,Friday,0,0,0,Clear,30.3,2155,4608,1583
Dwarka,2025-01-31,21,Friday,0,0,0,Clear,30.2,1583,3205,822
Dwarka,2025-01-31,22,Friday,0,0,0,Clear,29.0,822,1992,354
Dwarka,2025-01-31,23,Friday,0,0,0,Clear,26.1,354,1187,142
Dwarka,2025-02-01,0,Saturday,1,0,0,Clear,24.7,142,623,49
Dwarka,2025-02-01,1,Saturday,1,0,0,Clear,24.8,49,353,32
Dwarka,2025-02-01,2,Saturday,1,0,0,Clear,23.6,32,222,37
Dwarka,2025-02-01,3,Saturday,1,0,0,Clear,23.7,37,229,91
Dwarka,2025-02-01,4,Saturday,1,0,0,Clear,24.9,91,826,526
Dwarka,2025-02-01,5,Saturday,1,0,0,Clear,25.3,526,2356,1435
Dwarka,2025-02-01,6,Saturday,1,0,0,Clear,25.8,1435,3690,1899
Dwarka,2025-02-01,7,Saturday,1,0,0,Clear,26.6,1899,5360,2740
Dwarka,2025-02-01,8,Saturday,1,0,0,Clear,28.2,2740,6359,3031
Dwarka,2025-02-01,9,Saturday,1,0,0,Clear,30.3,3031,8263,3791
Dwarka,2025-02-01,10,Saturday,1,0,0,Clear,31.0,3791,7188,2448
Dwarka,2025-02-01,11,Saturday,1,0,0,Clear,32.3,2448,6025,2015
Dwarka,2025-02-01,12,Saturday,1,0,0,Clear,34.1,2015,4586,1178
Dwarka,2025-02-01,13,Saturday,1,0,0,Clear,33.5,1178,4329,1548
Dwarka,2025-02-01,14,Saturday,1,0,0,Clear,33.5,1548,4042,1452
Dwarka,2025-02-01,15,Saturday,1,0,0,Clear,32.9,1452,4151,1766
Dwarka,2025-02-01,16,Saturday,1,0,0,Clear,32.5,1766,5507,2581
Dwarka,2025-02-01,17,Saturday,1,0,0,Clear,31.0,2581,6924,3116
Dwarka,2025-02-01,18,Saturday,1,0,0,Clear,31.0,3116,7549,3181
Dwarka,2025-02-01,19,Saturday,1,0,0,Clear,29.5,3181,7177,2609
Dwarka,2025-02-01,20,Saturday,1,0,0,Clear,29.9,2609,5998,1932
Dwarka,2025-02-01,21,Saturday,1,0,0,Clear,27.1,1932,4568,1134
Dwarka,2025-02-01,22,Saturday,1,0,0,Clear,24.5,1134,2951,495
Dwarka,2025-02-01,23,Saturday,1,0,0,Clear,24.6,495,1662,159
Dwarka,2025-02-02,0,Sunday,1,0,0,Sunny,27.0,159,883,75
Dwarka,2025-02-02,1,Sunday,1,0,0,Sunny,27.4,75,444,56
Dwarka,2025-02-02,2,Sunday,1,0,0,Sunny,26.8,56,290,38
Dwarka,2025-02-02,3,Sunday,1,0,0,Sunny,26.7,38,313,129
Dwarka,2025-02-02,4,Sunday,1,0,0,Sunny,27.0,129,1160,739
Dwarka,2025-02-02,5,Sunday,1,0,0,Sunny,28.9,739,3574,2234
Dwarka,2025-02-02,6,Sunday,1,0,0,Sunny,29.6,2234,5856,3085
Dwarka,2025-02-02,7,Sunday,1,0,0,Sunny,30.0,3085,8170,4052
Dwarka,2025-02-02,8,Sunday,1,0,0,Sunny,32.3,4052,9992,4455
Dwarka,2025-02-02,9,Sunday,1,0,0,Sunny,34.4,4455,10210,3876
Dwarka,2025-02-02,10,Sunday,1,0,0,Sunny,35.9,3876,10400,3864
Dwarka,2025-02-02,11,Sunday,1,0,0,Sunny,35.6,3864,8428,2789
Dwarka,2025-02-02,12,Sunday,1,0,0,Sunny,36.9,2789,6684,1951
Dwarka,2025-02-02,13,Sunday,1,0,0,Sunny,37.7,1951,5400,1429
Dwarka,2025-02-02,14,Sunday,1,0,0,Sunny,37.8,1429,5258,1989
Dwarka,2025-02-02,15,Sunday,1,0,0,Sunny,37.4,1989,6742,3115
Dwarka,2025-02-02,16,Sunday,1,0,0,Sunny,36.7,3115,8154,3429
Dwarka,2025-02-02,17,Sunday,1,0,0,Sunny,35.5,3429,9914,4232
Dwarka,2025-02-02,18,Sunday,1,0,0,Sunny,34.7,4232,11662,5274
Dwarka,2025-02-02,19,Sunday,1,0,0,Sunny,33.3,5274,11498,4511
Dwarka,2025-02-02,20,Sunday,1,0,0,Sunny,31.9,4511,9188,2920
Dwarka,2025-02-02,21,Sunday,1,0,0,Sunny,30.4,2920,6680,1674
Dwarka,2025-02-02,22,Sunday,1,0,0,Sunny,30.2,1674,4219,852
Dwarka,2025-02-02,23,Sunday,1,0,0,Sunny,28.4,852,2524,256
Dwarka,2025-02-03,0,Monday,0,0,0,Sunny,27.9,256,1204,36
Dwarka,2025-02-03,1,Monday,0,0,0,Sunny,27.1,36,607,26
Dwarka,2025-02-03,2,Monday,0,0,0,Sunny,26.9,26,286,21
Dwarka,2025-02-03,3,Monday,0,0,0,Sunny,27.0,21,211,57
Dwarka,2025-02-03,4,Monday,0,0,0,Sunny,26.8,57,572,346
Dwarka,2025-02-03,5,Monday,0,0,0,Sunny,29.6,346,1571,974
Dwarka,2025-02-03,6,Monday,0,0,0,Sunny,30.0,974,2583,1371
Dwarka,2025-02-03,7,Monday,0,0,0,Sunny,30.5,1371,4047,2035
Dwarka,2025-02-03,8,Monday,0,0,0,Sunny,32.0,2035,4708,2015
Dwarka,2025-02-03,9,Monday,0,0,0,Sunny,33.8,2015,4936,2090
Dwarka,2025-02-03,10,Monday,0,0,0,Sunny,34.7,2090,4192,1355
Dwarka,2025-02-03,11,Monday,0,0,0,Sunny,35.7,1355,3630,1258
Dwarka,2025-02-03,12,Monday,0,0,0,Sunny,35.7,1258,2654,684
Dwarka,2025-02-03,13,Monday,0,0,0,Sunny,36.9,684,2317,710
Dwarka,2025-02-03,14,Monday,0,0,0,Sunny,36.8,710,2698,1108
Dwarka,2025-02-03,15,Monday,0,0,0,Sunny,36.0,1108,2920,1223
Dwarka,2025-02-03,16,Monday,0,0,0,Sunny,34.9,1223,3266,1341
Dwarka,2025-02-03,17,Monday,0,0,0,Sunny,37.0,1341,4572,2207
Dwarka,2025-02-03,18,Monday,0,0,0,Sunny,34.7,2207,5974,2625
Dwarka,2025-02-03,19,Monday,0,0,0,Sunny,33.1,2625,4435,1384
Dwarka,2025-02-03,20,Monday,0,0,0,Sunny,32.9,1384,3921,1313
Dwarka,2025-02-03,21,Monday,0,0,0,Sunny,29.7,1313,2803,703
Dwarka,2025-02-03,22,Monday,0,0,0,Sunny,29.6,703,1701,315
Dwarka,2025-02-03,23,Monday,0,0,0,Sunny,27.9,315,998,127
Dwarka,2025-02-04,0,Tuesday,0,0,0,Clear,24.1,127,497,29
Dwarka,2025-02-04,1,Tuesday,0,0,0,Clear,25.5,29,287,30
Dwarka,2025-02-04,2,Tuesday,0,0,0,Clear,26.8,30,163,22
Dwarka,2025-02-04,3,Tuesday,0,0,0,Clear,25.5,22,170,63
Dwarka,2025-02-04,4,Tuesday,0,0,0,Clear,25.5,63,569,365
Dwarka,2025-02-04,5,Tuesday,0,0,0,Clear,27.2,365,1509,915
Dwarka,2025-02-04,6,Tuesday,0,0,0,Clear,27.4,915,2666,1427
Dwarka,2025-02-04,7,Tuesday,0,0,0,Clear,29.1,1427,3642,1758
Dwarka,2025-02-04,8,Tuesday,0,0,0,Clear,31.0,1758,4423,2045
Dwarka,2025-02-04,9,Tuesday,0,0,0,Clear,31.1,2045,4388,1620
Dwarka,2025-02-04,10,Tuesday,0,0,0,Clear,33.1,1620,3905,1312
Dwarka,2025-02-04,11,Tuesday,0,0,0,Clear,33.9,1312,3651,1293
Dwarka,2025-02-04,12,Tuesday,0,0,0,Clear,34.7,1293,2991,832
Dwarka,2025-02-04,13,Tuesday,0,0,0,Clear,35.1,832,2434,743
Dwarka,2025-02-04,14,Tuesday,0,0,0,Clear,35.9,743,2248,795
Dwarka,2025-02-04,15,Tuesday,0,0,0,Clear,36.1,795,2351,995
Dwarka,2025-02-04,16,Tuesday,0,0,0,Clear,34.2,995,2883,1275
Dwarka,2025-02-04,17,Tuesday,0,0,0,Clear,33.3,1275,3800,1758
Dwarka,2025-02-04,18,Tuesday,0,0,0,Clear,33.3,1758,4385,1884
Dwarka,2025-02-04,19,Tuesday,0,0,0,Clear,31.8,1884,4210,1576
Dwarka,2025-02-04,20,Tuesday,0,0,0,Clear,31.7,1576,4078,1338
Dwarka,2025-02-04,21,Tuesday,0,0,0,Clear,28.7,1338,2773,701
Dwarka,2025-02-04,22,Tuesday,0,0,0,Clear,27.3,701,1811,381
Dwarka,2025-02-04,23,Tuesday,0,0,0,Clear,27.8,381,941,87
Dwarka,2025-02-05,0,Wednesday,0,0,0,Clear,20.2,87,487,33
Dwarka,2025-02-05,1,Wednesday,0,0,0,Clear,19.1,33,250,20
Dwarka,2025-02-05,2,Wednesday,0,0,0,Clear,19.0,20,140,23
Dwarka,2025-02-05,3,Wednesday,0,0,0,Clear,20.1,23,132,50
Dwarka,2025-02-05,4,Wednesday,0,0,0,Clear,20.1,50,651,433
Dwarka,2025-02-05,5,Wednesday,0,0,0,Clear,20.8,433,1479,884
Dwarka,2025-02-05,6,Wednesday,0,0,0,Clear,21.3,884,2442,1251
Dwarka,2025-02-05,7,Wednesday,0,0,0,Clear,22.6,1251,3829,1945
Dwarka,2025-02-05,8,Wednesday,0,0,0,Clear,23.7,1945,4364,1783
Dwarka,2025-02-05,9,Wednesday,0,0,0,Clear,25.1,1783,4351,1732
Dwarka,2025-02-05,10,Wednesday,0,0,0,Clear,26.6,1732,3951,1440
Dwarka,2025-02-05,11,Wednesday,0,0,0,Clear,27.3,1440,3478,1231
Dwarka,2025-02-05,12,Wednesday,0,0,0,Clear,28.3,1231,2661,739
Dwarka,2025-02-05,13,Wednesday,0,0,0,Clear,29.8,739,2401,867
Dwarka,2025-02-05,14,Wednesday,0,0,0,Clear,30.7,867,2267,779
Dwarka,2025-02-05,15,Wednesday,0,0,0,Clear,28.8,779,2431,1025
Dwarka,2025-02-05,16,Wednesday,0,0,0,Clear,28.7,1025,3375,1607
Dwarka,2025-02-05,17,Wednesday,0,0,0,Clear,27.4,1607,3777,1653
Dwarka,2025-02-05,18,Wednesday,0,0,0,Clear,26.8,1653,4381,1966
Dwarka,2025-02-05,19,Wednesday,0,0,0,Clear,25.7,1966,4979,2170
Dwarka,2025-02-05,20,Wednesday,0,0,0,Clear,23.9,2170,4115,1327
Dwarka,2025-02-05,21,Wednesday,0,0,0,Clear,23.3,1327,3053,664
Dwarka,2025-02-05,22,Wednesday,0,0,0,Clear,21.8,664,1811,288
Dwarka,2025-02-05,23,Wednesday,0,0,0,Clear,20.2,288,979,122
Dwarka,2025-02-06,0,Thursday,0,0,0,Clear,21.1,122,477,31
Dwarka,2025-02-06,1,Thursday,0,0,0,Clear,20.3,31,250,21
Dwarka,2025-02-06,2,Thursday,0,0,0,Clear,20.8,21,152,24
Dwarka,2025-02-06,3,Thursday,0,0,0,Clear,20.7,24,128,42
Dwarka,2025-02-06,4,Thursday,0,0,0,Clear,21.7,42,544,359
Dwarka,2025-02-06,5,Thursday,0,0,0,Clear,23.3,359,1625,1006
Dwarka,2025-02-06,6,Thursday,0,0,0,Clear,23.7,1006,2253,1114
Dwarka,2025-02-06,7,Thursday,0,0,0,Clear,24.0,1114,3459,1781
Dwarka,2025-02-06,8,Thursday,0,0,0,Clear,24.1,1781,4526,2089
Dwarka,2025-02-06,9,Thursday,0,0,0,Clear,28.0,2089,4262,1618
Dwarka,2025-02-06,10,Thursday,0,0,0,Clear,26.7,1618,4105,1457
Dwarka,2025-02-06,11,Thursday,0,0,0,Clear,29.0,1457,4109,1603
Dwarka,2025-02-06,12,Thursday,0,0,0,Clear,30.3,1603,2989,732
Dwarka,2025-02-06,13,Thursday,0,0,0,Clear,29.5,732,2594,820
Dwarka,2025-02-06,14,Thursday,0,0,0,Clear,31.7,820,2350,811
Dwarka,2025-02-06,15,Thursday,0,0,0,Clear,31.1,811,2767,1250
Dwarka,2025-02-06,16,Thursday,0,0,0,Clear,28.8,1250,3519,1630
Dwarka,2025-02-06,17,Thursday,0,0,0,Clear,29.0,1630,4557,2127
Dwarka,2025-02-06,18,Thursday,0,0,0,Clear,27.5,2127,4314,1667
Dwarka,2025-02-06,19,Thursday,0,0,0,Clear,28.4,1667,4630,1881
Dwarka,2025-02-06,20,Thursday,0,0,0,Clear,25.5,1881,4048,1256
Dwarka,2025-02-06,21,Thursday,0,0,0,Clear,24.0,1256,3001,809
Dwarka,2025-02-06,22,Thursday,0,0,0,Clear,24.2,809,2008,354
Dwarka,2025-02-06,23,Thursday,0,0,0,Clear,21.6,354,1113,122
Dwarka,2025-02-07,0,Friday,0,0,0,Sunny,23.5,122,599,39
Dwarka,2025-02-07,1,Friday,0,0,0,Sunny,23.9,39,350,24
Dwarka,2025-02-07,2,Friday,0,0,0,Sunny,22.6,24,219,30
Dwarka,2025-02-07,3,Friday,0,0,0,Sunny,24.7,30,171,52
Dwarka,2025-02-07,4,Friday,0,0,0,Sunny,25.0,52,552,353
Dwarka,2025-02-07,5,Friday,0,0,0,Sunny,24.6,353,1597,971
Dwarka,2025-02-07,6,Friday,0,0,0,Sunny,25.9,971,2922,1588
Dwarka,2025-02-07,7,Friday,0,0,0,Sunny,27.6,1588,4451,2267
Dwarka,2025-02-07,8,Friday,0,0,0,Sunny,27.5,2267,5118,2096
Dwarka,2025-02-07,9,Friday,0,0,0,Sunny,30.1,2096,5305,2008
Dwarka,2025-02-07,10,Friday,0,0,0,Sunny,30.6,2008,4891,1724
Dwarka,2025-02-07,11,Friday,0,0,0,Sunny,32.1,1724,4313,1472
Dwarka,2025-02-07,12,Friday,0,0,0,Sunny,32.4,1472,3329,1034
Dwarka,2025-02-07,13,Friday,0,0,0,Sunny,33.8,1034,2985,1044
Dwarka,2025-02-07,14,Friday,0,0,0,Sunny,33.2,1044,2803,1059
Dwarka,2025-02-07,15,Friday,0,0,0,Sunny,34.1,1059,3306,1367
Dwarka,2025-02-07,16,Friday,0,0,0,Sunny,33.9,1367,4075,1801
Dwarka,2025-02-07,17,Friday,0,0,0,Sunny,32.1,1801,5007,2286
Dwarka,2025-02-07,18,Friday,0,0,0,Sunny,31.7,2286,6455,2930
Dwarka,2025-02-07,19,Friday,0,0,0,Sunny,30.6,2930,6236,2261
Dwarka,2025-02-07,20,Friday,0,0,0,Sunny,28.0,2261,5777,1862
Dwarka,2025-02-07,21,Friday,0,0,0,Sunny,27.2,1862,4001,847
Dwarka,2025-02-07,22,Friday,0,0,0,Sunny,26.4,847,2300,370
Dwarka,2025-02-07,23,Friday,0,0,0,Sunny,25.1,370,1326,135
Dwarka,2025-02-08,0,Saturday,1,0,0,Clear,27.9,135,693,53
Dwarka,2025-02-08,1,Saturday,1,0,0,Clear,26.7,53,369,29
Dwarka,2025-02-08,2,Saturday,1,0,0,Clear,27.0,29,241,37
Dwarka,2025-02-08,3,Saturday,1,0,0,Clear,26.7,37,246,93
Dwarka,2025-02-08,4,Saturday,1,0,0,Clear,28.7,93,958,627
Dwarka,2025-02-08,5,Saturday,1,0,0,Clear,28.7,627,2681,1651
Dwarka,2025-02-08,6,Saturday,1,0,0,Clear,29.8,1651,5069,2753
Dwarka,2025-02-08,7,Saturday,1,0,0,Clear,30.6,2753,6137,2751
Dwarka,2025-02-08,8,Saturday,1,0,0,Clear,32.2,2751,7897,3631
Dwarka,2025-02-08,9,Saturday,1,0,0,Clear,33.0,3631,8144,3104
Dwarka,2025-02-08,10,Saturday,1,0,0,Clear,34.7,3104,6883,2229
Dwarka,2025-02-08,11,Saturday,1,0,0,Clear,36.2,2229,5272,1714
Dwarka,2025-02-08,12,Saturday,1,0,0,Clear,37.3,1714,4628,1497
Dwarka,2025-02-08,13,Saturday,1,0,0,Clear,36.3,1497,4069,1346
Dwarka,2025-02-08,14,Saturday,1,0,0,Clear,36.2,1346,4365,1775
Dwarka,2025-02-08,15,Saturday,1,0,0,Clear,36.7,1775,4382,1850
Dwarka,2025-02-08,16,Saturday,1,0,0,Clear,36.8,1850,5637,2633
Dwarka,2025-02-08,17,Saturday,1,0,0,Clear,36.4,2633,6247,2683
Dwarka,2025-02-08,18,Saturday,1,0,0,Clear,34.0,2683,7489,3319
Dwarka,2025-02-08,19,Saturday,1,0,0,Clear,33.5,3319,7083,2701
Dwarka,2025-02-08,20,Saturday,1,0,0,Clear,32.9,2701,7233,2821
Dwarka,2025-02-08,21,Saturday,1,0,0,Clear,30.1,2821,5207,1471
Dwarka,2025-02-08,22,Saturday,1,0,0,Clear,29.1,1471,3011,486
Dwarka,2025-02-08,23,Saturday,1,0,0,Clear,28.0,486,1661,159
Dwarka,2025-02-09,0,Sunday,1,0,0,Clear,23.9,159,923,69
Dwarka,2025-02-09,1,Sunday,1,0,0,Clear,23.5,69,526,52
Dwarka,2025-02-09,2,Sunday,1,0,0,Clear,23.8,52,314,56
Dwarka,2025-02-09,3,Sunday,1,0,0,Clear,23.3,56,346,146
Dwarka,2025-02-09,4,Sunday,1,0,0,Clear,22.4,146,1255,806
Dwarka,2025-02-09,5,Sunday,1,0,0,Clear,23.4,806,3385,2077
Dwarka,2025-02-09,6,Sunday,1,0,0,Clear,26.3,2077,5705,3100
Dwarka,2025-02-09,7,Sunday,1,0,0,Clear,26.7,3100,7727,3585
Dwarka,2025-02-09,8,Sunday,1,0,0,Clear,28.6,3585,9071,4100
Dwarka,2025-02-09,9,Sunday,1,0,0,Clear,30.8,4100,10877,4641
Dwarka,2025-02-09,10,Sunday,1,0,0,Clear,31.6,4641,9521,3420
Dwarka,2025-02-09,11,Sunday,1,0,0,Clear,32.2,3420,7528,2500
Dwarka,2025-02-09,12,Sunday,1,0,0,Clear,33.9,2500,6173,1736
Dwarka,2025-02-09,13,Sunday,1,0,0,Clear,34.3,1736,5438,1766
Dwarka,2025-02-09,14,Sunday,1,0,0,Clear,33.6,1766,5999,2506
Dwarka,2025-02-09,15,Sunday,1,0,0,Clear,33.9,2506,5987,2401
Dwarka,2025-02-09,16,Sunday,1,0,0,Clear,33.5,2401,7502,3512
Dwarka,2025-02-09,17,Sunday,1,0,0,Clear,31.5,3512,8740,3647
Dwarka,2025-02-09,18,Sunday,1,0,0,Clear,30.9,3647,10464,4418
Dwarka,2025-02-09,19,Sunday,1,0,0,Clear,29.4,4418,9501,3460
Dwarka,2025-02-09,20,Sunday,1,0,0,Clear,29.6,3460,9588,3597
Dwarka,2025-02-09,21,Sunday,1,0,0,Clear,27.8,3597,7131,1541
Dwarka,2025-02-09,22,Sunday,1,0,0,Clear,26.2,1541,4463,784
Dwarka,2025-02-09,23,Sunday,1,0,0,Clear,24.8,784,2589,288
Dwarka,2025-02-10,0,Monday,0,0,0,Sunny,26.0,288,1291,31
Dwarka,2025-02-10,1,Monday,0,0,0,Sunny,25.6,31,683,19
Dwarka,2025-02-10,2,Monday,0,0,0,Sunny,25.5,19,362,22
Dwarka,2025-02-10,3,Monday,0,0,0,Sunny,25.7,22,252,65
Dwarka,2025-02-10,4,Monday,0,0,0,Sunny,26.7,65,657,397
Dwarka,2025-02-10,5,Monday,0,0,0,Sunny,26.6,397,1564,916
Dwarka,2025-02-10,6,Monday,0,0,0,Sunny,28.0,916,2948,1617
Dwarka,2025-02-10,7,Monday,0,0,0,Sunny,28.9,1617,3774,1688
Dwarka,2025-02-10,8,Monday,0,0,0,Sunny,31.3,1688,4301,1902
Dwarka,2025-02-10,9,Monday,0,0,0,Sunny,32.1,1902,4301,1721
Dwarka,2025-02-10,10,Monday,0,0,0,Sunny,32.7,1721,4549,1766
Dwarka,2025-02-10,11,Monday,0,0,0,Sunny,34.0,1766,3821,1286
Dwarka,2025-02-10,12,Monday,0,0,0,Sunny,35.5,1286,2934,844
Dwarka,2025-02-10,13,Monday,0,0,0,Sunny,37.3,844,2337,730
Dwarka,2025-02-10,14,Monday,0,0,0,Sunny,35.9,730,2460,1060
Dwarka,2025-02-10,15,Monday,0,0,0,Sunny,35.7,1060,3138,1439
Dwarka,2025-02-10,16,Monday,0,0,0,Sunny,35.7,1439,4306,2060
Dwarka,2025-02-10,17,Monday,0,0,0,Sunny,34.4,2060,4533,1914
Dwarka,2025-02-10,18,Monday,0,0,0,Sunny,34.5,1914,5400,2298
Dwarka,2025-02-10,19,Monday,0,0,0,Sunny,33.2,2298,4731,1675
Dwarka,2025-02-10,20,Monday,0,0,0,Sunny,31.0,1675,3895,1189
Dwarka,2025-02-10,21,Monday,0,0,0,Sunny,30.4,1189,2903,755
Dwarka,2025-02-10,22,Monday,0,0,0,Sunny,28.4,755,1837,363
Dwarka,2025-02-10,23,Monday,0,0,0,Sunny,26.0,363,1082,116
Dwarka,2025-02-11,0,Tuesday,0,0,0,Clear,28.3,116,528,28
Dwarka,2025-02-11,1,Tuesday,0,0,0,Clear,27.8,28,280,21
Dwarka,2025-02-11,2,Tuesday,0,0,0,Clear,28.5,21,171,18
Dwarka,2025-02-11,3,Tuesday,0,0,0,Clear,27.6,18,137,41
Dwarka,2025-02-11,4,Tuesday,0,0,0,Clear,28.6,41,519,339
Dwarka,2025-02-11,5,Tuesday,0,0,0,Clear,28.8,339,1180,685
Dwarka,2025-02-11,6,Tuesday,0,0,0,Clear,30.5,685,2172,1204
Dwarka,2025-02-11,7,Tuesday,0,0,0,Clear,31.7,1204,3081,1552
Dwarka,2025-02-11,8,Tuesday,0,0,0,Clear,31.9,1552,4138,1953
Dwarka,2025-02-11,9,Tuesday,0,0,0,Clear,33.6,1953,4394,1671
Dwarka,2025-02-11,10,Tuesday,0,0,0,Clear,34.7,1671,3670,1121
Dwarka,2025-02-11,11,Tuesday,0,0,0,Clear,36.3,1121,3262,1069
Dwarka,2025-02-11,12,Tuesday,0,0,0,Clear,37.7,1069,2353,621
Dwarka,2025-02-11,13,Tuesday,0,0,0,Clear,38.0,621,2194,760
Dwarka,2025-02-11,14,Tuesday,0,0,0,Clear,38.0,760,2259,862
Dwarka,2025-02-11,15,Tuesday,0,0,0,Clear,38.0,862,2671,1188
Dwarka,2025-02-11,16,Tuesday,0,0,0,Clear,37.3,1188,3128,1367
Dwarka,2025-02-11,17,Tuesday,0,0,0,Clear,35.6,1367,3717,1657
Dwarka,2025-02-11,18,Tuesday,0,0,0,Clear,34.7,1657,4276,1857
Dwarka,2025-02-11,19,Tuesday,0,0,0,Clear,34.2,1857,4455,1815
Dwarka,2025-02-11,20,Tuesday,0,0,0,Clear,33.4,1815,4027,1359
Dwarka,2025-02-11,21,Tuesday,0,0,0,Clear,31.4,1359,3041,736
Dwarka,2025-02-11,22,Tuesday,0,0,0,Clear,30.7,736,1943,356
Dwarka,2025-02-11,23,Tuesday,0,0,0,Clear,29.2,356,1064,119
Dwarka,2025-02-12,0,Wednesday,0,0,0,Clear,20.1,119,552,35
Dwarka,2025-02-12,1,Wednesday,0,0,0,Clear,19.0,35,281,21
Dwarka,2025-02-12,2,Wednesday,0,0,0,Clear,19.0,21,161,18
Dwarka,2025-02-12,3,Wednesday,0,0,0,Clear,19.9,18,148,52
Dwarka,2025-02-12,4,Wednesday,0,0,0,Clear,20.3,52,479,301
Dwarka,2025-02-12,5,Wednesday,0,0,0,Clear,20.4,301,1345,830
Dwarka,2025-02-12,6,Wednesday,0,0,0,Clear,21.0,830,2616,1420
Dwarka,2025-02-12,7,Wednesday,0,0,0,Clear,23.3,1420,3404,1654
Dwarka,2025-02-12,8,Wednesday,0,0,0,Clear,23.1,1654,4580,2240
Dwarka,2025-02-12,9,Wednesday,0,0,0,Clear,25.3,2240,4720,1999
Dwarka,2025-02-12,10,Wednesday,0,0,0,Clear,27.6,1999,4031,1404
Dwarka,2025-02-12,11,Wednesday,0,0,0,Clear,27.7,1404,3449,1090
Dwarka,2025-02-12,12,Wednesday,0,0,0,Clear,28.3,1090,2526,658
Dwarka,2025-02-12,13,Wednesday,0,0,0,Clear,28.4,658,2142,742
Dwarka,2025-02-12,14,Wednesday,0,0,0,Clear,29.1,742,2230,898
Dwarka,2025-02-12,15,Wednesday,0,0,0,Clear,29.3,898,2674,1234
Dwarka,2025-02-12,16,Wednesday,0,0,0,Clear,28.6,1234,2656,1005
Dwarka,2025-02-12,17,Wednesday,0,0,0,Clear,27.7,1005,3528,1654
Dwarka,2025-02-12,18,Wednesday,0,0,0,Clear,27.4,1654,4184,1904
Dwarka,2025-02-12,19,Wednesday,0,0,0,Clear,25.6,1904,3844,1409
Dwarka,2025-02-12,20,Wednesday,0,0,0,Clear,24.9,1409,3359,1250
Dwarka,2025-02-12,21,Wednesday,0,0,0,Clear,21.7,1250,2678,738
Dwarka,2025-02-12,22,Wednesday,0,0,0,Clear,20.5,738,1812,327
Dwarka,2025-02-12,23,Wednesday,0,0,0,Clear,21.5,327,1038,108
Dwarka,2025-02-13,0,Thursday,0,0,0,Clear,23.3,108,531,29
Dwarka,2025-02-13,1,Thursday,0,0,0,Clear,24.0,29,294,28
Dwarka,2025-02-13,2,Thursday,0,0,0,Clear,23.5,28,163,22
Dwarka,2025-02-13,3,Thursday,0,0,0,Clear,24.0,22,152,50
Dwarka,2025-02-13,4,Thursday,0,0,0,Clear,24.4,50,628,406
Dwarka,2025-02-13,5,Thursday,0,0,0,Clear,25.8,406,1358,792
Dwarka,2025-02-13,6,Thursday,0,0,0,Clear,24.4,792,3209,1905
Dwarka,2025-02-13,7,Thursday,0,0,0,Clear,27.5,1905,3923,1677
Dwarka,2025-02-13,8,Thursday,0,0,0,Clear,27.7,1677,4198,1729
Dwarka,2025-02-13,9,Thursday,0,0,0,Clear,29.2,1729,4590,1911
Dwarka,2025-02-13,10,Thursday,0,0,0,Clear,31.2,1911,4097,1457
Dwarka,2025-02-13,11,Thursday,0,0,0,Clear,31.5,1457,4127,1584
Dwarka,2025-02-13,12,Thursday,0,0,0,Clear,31.5,1584,3084,810
Dwarka,2025-02-13,13,Thursday,0,0,0,Clear,34.3,810,2565,854
Dwarka,2025-02-13,14,Thursday,0,0,0,Clear,34.9,854,2540,913
Dwarka,2025-02-13,15,Thursday,0,0,0,Clear,32.5,913,2333,889
Dwarka,2025-02-13,16,Thursday,0,0,0,Clear,30.8,889,3851,2014
Dwarka,2025-02-13,17,Thursday,0,0,0,Clear,31.3,2014,4632,2049
Dwarka,2025-02-13,18,Thursday,0,0,0,Clear,31.2,2049,5472,2430
Dwarka,2025-02-13,19,Thursday,0,0,0,Clear,29.0,2430,5304,1905
Dwarka,2025-02-13,20,Thursday,0,0,0,Clear,28.2,1905,4758,1680
Dwarka,2025-02-13,21,Thursday,0,0,0,Clear,26.3,1680,3277,793
Dwarka,2025-02-13,22,Thursday,0,0,0,Clear,25.8,793,1937,293
Dwarka,2025-02-13,23,Thursday,0,0,0,Clear,25.6,293,1032,103
Dwarka,2025-02-14,0,Friday,0,0,0,Clear,25.3,103,574,41
Dwarka,2025-02-14,1,Friday,0,0,0,Clear,26.0,41,315,23
Dwarka,2025-02-14,2,Friday,0,0,0,Clear,24.8,23,193,24
Dwarka,2025-02-14,3,Friday,0,0,0,Clear,24.9,24,181,65
Dwarka,2025-02-14,4,Friday,0,0,0,Clear,25.1,65,760,497
Dwarka,2025-02-14,5,Friday,0,0,0,Clear,25.4,497,1675,981
Dwarka,2025-02-14,6,Friday,0,0,0,Clear,28.3,981,2728,1436
Dwarka,2025-02-14,7,Friday,0,0,0,Clear,29.2,1436,4282,2165
Dwarka,2025-02-14,8,Friday,0,0,0,Clear,29.4,2165,5961,2853
Dwarka,2025-02-14,9,Friday,0,0,0,Clear,32.5,2853,5989,2318
Dwarka,2025-02-14,10,Friday,0,0,0,Clear,32.2,2318,5337,1655
Dwarka,2025-02-14,11,Friday,0,0,0,Clear,34.8,1655,4025,1351
Dwarka,2025-02-14,12,Friday,0,0,0,Clear,34.7,1351,3228,978
Dwarka,2025-02-14,13,Friday,0,0,0,Clear,35.7,978,2955,984
Dwarka,2025-02-14,14,Friday,0,0,0,Clear,35.8,984,2563,866
Dwarka,2025-02-14,15,Friday,0,0,0,Clear,36.8,866,3217,1455
Dwarka,2025-02-14,16,Friday,0,0,0,Clear,35.1,1455,3963,1928
Dwarka,2025-02-14,17,Friday,0,0,0,Clear,33.9,1928,5085,2267
Dwarka,2025-02-14,18,Friday,0,0,0,Clear,33.0,2267,5226,2024
Dwarka,2025-02-14,19,Friday,0,0,0,Clear,31.2,2024,4765,1749
Dwarka,2025-02-14,20,Friday,0,0,0,Clear,30.6,1749,4727,1766
Dwarka,2025-02-14,21,Friday,0,0,0,Clear,29.3,1766,3545,937
Dwarka,2025-02-14,22,Friday,0,0,0,Clear,28.1,937,2094,284
Dwarka,2025-02-14,23,Friday,0,0,0,Clear,26.0,284,1193,145
Dwarka,2025-02-15,0,Saturday,1,0,0,Clear,24.6,145,666,57
Dwarka,2025-02-15,1,Saturday,1,0,0,Clear,23.0,57,366,32
Dwarka,2025-02-15,2,Saturday,1,0,0,Clear,22.9,32,207,37
Dwarka,2025-02-15,3,Saturday,1,0,0,Clear,23.2,37,249,109
Dwarka,2025-02-15,4,Saturday,1,0,0,Clear,24.1,109,1161,782
Dwarka,2025-02-15,5,Saturday,1,0,0,Clear,24.4,782,2279,1258
Dwarka,2025-02-15,6,Saturday,1,0,0,Clear,26.5,1258,4039,2141
Dwarka,2025-02-15,7,Saturday,1,0,0,Clear,27.0,2141,6510,3460
Dwarka,2025-02-15,8,Saturday,1,0,0,Clear,28.5,3460,7434,3070
Dwarka,2025-02-15,9,Saturday,1,0,0,Clear,29.6,3070,7559,2889
Dwarka,2025-02-15,10,Saturday,1,0,0,Clear,31.5,2889,7367,2741
Dwarka,2025-02-15,11,Saturday,1,0,0,Clear,32.0,2741,6161,1941
Dwarka,2025-02-15,12,Saturday,1,0,0,Clear,33.2,1941,4827,1383
Dwarka,2025-02-15,13,Saturday,1,0,0,Clear,32.7,1383,4140,1335
Dwarka,2025-02-15,14,Saturday,1,0,0,Clear,34.4,1335,3834,1496
Dwarka,2025-02-15,15,Saturday,1,0,0,Clear,33.4,1496,4460,1890
Dwarka,2025-02-15,16,Saturday,1,0,0,Clear,31.9,1890,5659,2565
Dwarka,2025-02-15,17,Saturday,1,0,0,Clear,31.9,2565,6946,3196
Dwarka,2025-02-15,18,Saturday,1,0,0,Clear,30.7,3196,7627,3268
Dwarka,2025-02-15,19,Saturday,1,0,0,Clear,30.3,3268,6976,2578
Dwarka,2025-02-15,20,Saturday,1,0,0,Clear,29.6,2578,6236,2370
Dwarka,2025-02-15,21,Saturday,1,0,0,Clear,26.7,2370,4754,1268
Dwarka,2025-02-15,22,Saturday,1,0,0,Clear,25.0,1268,3196,607
Dwarka,2025-02-15,23,Saturday,1,0,0,Clear,25.1,607,1848,207
Dwarka,2025-02-16,0,Sunday,1,0,0,Sunny,25.3,207,1002,64
Dwarka,2025-02-16,1,Sunday,1,0,0,Sunny,23.7,64,560,50
Dwarka,2025-02-16,2,Sunday,1,0,0,Sunny,23.1,50,336,47
Dwarka,2025-02-16,3,Sunday,1,0,0,Sunny,23.8,47,334,123
Dwarka,2025-02-16,4,Sunday,1,0,0,Sunny,24.6,123,1316,848
Dwarka,2025-02-16,5,Sunday,1,0,0,Sunny,25.7,848,3049,1813
Dwarka,2025-02-16,6,Sunday,1,0,0,Sunny,26.9,1813,6031,3314
Dwarka,2025-02-16,7,Sunday,1,0,0,Sunny,27.8,3314,7004,3226
Dwarka,2025-02-16,8,Sunday,1,0,0,Sunny,29.6,3226,8938,4076
Dwarka,2025-02-16,9,Sunday,1,0,0,Sunny,30.6,4076,9421,3816
Dwarka,2025-02-16,10,Sunday,1,0,0,Sunny,31.3,3816,8841,3297
Dwarka,2025-02-16,11,Sunday,1,0,0,Sunny,32.6,3297,7719,2610
Dwarka,2025-02-16,12,Sunday,1,0,0,Sunny,34.2,2610,6403,1858
Dwarka,2025-02-16,13,Sunday,1,0,0,Sunny,35.1,1858,5626,1830
Dwarka,2025-02-16,14,Sunday,1,0,0,Sunny,34.6,1830,5716,2225
Dwarka,2025-02-16,15,Sunday,1,0,0,Sunny,34.8,2225,6466,2794
Dwarka,2025-02-16,16,Sunday,1,0,0,Sunny,34.2,2794,7757,3459
Dwarka,2025-02-16,17,Sunday,1,0,0,Sunny,32.6,3459,9758,4333
Dwarka,2025-02-16,18,Sunday,1,0,0,Sunny,32.3,4333,11304,4800
Dwarka,2025-02-16,19,Sunday,1,0,0,Sunny,31.3,4800,10129,3708
Dwarka,2025-02-16,20,Sunday,1,0,0,Sunny,29.9,3708,8281,2657
Dwarka,2025-02-16,21,Sunday,1,0,0,Sunny,26.7,2657,6041,1769
Dwarka,2025-02-16,22,Sunday,1,0,0,Sunny,26.1,1769,4030,760
Dwarka,2025-02-16,23,Sunday,1,0,0,Sunny,25.0,760,2163,232
Dwarka,2025-02-17,0,Monday,0,0,0,Clear,22.2,232,1058,34
Dwarka,2025-02-17,1,Monday,0,0,0,Clear,21.9,34,561,18
Dwarka,2025-02-17,2,Monday,0,0,0,Clear,22.2,18,319,24
Dwarka,2025-02-17,3,Monday,0,0,0,Clear,21.6,24,210,53
Dwarka,2025-02-17,4,Monday,0,0,0,Clear,24.5,53,616,378
Dwarka,2025-02-17,5,Monday,0,0,0,Clear,22.7,378,1579,930
Dwarka,2025-02-17,6,Monday,0,0,0,Clear,24.5,930,2528,1315
Dwarka,2025-02-17,7,Monday,0,0,0,Clear,24.4,1315,3777,1862
Dwarka,2025-02-17,8,Monday,0,0,0,Clear,27.1,1862,4516,1967
Dwarka,2025-02-17,9,Monday,0,0,0,Clear,28.8,1967,4185,1487
Dwarka,2025-02-17,10,Monday,0,0,0,Clear,31.2,1487,3771,1312
Dwarka,2025-02-17,11,Monday,0,0,0,Clear,32.0,1312,3713,1444
Dwarka,2025-02-17,12,Monday,0,0,0,Clear,31.8,1444,2904,880
Dwarka,2025-02-17,13,Monday,0,0,0,Clear,32.1,880,2408,745
Dwarka,2025-02-17,14,Monday,0,0,0,Clear,31.9,745,2236,802
Dwarka,2025-02-17,15,Monday,0,0,0,Clear,33.2,802,2705,1222
Dwarka,2025-02-17,16,Monday,0,0,0,Clear,32.1,1222,3532,1565
Dwarka,2025-02-17,17,Monday,0,0,0,Clear,30.8,1565,4539,2154
Dwarka,2025-02-17,18,Monday,0,0,0,Clear,30.0,2154,5166,2217
Dwarka,2025-02-17,19,Monday,0,0,0,Clear,28.2,2217,4715,1630
Dwarka,2025-02-17,20,Monday,0,0,0,Clear,27.5,1630,4051,1300
Dwarka,2025-02-17,21,Monday,0,0,0,Clear,25.7,1300,2977,779
Dwarka,2025-02-17,22,Monday,0,0,0,Clear,24.5,779,2067,456
Dwarka,2025-02-17,23,Monday,0,0,0,Clear,23.8,456,1136,116
Dwarka,2025-02-18,0,Tuesday,0,0,0,Clear,27.4,116,558,29
Dwarka,2025-02-18,1,Tuesday,0,0,0,Clear,26.5,29,299,18
Dwarka,2025-02-18,2,Tuesday,0,0,0,Clear,25.4,18,159,19
Dwarka,2025-02-18,3,Tuesday,0,0,0,Clear,28.0,19,132,41
Dwarka,2025-02-18,4,Tuesday,0,0,0,Clear,27.5,41,607,401
Dwarka,2025-02-18,5,Tuesday,0,0,0,Clear,27.4,401,1510,893
Dwarka,2025-02-18,6,Tuesday,0,0,0,Clear,28.8,893,2612,1406
Dwarka,2025-02-18,7,Tuesday,0,0,0,Clear,29.4,1406,4031,1996
Dwarka,2025-02-18,8,Tuesday,0,0,0,Clear,30.8,1996,4402,1838
Dwarka,2025-02-18,9,Tuesday,0,0,0,Clear,32.7,1838,4485,1683
Dwarka,2025-02-18,10,Tuesday,0,0,0,Clear,33.5,1683,4014,1280
Dwarka,2025-02-18,11,Tuesday,0,0,0,Clear,34.8,1280,3230,1000
Dwarka,2025-02-18,12,Tuesday,0,0,0,Clear,35.7,1000,2940,976
Dwarka,2025-02-18,13,Tuesday,0,0,0,Clear,37.1,976,2534,782
Dwarka,2025-02-18,14,Tuesday,0,0,0,Clear,36.2,782,2290,840
Dwarka,2025-02-18,15,Tuesday,0,0,0,Clear,36.3,840,2737,1208
Dwarka,2025-02-18,16,Tuesday,0,0,0,Clear,36.7,1208,3075,1280
Dwarka,2025-02-18,17,Tuesday,0,0,0,Clear,34.3,1280,4017,1842
Dwarka,2025-02-18,18,Tuesday,0,0,0,Clear,33.8,1842,4681,2108
Dwarka,2025-02-18,19,Tuesday,0,0,0,Clear,31.7,2108,4780,1731
Dwarka,2025-02-18,20,Tuesday,0,0,0,Clear,30.7,1731,4197,1406
Dwarka,2025-02-18,21,Tuesday,0,0,0,Clear,29.2,1406,2850,618
Dwarka,2025-02-18,22,Tuesday,0,0,0,Clear,28.5,618,1602,259
Dwarka,2025-02-18,23,Tuesday,0,0,0,Clear,27.1,259,909,104
Dwarka,2025-02-19,0,Wednesday,0,0,0,Sunny,20.7,104,478,33
Dwarka,2025-02-19,1,Wednesday,0,0,0,Sunny,20.1,33,251,18
Dwarka,2025-02-19,2,Wednesday,0,0,0,Sunny,19.2,18,142,18
Dwarka,2025-02-19,3,Wednesday,0,0,0,Sunny,19.0,18,153,65
Dwarka,2025-02-19,4,Wednesday,0,0,0,Sunny,21.0,65,567,364
Dwarka,2025-02-19,5,Wednesday,0,0,0,Sunny,20.6,364,1354,795
Dwarka,2025-02-19,6,Wednesday,0,0,0,Sunny,22.4,795,2706,1532
Dwarka,2025-02-19,7,Wednesday,0,0,0,Sunny,23.0,1532,3293,1452
Dwarka,2025-02-19,8,Wednesday,0,0,0,Sunny,25.3,1452,4739,2322
Dwarka,2025-02-19,9,Wednesday,0,0,0,Sunny,25.5,2322,4272,1392
Dwarka,2025-02-19,10,Wednesday,0,0,0,Sunny,26.2,1392,3904,1390
Dwarka,2025-02-19,11,Wednesday,0,0,0,Sunny,28.3,1390,3499,1194
Dwarka,2025-02-19,12,Wednesday,0,0,0,Sunny,27.7,1194,2611,829
Dwarka,2025-02-19,13,Wednesday,0,0,0,Sunny,30.1,829,2032,677
Dwarka,2025-02-19,14,Wednesday,0,0,0,Sunny,29.4,677,2142,821
Dwarka,2025-02-19,15,Wednesday,0,0,0,Sunny,29.8,821,2689,1185
Dwarka,2025-02-19,16,Wednesday,0,0,0,Sunny,29.1,1185,3550,1641
Dwarka,2025-02-19,17,Wednesday,0,0,0,Sunny,27.6,1641,4581,2221
Dwarka,2025-02-19,18,Wednesday,0,0,0,Sunny,27.8,2221,4534,1681
Dwarka,2025-02-19,19,Wednesday,0,0,0,Sunny,27.1,1681,4326,1613
Dwarka,2025-02-19,20,Wednesday,0,0,0,Sunny,25.0,1613,3876,1193
Dwarka,2025-02-19,21,Wednesday,0,0,0,Sunny,23.4,1193,2751,697
Dwarka,2025-02-19,22,Wednesday,0,0,0,Sunny,21.4,697,1686,288
Dwarka,2025-02-19,23,Wednesday,0,0,0,Sunny,20.6,288,1024,96
Dwarka,2025-02-20,0,Thursday,0,0,0,Sunny,20.9,96,537,35
Dwarka,2025-02-20,1,Thursday,0,0,0,Sunny,19.9,35,292,23
Dwarka,2025-02-20,2,Thursday,0,0,0,Sunny,19.7,23,161,18
Dwarka,2025-02-20,3,Thursday,0,0,0,Sunny,19.3,18,145,50
Dwarka,2025-02-20,4,Thursday,0,0,0,Sunny,20.8,50,698,467
Dwarka,2025-02-20,5,Thursday,0,0,0,Sunny,21.9,467,1489,839
Dwarka,2025-02-20,6,Thursday,0,0,0,Sunny,22.8,839,2393,1289
Dwarka,2025-02-20,7,Thursday,0,0,0,Sunny,23.9,1289,3414,1720
Dwarka,2025-02-20,8,Thursday,0,0,0,Sunny,24.3,1720,4507,2033
Dwarka,2025-02-20,9,Thursday,0,0,0,Sunny,26.2,2033,4729,1909
Dwarka,2025-02-20,10,Thursday,0,0,0,Sunny,27.0,1909,4370,1648
Dwarka,2025-02-20,11,Thursday,0,0,0,Sunny,28.8,1648,3798,1190
Dwarka,2025-02-20,12,Thursday,0,0,0,Sunny,29.0,1190,2967,904
Dwarka,2025-02-20,13,Thursday,0,0,0,Sunny,29.9,904,2232,488
Dwarka,2025-02-20,14,Thursday,0,0,0,Sunny,30.7,488,2140,836
Dwarka,2025-02-20,15,Thursday,0,0,0,Sunny,29.9,836,2674,1292
Dwarka,2025-02-20,16,Thursday,0,0,0,Sunny,29.6,1292,3820,1933
Dwarka,2025-02-20,17,Thursday,0,0,0,Sunny,28.9,1933,5304,2528
Dwarka,2025-02-20,18,Thursday,0,0,0,Sunny,27.8,2528,5511,2234
Dwarka,2025-02-20,19,Thursday,0,0,0,Sunny,27.2,2234,4606,1644
Dwarka,2025-02-20,20,Thursday,0,0,0,Sunny,24.9,1644,3735,1152
Dwarka,2025-02-20,21,Thursday,0,0,0,Sunny,23.6,1152,3031,871
Dwarka,2025-02-20,22,Thursday,0,0,0,Sunny,22.6,871,1814,323
Dwarka,2025-02-20,23,Thursday,0,0,0,Sunny,20.1,323,1052,109
Dwarka,2025-02-21,0,Friday,0,0,0,Clear,23.4,109,599,38
Dwarka,2025-02-21,1,Friday,0,0,0,Clear,23.3,38,336,28
Dwarka,2025-02-21,2,Friday,0,0,0,Clear,21.6,28,201,27
Dwarka,2025-02-21,3,Friday,0,0,0,Clear,23.0,27,189,67
Dwarka,2025-02-21,4,Friday,0,0,0,Clear,24.7,67,688,439
Dwarka,2025-02-21,5,Friday,0,0,0,Clear,23.7,439,1754,1043
Dwarka,2025-02-21,6,Friday,0,0,0,Clear,25.3,1043,3621,2086
Dwarka,2025-02-21,7,Friday,0,0,0,Clear,26.0,2086,4793,2206
Dwarka,2025-02-21,8,Friday,0,0,0,Clear,27.8,2206,5911,2731
Dwarka,2025-02-21,9,Friday,0,0,0,Clear,28.3,2731,5750,2166
Dwarka,2025-02-21,10,Friday,0,0,0,Clear,30.6,2166,5096,1765
Dwarka,2025-02-21,11,Friday,0,0,0,Clear,31.3,1765,4380,1460
Dwarka,2025-02-21,12,Friday,0,0,0,Clear,32.1,1460,3494,964
Dwarka,2025-02-21,13,Friday,0,0,0,Clear,32.9,964,3258,1161
Dwarka,2025-02-21,14,Friday,0,0,0,Clear,32.6,1161,3596,1481
Dwarka,2025-02-21,15,Friday,0,0,0,Clear,33.3,1481,3797,1494
Dwarka,2025-02-21,16,Friday,0,0,0,Clear,32.5,1494,4026,1607
Dwarka,2025-02-21,17,Friday,0,0,0,Clear,30.6,1607,4873,2230
Dwarka,2025-02-21,18,Friday,0,0,0,Clear,30.5,2230,5862,2568
Dwarka,2025-02-21,19,Friday,0,0,0,Clear,29.2,2568,5318,1882
Dwarka,2025-02-21,20,Friday,0,0,0,Clear,28.2,1882,4736,1726
Dwarka,2025-02-21,21,Friday,0,0,0,Clear,25.4,1726,3488,812
Dwarka,2025-02-21,22,Friday,0,0,0,Clear,25.8,812,2159,340
Dwarka,2025-02-21,23,Friday,0,0,0,Clear,25.1,340,1290,133
Dwarka,2025-02-22,0,Saturday,1,0,0,Clear,25.9,133,694,53
Dwarka,2025-02-22,1,Saturday,1,0,0,Clear,26.1,53,334,37
Dwarka,2025-02-22,2,Saturday,1,0,0,Clear,24.6,37,198,27
Dwarka,2025-02-22,3,Saturday,1,0,0,Clear,25.7,27,213,91
Dwarka,2025-02-22,4,Saturday,1,0,0,Clear,26.5,91,1002,671
Dwarka,2025-02-22,5,Saturday,1,0,0,Clear,26.0,671,2306,1320
Dwarka,2025-02-22,6,Saturday,1,0,0,Clear,29.0,1320,4498,2542
Dwarka,2025-02-22,7,Saturday,1,0,0,Clear,29.8,2542,5902,2834
Dwarka,2025-02-22,8,Saturday,1,0,0,Clear,29.3,2834,7193,3296
Dwarka,2025-02-22,9,Saturday,1,0,0,Clear,32.0,3296,6457,2204
Dwarka,2025-02-22,10,Saturday,1,0,0,Clear,31.8,2204,6971,2808
Dwarka,2025-02-22,11,Saturday,1,0,0,Clear,34.2,2808,6105,2165
Dwarka,2025-02-22,12,Saturday,1,0,0,Clear,35.2,2165,4568,1549
Dwarka,2025-02-22,13,Saturday,1,0,0,Clear,35.4,1549,3830,1229
Dwarka,2025-02-22,14,Saturday,1,0,0,Clear,36.7,1229,3546,1307
Dwarka,2025-02-22,15,Saturday,1,0,0,Clear,34.5,1307,4814,2321
Dwarka,2025-02-22,16,Saturday,1,0,0,Clear,34.9,2321,5808,2536
Dwarka,2025-02-22,17,Saturday,1,0,0,Clear,34.5,2536,8728,4353
Dwarka,2025-02-22,18,Saturday,1,0,0,Clear,33.0,4353,8438,3208
Dwarka,2025-02-22,19,Saturday,1,0,0,Clear,31.1,3208,8029,2830
Dwarka,2025-02-22,20,Saturday,1,0,0,Clear,30.2,2830,6734,1917
Dwarka,2025-02-22,21,Saturday,1,0,0,Clear,28.4,1917,4343,961
Dwarka,2025-02-22,22,Saturday,1,0,0,Clear,27.1,961,2794,553
Dwarka,2025-02-22,23,Saturday,1,0,0,Clear,26.8,553,1567,202
Dwarka,2025-02-23,0,Sunday,1,0,0,Sunny,24.7,202,847,77
Dwarka,2025-02-23,1,Sunday,1,0,0,Sunny,25.0,77,426,39
Dwarka,2025-02-23,2,Sunday,1,0,0,Sunny,24.0,39,256,42
Dwarka,2025-02-23,3,Sunday,1,0,0,Sunny,24.3,42,295,129
Dwarka,2025-02-23,4,Sunday,1,0,0,Sunny,24.5,129,1205,792
Dwarka,2025-02-23,5,Sunday,1,0,0,Sunny,25.2,792,2549,1458
Dwarka,2025-02-23,6,Sunday,1,0,0,Sunny,26.5,1458,5964,3577
Dwarka,2025-02-23,7,Sunday,1,0,0,Sunny,27.8,3577,9459,4986
Dwarka,2025-02-23,8,Sunday,1,0,0,Sunny,29.4,4986,9326,3772
Dwarka,2025-02-23,9,Sunday,1,0,0,Sunny,31.8,3772,9871,3974
Dwarka,2025-02-23,10,Sunday,1,0,0,Sunny,31.1,3974,9668,3449
Dwarka,2025-02-23,11,Sunday,1,0,0,Sunny,33.9,3449,8348,2940
Dwarka,2025-02-23,12,Sunday,1,0,0,Sunny,34.2,2940,6408,2045
Dwarka,2025-02-23,13,Sunday,1,0,0,Sunny,33.9,2045,5691,1837
Dwarka,2025-02-23,14,Sunday,1,0,0,Sunny,33.8,1837,5723,2206
Dwarka,2025-02-23,15,Sunday,1,0,0,Sunny,35.0,2206,6082,2405
Dwarka,2025-02-23,16,Sunday,1,0,0,Sunny,34.6,2405,7350,3280
Dwarka,2025-02-23,17,Sunday,1,0,0,Sunny,32.8,3280,10497,5178
Dwarka,2025-02-23,18,Sunday,1,0,0,Sunny,31.6,5178,10770,4222
Dwarka,2025-02-23,19,Sunday,1,0,0,Sunny,31.3,4222,9989,3216
Dwarka,2025-02-23,20,Sunday,1,0,0,Sunny,29.7,3216,8813,2994
Dwarka,2025-02-23,21,Sunday,1,0,0,Sunny,28.2,2994,6637,1623
Dwarka,2025-02-23,22,Sunday,1,0,0,Sunny,26.9,1623,4164,776
Dwarka,2025-02-23,23,Sunday,1,0,0,Sunny,25.9,776,2409,214
Dwarka,2025-02-24,0,Monday,0,0,0,Clear,20.3,214,1241,32
Dwarka,2025-02-24,1,Monday,0,0,0,Clear,19.8,32,606,26
Dwarka,2025-02-24,2,Monday,0,0,0,Clear,19.9,26,324,20
Dwarka,2025-02-24,3,Monday,0,0,0,Clear,20.0,20,238,54
Dwarka,2025-02-24,4,Monday,0,0,0,Clear,20.1,54,667,413
Dwarka,2025-02-24,5,Monday,0,0,0,Clear,21.4,413,1275,715
Dwarka,2025-02-24,6,Monday,0,0,0,Clear,22.4,715,3107,1846
Dwarka,2025-02-24,7,Monday,0,0,0,Clear,24.7,1846,4054,1920
Dwarka,2025-02-24,8,Monday,0,0,0,Clear,26.0,1920,4779,2145
Dwarka,2025-02-24,9,Monday,0,0,0,Clear,26.7,2145,4431,1752
Dwarka,2025-02-24,10,Monday,0,0,0,Clear,28.3,1752,4693,1756
Dwarka,2025-02-24,11,Monday,0,0,0,Clear,29.0,1756,4004,1228
Dwarka,2025-02-24,12,Monday,0,0,0,Clear,30.1,1228,3363,1071
Dwarka,2025-02-24,13,Monday,0,0,0,Clear,30.0,1071,2612,707
Dwarka,2025-02-24,14,Monday,0,0,0,Clear,29.4,707,2676,1026
Dwarka,2025-02-24,15,Monday,0,0,0,Clear,30.5,1026,3043,1230
Dwarka,2025-02-24,16,Monday,0,0,0,Clear,30.1,1230,3420,1483
Dwarka,2025-02-24,17,Monday,0,0,0,Clear,28.3,1483,4415,2115
Dwarka,2025-02-24,18,Monday,0,0,0,Clear,28.3,2115,5420,2514
Dwarka,2025-02-24,19,Monday,0,0,0,Clear,26.3,2514,5098,1764
Dwarka,2025-02-24,20,Monday,0,0,0,Clear,26.0,1764,3863,1078
Dwarka,2025-02-24,21,Monday,0,0,0,Clear,23.5,1078,2688,651
Dwarka,2025-02-24,22,Monday,0,0,0,Clear,22.7,651,1621,319
Dwarka,2025-02-24,23,Monday,0,0,0,Clear,23.1,319,936,114
Dwarka,2025-02-25,0,Tuesday,0,0,0,Clear,26.3,114,487,31
Dwarka,2025-02-25,1,Tuesday,0,0,0,Clear,25.3,31,267,18
Dwarka,2025-02-25,2,Tuesday,0,0,0,Clear,27.4,18,164,21
Dwarka,2025-02-25,3,Tuesday,0,0,0,Clear,26.3,21,151,50
Dwarka,2025-02-25,4,Tuesday,0,0,0,Clear,28.0,50,628,414
Dwarka,2025-02-25,5,Tuesday,0,0,0,Clear,27.7,414,1357,785
Dwarka,2025-02-25,6,Tuesday,0,0,0,Clear,29.1,785,2720,1508
Dwarka,2025-02-25,7,Tuesday,0,0,0,Clear,31.2,1508,3449,1654
Dwarka,2025-02-25,8,Tuesday,0,0,0,Clear,31.7,1654,4784,2347
Dwarka,2025-02-25,9,Tuesday,0,0,0,Clear,33.3,2347,4769,1815
Dwarka,2025-02-25,10,Tuesday,0,0,0,Clear,34.1,1815,3740,1268
Dwarka,2025-02-25,11,Tuesday,0,0,0,Clear,34.5,1268,3394,1111
Dwarka,2025-02-25,12,Tuesday,0,0,0,Clear,36.0,1111,2584,761
Dwarka,2025-02-25,13,Tuesday,0,0,0,Clear,37.0,761,2432,834
Dwarka,2025-02-25,14,Tuesday,0,0,0,Clear,37.1,834,2120,721
Dwarka,2025-02-25,15,Tuesday,0,0,0,Clear,37.7,721,2659,1274
Dwarka,2025-02-25,16,Tuesday,0,0,0,Clear,36.0,1274,3297,1533
Dwarka,2025-02-25,17,Tuesday,0,0,0,Clear,33.8,1533,4008,1843
Dwarka,2025-02-25,18,Tuesday,0,0,0,Clear,33.7,1843,4464,1891
Dwarka,2025-02-25,19,Tuesday,0,0,0,Clear,32.9,1891,4085,1456
Dwarka,2025-02-25,20,Tuesday,0,0,0,Clear,30.4,1456,3383,1261
Dwarka,2025-02-25,21,Tuesday,0,0,0,Clear,30.0,1261,2606,791
Dwarka,2025-02-25,22,Tuesday,0,0,0,Clear,29.3,791,1515,349
Dwarka,2025-02-25,23,Tuesday,0,0,0,Clear,27.7,349,820,72
Dwarka,2025-02-26,0,Wednesday,0,1,1,Clear,25.1,72,469,74
Dwarka,2025-02-26,1,Wednesday,0,1,1,Clear,22.4,74,290,33
Dwarka,2025-02-26,2,Wednesday,0,1,1,Clear,23.4,33,215,54
Dwarka,2025-02-26,3,Wednesday,0,1,1,Clear,23.5,54,238,102
Dwarka,2025-02-26,4,Wednesday,0,1,1,Clear,23.9,102,1130,743
Dwarka,2025-02-26,5,Wednesday,0,1,1,Clear,25.0,743,2632,1536
Dwarka,2025-02-26,6,Wednesday,0,1,1,Clear,25.2,1536,4604,2464
Dwarka,2025-02-26,7,Wednesday,0,1,1,Clear,26.9,2464,7475,3749
Dwarka,2025-02-26,8,Wednesday,0,1,1,Clear,28.7,3749,7433,2951
Dwarka,2025-02-26,9,Wednesday,0,1,1,Clear,30.0,2951,10537,4972
Dwarka,2025-02-26,10,Wednesday,0,1,1,Clear,30.7,4972,9506,3465
Dwarka,2025-02-26,11,Wednesday,0,1,1,Clear,32.4,3465,7776,2381
Dwarka,2025-02-26,12,Wednesday,0,1,1,Clear,33.8,2381,6553,2035
Dwarka,2025-02-26,13,Wednesday,0,1,1,Clear,33.4,2035,5832,2032
Dwarka,2025-02-26,14,Wednesday,0,1,1,Clear,34.2,2032,5255,1814
Dwarka,2025-02-26,15,Wednesday,0,1,1,Clear,33.4,1814,5807,2378
Dwarka,2025-02-26,16,Wednesday,0,1,1,Clear,31.9,2378,7778,3717
Dwarka,2025-02-26,17,Wednesday,0,1,1,Clear,32.6,3717,8139,3269
Dwarka,2025-02-26,18,Wednesday,0,1,1,Clear,31.1,3269,10071,4737
Dwarka,2025-02-26,19,Wednesday,0,1,1,Clear,30.4,4737,9664,3492
Dwarka,2025-02-26,20,Wednesday,0,1,1,Clear,28.2,3492,8701,3002
Dwarka,2025-02-26,21,Wednesday,0,1,1,Clear,26.4,3002,6276,1526
Dwarka,2025-02-26,22,Wednesday,0,1,1,Clear,26.2,1526,3892,749
Dwarka,2025-02-26,23,Wednesday,0,1,1,Clear,23.8,749,2082,209
Dwarka,2025-02-27,0,Thursday,0,0,0,Clear,26.7,209,1081,33
Dwarka,2025-02-27,1,Thursday,0,0,0,Clear,26.6,33,495,23
Dwarka,2025-02-27,2,Thursday,0,0,0,Clear,26.6,23,267,26
Dwarka,2025-02-27,3,Thursday,0,0,0,Clear,26.2,26,180,48
Dwarka,2025-02-27,4,Thursday,0,0,0,Clear,26.2,48,563,354
Dwarka,2025-02-27,5,Thursday,0,0,0,Clear,26.9,354,1269,740
Dwarka,2025-02-27,6,Thursday,0,0,0,Clear,28.1,740,2726,1553
Dwarka,2025-02-27,7,Thursday,0,0,0,Clear,31.2,1553,4157,2098
Dwarka,2025-02-27,8,Thursday,0,0,0,Clear,30.8,2098,4817,2066
Dwarka,2025-02-27,9,Thursday,0,0,0,Clear,32.2,2066,4788,1954
Dwarka,2025-02-27,10,Thursday,0,0,0,Clear,33.6,1954,4443,1613
Dwarka,2025-02-27,11,Thursday,0,0,0,Clear,34.8,1613,3689,1219
Dwarka,2025-02-27,12,Thursday,0,0,0,Clear,36.4,1219,2829,763
Dwarka,2025-02-27,13,Thursday,0,0,0,Clear,36.5,763,2271,673
Dwarka,2025-02-27,14,Thursday,0,0,0,Clear,35.9,673,2490,1083
Dwarka,2025-02-27,15,Thursday,0,0,0,Clear,35.8,1083,2496,1024
Dwarka,2025-02-27,16,Thursday,0,0,0,Clear,36.7,1024,3458,1668
Dwarka,2025-02-27,17,Thursday,0,0,0,Clear,34.5,1668,4513,2164
Dwarka,2025-02-27,18,Thursday,0,0,0,Clear,34.3,2164,4652,1893
Dwarka,2025-02-27,19,Thursday,0,0,0,Clear,33.0,1893,4882,1913
Dwarka,2025-02-27,20,Thursday,0,0,0,Clear,30.5,1913,4017,1226
Dwarka,2025-02-27,21,Thursday,0,0,0,Clear,29.3,1226,2898,890
Dwarka,2025-02-27,22,Thursday,0,0,0,Clear,28.1,890,1604,304
Dwarka,2025-02-27,23,Thursday,0,0,0,Clear,26.6,304,928,116
Dwarka,2025-02-28,0,Friday,0,0,0,Sunny,25.2,116,500,39
Dwarka,2025-02-28,1,Friday,0,0,0,Sunny,22.8,39,270,21
Dwarka,2025-02-28,2,Friday,0,0,0,Sunny,24.6,21,159,26
Dwarka,2025-02-28,3,Friday,0,0,0,Sunny,24.9,26,182,76
Dwarka,2025-02-28,4,Friday,0,0,0,Sunny,25.5,76,651,414
Dwarka,2025-02-28,5,Friday,0,0,0,Sunny,25.8,414,1680,1009
Dwarka,2025-02-28,6,Friday,0,0,0,Sunny,26.8,1009,2882,1540
Dwarka,2025-02-28,7,Friday,0,0,0,Sunny,28.7,1540,4199,2040
Dwarka,2025-02-28,8,Friday,0,0,0,Sunny,29.9,2040,5204,2258
Dwarka,2025-02-28,9,Friday,0,0,0,Sunny,30.6,2258,5930,2502
Dwarka,2025-02-28,10,Friday,0,0,0,Sunny,32.1,2502,4983,1592
Dwarka,2025-02-28,11,Friday,0,0,0,Sunny,33.0,1592,4055,1251
Dwarka,2025-02-28,12,Friday,0,0,0,Sunny,33.5,1251,3540,1086
Dwarka,2025-02-28,13,Friday,0,0,0,Sunny,33.8,1086,3156,1087
Dwarka,2025-02-28,14,Friday,0,0,0,Sunny,34.1,1087,3071,1178
Dwarka,2025-02-28,15,Friday,0,0,0,Sunny,34.5,1178,3204,1326
Dwarka,2025-02-28,16,Friday,0,0,0,Sunny,34.4,1326,3820,1772
Dwarka,2025-02-28,17,Friday,0,0,0,Sunny,33.5,1772,4387,1970
Dwarka,2025-02-28,18,Friday,0,0,0,Sunny,32.8,1970,4747,2137
Dwarka,2025-02-28,19,Friday,0,0,0,Sunny,31.2,2137,4889,1952
Dwarka,2025-02-28,20,Friday,0,0,0,Sunny,29.3,1952,4366,1561
Dwarka,2025-02-28,21,Friday,0,0,0,Sunny,29.0,1561,3144,742
Dwarka,2025-02-28,22,Friday,0,0,0,Sunny,27.2,742,1899,346
Dwarka,2025-02-28,23,Friday,0,0,0,Sunny,26.3,346,1035,112
Dwarka,2025-03-01,0,Saturday,1,0,0,Clear,26.6,112,571,65
Dwarka,2025-03-01,1,Saturday,1,0,0,Clear,26.9,65,331,36
Dwarka,2025-03-01,2,Saturday,1,0,0,Clear,28.1,36,205,29
Dwarka,2025-03-01,3,Saturday,1,0,0,Clear,27.6,29,220,87
Dwarka,2025-03-01,4,Saturday,1,0,0,Clear,28.2,87,820,522
Dwarka,2025-03-01,5,Saturday,1,0,0,Clear,27.5,522,1944,1152
Dwarka,2025-03-01,6,Saturday,1,0,0,Clear,30.7,1152,4023,2290
Dwarka,2025-03-01,7,Saturday,1,0,0,Clear,31.7,2290,5713,2886
Dwarka,2025-03-01,8,Saturday,1,0,0,Clear,31.9,2886,7933,3838
Dwarka,2025-03-01,9,Saturday,1,0,0,Clear,34.7,3838,7969,3173
Dwarka,2025-03-01,10,Saturday,1,0,0,Clear,34.8,3173,6700,2224
Dwarka,2025-03-01,11,Saturday,1,0,0,Clear,38.0,2224,6442,2287
Dwarka,2025-03-01,12,Saturday,1,0,0,Clear,36.4,2287,5557,1700
Dwarka,2025-03-01,13,Saturday,1,0,0,Clear,38.0,1700,4542,1535
Dwarka,2025-03-01,14,Saturday,1,0,0,Clear,36.8,1535,3867,1326
Dwarka,2025-03-01,15,Saturday,1,0,0,Clear,37.5,1326,4491,1809
Dwarka,2025-03-01,16,Saturday,1,0,0,Clear,37.9,1809,5809,2550
Dwarka,2025-03-01,17,Saturday,1,0,0,Clear,36.8,2550,6560,3001
Dwarka,2025-03-01,18,Saturday,1,0,0,Clear,34.7,3001,7470,3177
Dwarka,2025-03-01,19,Saturday,1,0,0,Clear,33.6,3177,7509,2837
Dwarka,2025-03-01,20,Saturday,1,0,0,Clear,31.5,2837,6521,2219
Dwarka,2025-03-01,21,Saturday,1,0,0,Clear,31.0,2219,4804,1382
Dwarka,2025-03-01,22,Saturday,1,0,0,Clear,29.4,1382,2950,521
Dwarka,2025-03-01,23,Saturday,1,0,0,Clear,29.0,521,1594,161
Dwarka,2025-03-02,0,Sunday,1,0,0,Sunny,22.1,161,942,75
Dwarka,2025-03-02,1,Sunday,1,0,0,Sunny,21.8,75,563,54
Dwarka,2025-03-02,2,Sunday,1,0,0,Sunny,22.3,54,342,47
Dwarka,2025-03-02,3,Sunday,1,0,0,Sunny,21.1,47,304,107
Dwarka,2025-03-02,4,Sunday,1,0,0,Sunny,23.7,107,1151,749
Dwarka,2025-03-02,5,Sunday,1,0,0,Sunny,22.6,749,3112,1893
Dwarka,2025-03-02,6,Sunday,1,0,0,Sunny,24.9,1893,6052,3453
Dwarka,2025-03-02,7,Sunday,1,0,0,Sunny,25.1,3453,9254,4725
Dwarka,2025-03-02,8,Sunday,1,0,0,Sunny,27.6,4725,10014,4287
Dwarka,2025-03-02,9,Sunday,1,0,0,Sunny,28.1,4287,9350,3466
Dwarka,2025-03-02,10,Sunday,1,0,0,Sunny,29.6,3466,8872,3512
Dwarka,2025-03-02,11,Sunday,1,0,0,Sunny,30.6,3512,7535,2529
Dwarka,2025-03-02,12,Sunday,1,0,0,Sunny,31.5,2529,6252,1767
Dwarka,2025-03-02,13,Sunday,1,0,0,Sunny,32.7,1767,5496,1903
Dwarka,2025-03-02,14,Sunday,1,0,0,Sunny,31.6,1903,5352,2025
Dwarka,2025-03-02,15,Sunday,1,0,0,Sunny,31.6,2025,5607,2254
Dwarka,2025-03-02,16,Sunday,1,0,0,Sunny,31.2,2254,7797,3716
Dwarka,2025-03-02,17,Sunday,1,0,0,Sunny,31.3,3716,8746,3651
Dwarka,2025-03-02,18,Sunday,1,0,0,Sunny,29.1,3651,9473,3974
Dwarka,2025-03-02,19,Sunday,1,0,0,Sunny,28.9,3974,9776,3610
Dwarka,2025-03-02,20,Sunday,1,0,0,Sunny,27.2,3610,8611,2701
Dwarka,2025-03-02,21,Sunday,1,0,0,Sunny,25.8,2701,6511,1477
Dwarka,2025-03-02,22,Sunday,1,0,0,Sunny,24.4,1477,3949,709
Dwarka,2025-03-02,23,Sunday,1,0,0,Sunny,23.9,709,2294,251
Dwarka,2025-03-03,0,Monday,0,0,0,Clear,19.3,251,1200,36
Dwarka,2025-03-03,1,Monday,0,0,0,Clear,19.0,36,618,19
Dwarka,2025-03-03,2,Monday,0,0,0,Clear,19.0,19,320,22
Dwarka,2025-03-03,3,Monday,0,0,0,Clear,19.8,22,232,52
Dwarka,2025-03-03,4,Monday,0,0,0,Clear,19.3,52,709,434
Dwarka,2025-03-03,5,Monday,0,0,0,Clear,19.8,434,1540,854
Dwarka,2025-03-03,6,Monday,0,0,0,Clear,21.5,854,2788,1496
Dwarka,2025-03-03,7,Monday,0,0,0,Clear,22.8,1496,3471,1524
Dwarka,2025-03-03,8,Monday,0,0,0,Clear,22.9,1524,4380,1936
Dwarka,2025-03-03,9,Monday,0,0,0,Clear,25.3,1936,4449,1670
Dwarka,2025-03-03,10,Monday,0,0,0,Clear,26.2,1670,3960,1330
Dwarka,2025-03-03,11,Monday,0,0,0,Clear,27.7,1330,3433,1090
Dwarka,2025-03-03,12,Monday,0,0,0,Clear,29.0,1090,2762,843
Dwarka,2025-03-03,13,Monday,0,0,0,Clear,29.5,843,2506,888
Dwarka,2025-03-03,14,Monday,0,0,0,Clear,29.8,888,2607,1001
Dwarka,2025-03-03,15,Monday,0,0,0,Clear,29.2,1001,2687,1085
Dwarka,2025-03-03,16,Monday,0,0,0,Clear,28.9,1085,3937,1984
Dwarka,2025-03-03,17,Monday,0,0,0,Clear,28.3,1984,4471,1904
Dwarka,2025-03-03,18,Monday,0,0,0,Clear,27.7,1904,5187,2351
Dwarka,2025-03-03,19,Monday,0,0,0,Clear,25.1,2351,5270,2046
Dwarka,2025-03-03,20,Monday,0,0,0,Clear,23.4,2046,4233,1196
Dwarka,2025-03-03,21,Monday,0,0,0,Clear,23.4,1196,3326,772
Dwarka,2025-03-03,22,Monday,0,0,0,Clear,22.0,772,1963,320
Dwarka,2025-03-03,23,Monday,0,0,0,Clear,19.8,320,1074,115
Dwarka,2025-03-04,0,Tuesday,0,0,0,Sunny,25.3,115,533,26
Dwarka,2025-03-04,1,Tuesday,0,0,0,Sunny,25.2,26,296,19
Dwarka,2025-03-04,2,Tuesday,0,0,0,Sunny,24.5,19,164,20
Dwarka,2025-03-04,3,Tuesday,0,0,0,Sunny,24.4,20,153,52
Dwarka,2025-03-04,4,Tuesday,0,0,0,Sunny,24.4,52,537,343
Dwarka,2025-03-04,5,Tuesday,0,0,0,Sunny,26.2,343,1160,681
Dwarka,2025-03-04,6,Tuesday,0,0,0,Sunny,27.3,681,2130,1139
Dwarka,2025-03-04,7,Tuesday,0,0,0,Sunny,28.0,1139,2927,1429
Dwarka,2025-03-04,8,Tuesday,0,0,0,Sunny,29.7,1429,3777,1756
Dwarka,2025-03-04,9,Tuesday,0,0,0,Sunny,31.3,1756,3929,1630
Dwarka,2025-03-04,10,Tuesday,0,0,0,Sunny,31.9,1630,4311,1679
Dwarka,2025-03-04,11,Tuesday,0,0,0,Sunny,32.0,1679,3887,1327
Dwarka,2025-03-04,12,Tuesday,0,0,0,Sunny,34.6,1327,2724,758
Dwarka,2025-03-04,13,Tuesday,0,0,0,Sunny,34.9,758,2071,633
Dwarka,2025-03-04,14,Tuesday,0,0,0,Sunny,33.9,633,2250,925
Dwarka,2025-03-04,15,Tuesday,0,0,0,Sunny,35.0,925,2685,1206
Dwarka,2025-03-04,16,Tuesday,0,0,0,Sunny,34.0,1206,3138,1380
Dwarka,2025-03-04,17,Tuesday,0,0,0,Sunny,32.6,1380,4164,1909
Dwarka,2025-03-04,18,Tuesday,0,0,0,Sunny,31.6,1909,5116,2301
Dwarka,2025-03-04,19,Tuesday,0,0,0,Sunny,31.0,2301,4016,1320
Dwarka,2025-03-04,20,Tuesday,0,0,0,Sunny,29.6,1320,3665,1335
Dwarka,2025-03-04,21,Tuesday,0,0,0,Sunny,29.1,1335,2724,774
Dwarka,2025-03-04,22,Tuesday,0,0,0,Sunny,26.9,774,1778,409
Dwarka,2025-03-04,23,Tuesday,0,0,0,Sunny,26.1,409,1015,97
Dwarka,2025-03-05,0,Wednesday,0,0,0,Clear,27.4,97,543,40
Dwarka,2025-03-05,1,Wednesday,0,0,0,Clear,26.7,40,287,19
Dwarka,2025-03-05,2,Wednesday,0,0,0,Clear,25.9,19,177,23
Dwarka,2025-03-05,3,Wednesday,0,0,0,Clear,26.1,23,175,62
Dwarka,2025-03-05,4,Wednesday,0,0,0,Clear,27.2,62,540,340
Dwarka,2025-03-05,5,Wednesday,0,0,0,Clear,27.1,340,1417,869
Dwarka,2025-03-05,6,Wednesday,0,0,0,Clear,29.1,869,2363,1226
Dwarka,2025-03-05,7,Wednesday,0,0,0,Clear,29.9,1226,3984,2063
Dwarka,2025-03-05,8,Wednesday,0,0,0,Clear,32.1,2063,5003,2279
Dwarka,2025-03-05,9,Wednesday,0,0,0,Clear,31.9,2279,4181,1504
Dwarka,2025-03-05,10,Wednesday,0,0,0,Clear,33.3,1504,3922,1460
Dwarka,2025-03-05,11,Wednesday,0,0,0,Clear,34.9,1460,3558,1262
Dwarka,2025-03-05,12,Wednesday,0,0,0,Clear,35.1,1262,2741,822
Dwarka,2025-03-05,13,Wednesday,0,0,0,Clear,36.2,822,2445,850
Dwarka,2025-03-05,14,Wednesday,0,0,0,Clear,37.6,850,2549,1044
Dwarka,2025-03-05,15,Wednesday,0,0,0,Clear,35.7,1044,2820,1130
Dwarka,2025-03-05,16,Wednesday,0,0,0,Clear,35.5,1130,3693,1672
Dwarka,2025-03-05,17,Wednesday,0,0,0,Clear,34.5,1672,4152,1716
Dwarka,2025-03-05,18,Wednesday,0,0,0,Clear,34.0,1716,4465,1857
Dwarka,2025-03-05,19,Wednesday,0,0,0,Clear,32.6,1857,4076,1371
Dwarka,2025-03-05,20,Wednesday,0,0,0,Clear,31.0,1371,3153,888
Dwarka,2025-03-05,21,Wednesday,0,0,0,Clear,29.5,888,2665,886
Dwarka,2025-03-05,22,Wednesday,0,0,0,Clear,28.0,886,1682,330
Dwarka,2025-03-05,23,Wednesday,0,0,0,Clear,27.1,330,914,110
Dwarka,2025-03-06,0,Thursday,0,0,0,Rainy,24.4,110,493,31
Dwarka,2025-03-06,1,Thursday,0,0,0,Rainy,24.6,31,266,17
Dwarka,2025-03-06,2,Thursday,0,0,0,Rainy,25.2,17,150,15
Dwarka,2025-03-06,3,Thursday,0,0,0,Rainy,24.5,15,128,41
Dwarka,2025-03-06,4,Thursday,0,0,0,Heavy Rain,25.3,41,302,177
Dwarka,2025-03-06,5,Thursday,0,0,0,Heavy Rain,25.3,177,541,295
Dwarka,2025-03-06,6,Thursday,0,0,0,Heavy Rain,28.3,295,1018,564
Dwarka,2025-03-06,7,Thursday,0,0,0,Heavy Rain,28.2,564,1487,736
Dwarka,2025-03-06,8,Thursday,0,0,0,Heavy Rain,30.7,736,1905,904
Dwarka,2025-03-06,9,Thursday,0,0,0,Heavy Rain,32.9,904,1928,770
Dwarka,2025-03-06,10,Thursday,0,0,0,Heavy Rain,33.3,770,1829,612
Dwarka,2025-03-06,11,Thursday,0,0,0,Heavy Rain,33.1,612,1739,631
Dwarka,2025-03-06,12,Thursday,0,0,0,Heavy Rain,35.2,631,1415,465
Dwarka,2025-03-06,13,Thursday,0,0,0,Heavy Rain,35.7,465,1012,273
Dwarka,2025-03-06,14,Thursday,0,0,0,Heavy Rain,34.6,273,1051,418
Dwarka,2025-03-06,15,Thursday,0,0,0,Heavy Rain,34.8,418,1219,518
Dwarka,2025-03-06,16,Thursday,0,0,0,Heavy Rain,34.8,518,1671,765
Dwarka,2025-03-06,17,Thursday,0,0,0,Heavy Rain,33.6,765,1882,782
Dwarka,2025-03-06,18,Thursday,0,0,0,Heavy Rain,31.8,782,2070,831
Dwarka,2025-03-06,19,Thursday,0,0,0,Heavy Rain,31.2,831,1784,640
Dwarka,2025-03-06,20,Thursday,0,0,0,Heavy Rain,29.9,640,1763,636
Dwarka,2025-03-06,21,Thursday,0,0,0,Heavy Rain,28.6,636,1398,412
Dwarka,2025-03-06,22,Thursday,0,0,0,Rainy,27.2,412,906,185
Dwarka,2025-03-06,23,Thursday,0,0,0,Rainy,26.7,185,553,101
Dwarka,2025-03-07,0,Friday,0,0,0,Clear,21.0,101,324,43
Dwarka,2025-03-07,1,Friday,0,0,0,Clear,19.0,43,197,26
Dwarka,2025-03-07,2,Friday,0,0,0,Clear,19.5,26,123,25
Dwarka,2025-03-07,3,Friday,0,0,0,Clear,19.0,25,156,72
Dwarka,2025-03-07,4,Friday,0,0,0,Clear,21.7,72,736,491
Dwarka,2025-03-07,5,Friday,0,0,0,Clear,21.6,491,1741,1015
Dwarka,2025-03-07,6,Friday,0,0,0,Clear,22.9,1015,3456,1950
Dwarka,2025-03-07,7,Friday,0,0,0,Clear,23.4,1950,4557,2134
Dwarka,2025-03-07,8,Friday,0,0,0,Clear,24.6,2134,4927,1993
Dwarka,2025-03-07,9,Friday,0,0,0,Clear,26.4,1993,5085,2046
Dwarka,2025-03-07,10,Friday,0,0,0,Clear,28.9,2046,5072,2061
Dwarka,2025-03-07,11,Friday,0,0,0,Clear,28.7,2061,4683,1611
Dwarka,2025-03-07,12,Friday,0,0,0,Clear,29.8,1611,3363,883
Dwarka,2025-03-07,13,Friday,0,0,0,Clear,30.1,883,2987,915
Dwarka,2025-03-07,14,Friday,0,0,0,Clear,30.2,915,2710,951
Dwarka,2025-03-07,15,Friday,0,0,0,Clear,31.0,951,2975,1170
Dwarka,2025-03-07,16,Friday,0,0,0,Clear,29.8,1170,3582,1680
Dwarka,2025-03-07,17,Friday,0,0,0,Clear,29.5,1680,4746,2231
Dwarka,2025-03-07,18,Friday,0,0,0,Clear,27.4,2231,5428,2374
Dwarka,2025-03-07,19,Friday,0,0,0,Clear,26.6,2374,4927,1868
Dwarka,2025-03-07,20,Friday,0,0,0,Clear,27.0,1868,4127,1289
Dwarka,2025-03-07,21,Friday,0,0,0,Clear,22.9,1289,2932,697
Dwarka,2025-03-07,22,Friday,0,0,0,Clear,22.8,697,2032,442
Dwarka,2025-03-07,23,Friday,0,0,0,Clear,21.5,442,1201,113
Dwarka,2025-03-08,0,Saturday,1,0,0,Clear,25.4,113,639,54
Dwarka,2025-03-08,1,Saturday,1,0,0,Clear,25.4,54,356,39
Dwarka,2025-03-08,2,Saturday,1,0,0,Clear,24.6,39,236,42
Dwarka,2025-03-08,3,Saturday,1,0,0,Clear,24.9,42,212,72
Dwarka,2025-03-08,4,Saturday,1,0,0,Clear,25.8,72,701,443
Dwarka,2025-03-08,5,Saturday,1,0,0,Clear,26.0,443,2056,1285
Dwarka,2025-03-08,6,Saturday,1,0,0,Clear,27.3,1285,4756,2808
Dwarka,2025-03-08,7,Saturday,1,0,0,Clear,29.2,2808,6036,2716
Dwarka,2025-03-08,8,Saturday,1,0,0,Clear,30.0,2716,7483,3396
Dwarka,2025-03-08,9,Saturday,1,0,0,Clear,31.7,3396,6218,2134
Dwarka,2025-03-08,10,Saturday,1,0,0,Clear,32.8,2134,5508,1928
Dwarka,2025-03-08,11,Saturday,1,0,0,Clear,33.6,1928,5027,1833
Dwarka,2025-03-08,12,Saturday,1,0,0,Clear,34.7,1833,4442,1589
Dwarka,2025-03-08,13,Saturday,1,0,0,Clear,34.7,1589,3397,1128
Dwarka,2025-03-08,14,Saturday,1,0,0,Clear,35.3,1128,3973,1674
Dwarka,2025-03-08,15,Saturday,1,0,0,Clear,34.5,1674,4158,1666
Dwarka,2025-03-08,16,Saturday,1,0,0,Clear,35.0,1666,5535,2600
Dwarka,2025-03-08,17,Saturday,1,0,0,Clear,34.4,2600,6541,2899
Dwarka,2025-03-08,18,Saturday,1,0,0,Clear,33.6,2899,7466,3352
Dwarka,2025-03-08,19,Saturday,1,0,0,Clear,30.9,3352,7044,2516
Dwarka,2025-03-08,20,Saturday,1,0,0,Clear,29.4,2516,6202,2182
Dwarka,2025-03-08,21,Saturday,1,0,0,Clear,27.3,2182,4724,1278
Dwarka,2025-03-08,22,Saturday,1,0,0,Clear,27.7,1278,2837,487
Dwarka,2025-03-08,23,Saturday,1,0,0,Clear,26.5,487,1647,211
Dwarka,2025-03-09,0,Sunday,1,0,0,Clear,26.4,211,933,79
Dwarka,2025-03-09,1,Sunday,1,0,0,Clear,27.2,79,523,46
Dwarka,2025-03-09,2,Sunday,1,0,0,Clear,27.1,46,340,57
Dwarka,2025-03-09,3,Sunday,1,0,0,Clear,26.8,57,301,101
Dwarka,2025-03-09,4,Sunday,1,0,0,Clear,27.4,101,1368,899
Dwarka,2025-03-09,5,Sunday,1,0,0,Clear,28.1,899,3673,2277
Dwarka,2025-03-09,6,Sunday,1,0,0,Clear,29.5,2277,5502,2894
Dwarka,2025-03-09,7,Sunday,1,0,0,Clear,30.4,2894,7166,3368
Dwarka,2025-03-09,8,Sunday,1,0,0,Clear,31.9,3368,9920,4992
Dwarka,2025-03-09,9,Sunday,1,0,0,Clear,33.7,4992,10324,3939
Dwarka,2025-03-09,10,Sunday,1,0,0,Clear,34.2,3939,8454,2815
Dwarka,2025-03-09,11,Sunday,1,0,0,Clear,34.8,2815,8237,2874
Dwarka,2025-03-09,12,Sunday,1,0,0,Clear,36.0,2874,6401,2036
Dwarka,2025-03-09,13,Sunday,1,0,0,Clear,37.0,2036,5267,1790
Dwarka,2025-03-09,14,Sunday,1,0,0,Clear,37.0,1790,5107,2185
Dwarka,2025-03-09,15,Sunday,1,0,0,Clear,37.7,2185,6195,2708
Dwarka,2025-03-09,16,Sunday,1,0,0,Clear,36.1,2708,6809,2782
Dwarka,2025-03-09,17,Sunday,1,0,0,Clear,35.5,2782,9201,4263
Dwarka,2025-03-09,18,Sunday,1,0,0,Clear,34.9,4263,12272,5794
Dwarka,2025-03-09,19,Sunday,1,0,0,Clear,32.8,5794,10996,3691
Dwarka,2025-03-09,20,Sunday,1,0,0,Clear,32.5,3691,8485,2374
Dwarka,2025-03-09,21,Sunday,1,0,0,Clear,31.4,2374,6429,1605
Dwarka,2025-03-09,22,Sunday,1,0,0,Clear,29.5,1605,4033,794
Dwarka,2025-03-09,23,Sunday,1,0,0,Clear,27.6,794,2107,237
Dwarka,2025-03-10,0,Monday,0,0,0,Cloudy,21.9,237,1088,33
Dwarka,2025-03-10,1,Monday,0,0,0,Cloudy,21.0,33,544,19
Dwarka,2025-03-10,2,Monday,0,0,0,Cloudy,21.5,19,304,21
Dwarka,2025-03-10,3,Monday,0,0,0,Cloudy,20.8,21,208,44
Dwarka,2025-03-10,4,Monday,0,0,0,Cloudy,20.9,44,616,385
Dwarka,2025-03-10,5,Monday,0,0,0,Cloudy,20.9,385,1304,748
Dwarka,2025-03-10,6,Monday,0,0,0,Cloudy,23.4,748,3063,1773
Dwarka,2025-03-10,7,Monday,0,0,0,Cloudy,24.5,1773,3588,1591
Dwarka,2025-03-10,8,Monday,0,0,0,Cloudy,25.5,1591,4217,1811
Dwarka,2025-03-10,9,Monday,0,0,0,Cloudy,27.1,1811,4636,1858
Dwarka,2025-03-10,10,Monday,0,0,0,Cloudy,27.4,1858,4381,1654
Dwarka,2025-03-10,11,Monday,0,0,0,Cloudy,28.5,1654,3978,1294
Dwarka,2025-03-10,12,Monday,0,0,0,Cloudy,30.2,1294,3083,847
Dwarka,2025-03-10,13,Monday,0,0,0,Cloudy,30.5,847,2260,646
Dwarka,2025-03-10,14,Monday,0,0,0,Cloudy,30.5,646,2351,906
Dwarka,2025-03-10,15,Monday,0,0,0,Rainy,30.4,906,2484,928
Dwarka,2025-03-10,16,Monday,0,0,0,Cloudy,29.9,928,3866,2028
Dwarka,2025-03-10,17,Monday,0,0,0,Cloudy,29.5,2028,4025,1706
Dwarka,2025-03-10,18,Monday,0,0,0,Cloudy,27.4,1706,4472,1853
Dwarka,2025-03-10,19,Monday,0,0,0,Cloudy,26.4,1853,4617,1728
Dwarka,2025-03-10,20,Monday,0,0,0,Cloudy,25.3,1728,4281,1626
Dwarka,2025-03-10,21,Monday,0,0,0,Cloudy,23.9,1626,3087,693
Dwarka,2025-03-10,22,Monday,0,0,0,Cloudy,21.4,693,1833,266
Dwarka,2025-03-10,23,Monday,0,0,0,Cloudy,22.5,266,968,109
Dwarka,2025-03-11,0,Tuesday,0,0,0,Rainy,19.4,109,489,29
Dwarka,2025-03-11,1,Tuesday,0,0,0,Rainy,19.0,29,272,19
Dwarka,2025-03-11,2,Tuesday,0,0,0,Rainy,20.2,19,140,14
Dwarka,2025-03-11,3,Tuesday,0,0,0,Rainy,19.7,14,124,41
Dwarka,2025-03-11,4,Tuesday,0,0,0,Rainy,21.0,41,364,224
Dwarka,2025-03-11,5,Tuesday,0,0,0,Rainy,20.3,224,1056,656
Dwarka,2025-03-11,6,Tuesday,0,0,0,Rainy,21.6,656,1807,990
Dwarka,2025-03-11,7,Tuesday,0,0,0,Rainy,23.3,990,2553,1223
Dwarka,2025-03-11,8,Tuesday,0,0,0,Rainy,25.1,1223,3662,1788
Dwarka,2025-03-11,9,Tuesday,0,0,0,Rainy,26.3,1788,3783,1541
Dwarka,2025-03-11,10,Tuesday,0,0,0,Rainy,26.4,1541,3215,1132
Dwarka,2025-03-11,11,Tuesday,0,0,0,Rainy,29.9,1132,3170,1081
Dwarka,2025-03-11,12,Tuesday,0,0,0,Rainy,29.3,1081,2398,675
Dwarka,2025-03-11,13,Tuesday,0,0,0,Rainy,30.3,675,1650,478
Dwarka,2025-03-11,14,Tuesday,0,0,0,Rainy,29.4,478,1625,563
Dwarka,2025-03-11,15,Tuesday,0,0,0,Rainy,30.4,563,2032,973
Dwarka,2025-03-11,16,Tuesday,0,0,0,Heavy Rain,29.0,973,1765,587
Dwarka,2025-03-11,17,Tuesday,0,0,0,Heavy Rain,28.3,587,1949,855
Dwarka,2025-03-11,18,Tuesday,0,0,0,Rainy,27.2,855,2872,1418
Dwarka,2025-03-11,19,Tuesday,0,0,0,Rainy,25.9,1418,2962,1184
Dwarka,2025-03-11,20,Tuesday,0,0,0,Rainy,25.9,1184,2564,901
Dwarka,2025-03-11,21,Tuesday,0,0,0,Rainy,23.7,901,1877,543
Dwarka,2025-03-11,22,Tuesday,0,0,0,Rainy,23.4,543,1190,227
Dwarka,2025-03-11,23,Tuesday,0,0,0,Rainy,21.1,227,654,97
Dwarka,2025-03-12,0,Wednesday,0,0,0,Clear,20.8,97,370,40
Dwarka,2025-03-12,1,Wednesday,0,0,0,Clear,19.4,40,205,19
Dwarka,2025-03-12,2,Wednesday,0,0,0,Clear,20.8,19,129,20
Dwarka,2025-03-12,3,Wednesday,0,0,0,Clear,19.3,20,118,43
Dwarka,2025-03-12,4,Wednesday,0,0,0,Clear,21.5,43,550,365
Dwarka,2025-03-12,5,Wednesday,0,0,0,Clear,21.7,365,1452,886
Dwarka,2025-03-12,6,Wednesday,0,0,0,Clear,23.0,886,2471,1263
Dwarka,2025-03-12,7,Wednesday,0,0,0,Clear,23.4,1263,3353,1581
Dwarka,2025-03-12,8,Wednesday,0,0,0,Clear,25.3,1581,4313,1989
Dwarka,2025-03-12,9,Wednesday,0,0,0,Clear,25.9,1989,4959,2071
Dwarka,2025-03-12,10,Wednesday,0,0,0,Clear,28.7,2071,4265,1359
Dwarka,2025-03-12,11,Wednesday,0,0,0,Clear,29.0,1359,4003,1361
Dwarka,2025-03-12,12,Wednesday,0,0,0,Clear,29.9,1361,3023,689
Dwarka,2025-03-12,13,Wednesday,0,0,0,Clear,30.6,689,2389,673
Dwarka,2025-03-12,14,Wednesday,0,0,0,Clear,29.6,673,2410,998
Dwarka,2025-03-12,15,Wednesday,0,0,0,Clear,30.2,998,2798,1171
Dwarka,2025-03-12,16,Wednesday,0,0,0,Clear,29.8,1171,3525,1618
Dwarka,2025-03-12,17,Wednesday,0,0,0,Clear,28.9,1618,4214,1880
Dwarka,2025-03-12,18,Wednesday,0,0,0,Clear,26.8,1880,4530,1839
Dwarka,2025-03-12,19,Wednesday,0,0,0,Clear,26.4,1839,4332,1624
Dwarka,2025-03-12,20,Wednesday,0,0,0,Clear,24.7,1624,3627,1170
Dwarka,2025-03-12,21,Wednesday,0,0,0,Clear,23.9,1170,2750,759
Dwarka,2025-03-12,22,Wednesday,0,0,0,Clear,22.0,759,1845,262
Dwarka,2025-03-12,23,Wednesday,0,0,0,Clear,20.8,262,1039,97
Dwarka,2025-03-13,0,Thursday,0,0,0,Cloudy,26.0,97,543,32
Dwarka,2025-03-13,1,Thursday,0,0,0,Cloudy,25.6,32,303,21
Dwarka,2025-03-13,2,Thursday,0,0,0,Cloudy,25.6,21,182,21
Dwarka,2025-03-13,3,Thursday,0,0,0,Cloudy,26.3,21,165,63
Dwarka,2025-03-13,4,Thursday,0,0,0,Cloudy,26.8,63,601,389
Dwarka,2025-03-13,5,Thursday,0,0,0,Cloudy,27.3,389,1466,881
Dwarka,2025-03-13,6,Thursday,0,0,0,Cloudy,28.5,881,2760,1551
Dwarka,2025-03-13,7,Thursday,0,0,0,Cloudy,29.4,1551,3734,1824
Dwarka,2025-03-13,8,Thursday,0,0,0,Cloudy,30.3,1824,4408,1884
Dwarka,2025-03-13,9,Thursday,0,0,0,Cloudy,32.6,1884,4264,1540
Dwarka,2025-03-13,10,Thursday,0,0,0,Cloudy,32.9,1540,3621,1194
Dwarka,2025-03-13,11,Thursday,0,0,0,Cloudy,35.2,1194,3477,1288
Dwarka,2025-03-13,12,Thursday,0,0,0,Cloudy,35.1,1288,2745,790
Dwarka,2025-03-13,13,Thursday,0,0,0,Cloudy,35.2,790,2242,695
Dwarka,2025-03-13,14,Thursday,0,0,0,Cloudy,35.3,695,2183,795
Dwarka,2025-03-13,15,Thursday,0,0,0,Cloudy,35.8,795,2862,1376
Dwarka,2025-03-13,16,Thursday,0,0,0,Cloudy,35.5,1376,3275,1415
Dwarka,2025-03-13,17,Thursday,0,0,0,Rainy,36.5,1415,4068,1746
Dwarka,2025-03-13,18,Thursday,0,0,0,Cloudy,33.4,1746,4906,2028
Dwarka,2025-03-13,19,Thursday,0,0,0,Cloudy,32.9,2028,4358,1538
Dwarka,2025-03-13,20,Thursday,0,0,0,Cloudy,31.4,1538,3691,1100
Dwarka,2025-03-13,21,Thursday,0,0,0,Cloudy,29.7,1100,2790,771
Dwarka,2025-03-13,22,Thursday,0,0,0,Cloudy,27.8,771,1822,370
Dwarka,2025-03-13,23,Thursday,0,0,0,Cloudy,26.9,370,1021,102
Dwarka,2025-03-14,0,Friday,0,1,1,Clear,20.8,102,570,87
Dwarka,2025-03-14,1,Friday,0,1,1,Clear,19.5,87,359,63
Dwarka,2025-03-14,2,Friday,0,1,1,Clear,20.8,63,240,52
Dwarka,2025-03-14,3,Friday,0,1,1,Clear,20.8,52,302,138
Dwarka,2025-03-14,4,Friday,0,1,1,Clear,22.0,138,1437,954
Dwarka,2025-03-14,5,Friday,0,1,1,Clear,21.6,954,3193,1875
Dwarka,2025-03-14,6,Friday,0,1,1,Clear,23.3,1875,6820,3888
Dwarka,2025-03-14,7,Friday,0,1,1,Clear,24.4,3888,11173,5848
Dwarka,2025-03-14,8,Friday,0,1,1,Clear,24.9,5848,11322,4411
Dwarka,2025-03-14,9,Friday,0,1,1,Clear,28.3,4411,11710,4783
Dwarka,2025-03-14,10,Friday,0,1,1,Clear,28.6,4783,9743,3404
Dwarka,2025-03-14,11,Friday,0,1,1,Clear,29.9,3404,9521,3379
Dwarka,2025-03-14,12,Friday,0,1,1,Clear,30.6,3379,7393,2207
Dwarka,2025-03-14,13,Friday,0,1,1,Clear,30.3,2207,5985,1604
Dwarka,2025-03-14,14,Friday,0,1,1,Clear,29.8,1604,6074,2412
Dwarka,2025-03-14,15,Friday,0,1,1,Clear,29.7,2412,7613,3451
Dwarka,2025-03-14,16,Friday,0,1,1,Clear,29.5,3451,9811,4546
Dwarka,2025-03-14,17,Friday,0,1,1,Clear,28.9,4546,12079,5599
Dwarka,2025-03-14,18,Friday,0,1,1,Clear,28.7,5599,12414,4962
Dwarka,2025-03-14,19,Friday,0,1,1,Clear,27.2,4962,10939,3469
Dwarka,2025-03-14,20,Friday,0,1,1,Clear,24.8,3469,10179,3588
Dwarka,2025-03-14,21,Friday,0,1,1,Clear,24.5,3588,7531,1826
Dwarka,2025-03-14,22,Friday,0,1,1,Clear,24.1,1826,4289,746
Dwarka,2025-03-14,23,Friday,0,1,1,Clear,22.1,746,2574,331
Dwarka,2025-03-15,0,Saturday,1,0,0,Rainy,22.4,331,1353,45
Dwarka,2025-03-15,1,Saturday,1,0,0,Rainy,22.6,45,653,28
Dwarka,2025-03-15,2,Saturday,1,0,0,Rainy,21.5,28,391,29
Dwarka,2025-03-15,3,Saturday,1,0,0,Rainy,21.8,29,280,72
Dwarka,2025-03-15,4,Saturday,1,0,0,Rainy,22.0,72,718,443
Dwarka,2025-03-15,5,Saturday,1,0,0,Rainy,24.2,443,1404,788
Dwarka,2025-03-15,6,Saturday,1,0,0,Rainy,23.8,788,2971,1667
Dwarka,2025-03-15,7,Saturday,1,0,0,Rainy,25.9,1667,4189,2078
Dwarka,2025-03-15,8,Saturday,1,0,0,Rainy,26.7,2078,5438,2526
Dwarka,2025-03-15,9,Saturday,1,0,0,Rainy,29.6,2526,5036,1800
Dwarka,2025-03-15,10,Saturday,1,0,0,Rainy,29.6,1800,5367,2153
Dwarka,2025-03-15,11,Saturday,1,0,0,Rainy,31.2,2153,4677,1645
Dwarka,2025-03-15,12,Saturday,1,0,0,Rainy,32.4,1645,3980,1209
Dwarka,2025-03-15,13,Saturday,1,0,0,Rainy,33.0,1209,3415,1010
Dwarka,2025-03-15,14,Saturday,1,0,0,Heavy Rain,32.6,1010,2596,625
Dwarka,2025-03-15,15,Saturday,1,0,0,Rainy,31.7,625,3365,1565
Dwarka,2025-03-15,16,Saturday,1,0,0,Heavy Rain,31.9,1565,3697,1565
Dwarka,2025-03-15,17,Saturday,1,0,0,Heavy Rain,29.8,1565,3623,1400
Dwarka,2025-03-15,18,Saturday,1,0,0,Rainy,29.4,1400,5371,2723
Dwarka,2025-03-15,19,Saturday,1,0,0,Rainy,28.7,2723,6055,2511
Dwarka,2025-03-15,20,Saturday,1,0,0,Rainy,27.7,2511,5481,1877
Dwarka,2025-03-15,21,Saturday,1,0,0,Rainy,25.7,1877,3762,876
Dwarka,2025-03-15,22,Saturday,1,0,0,Rainy,24.2,876,2445,450
Dwarka,2025-03-15,23,Saturday,1,0,0,Rainy,23.8,450,1418,119
Dwarka,2025-03-16,0,Sunday,1,0,0,Clear,26.7,119,749,62
Dwarka,2025-03-16,1,Sunday,1,0,0,Clear,27.9,62,414,45
Dwarka,2025-03-16,2,Sunday,1,0,0,Clear,26.1,45,253,46
Dwarka,2025-03-16,3,Sunday,1,0,0,Clear,26.5,46,304,134
Dwarka,2025-03-16,4,Sunday,1,0,0,Clear,26.3,134,1211,792
Dwarka,2025-03-16,5,Sunday,1,0,0,Clear,27.8,792,3380,2076
Dwarka,2025-03-16,6,Sunday,1,0,0,Clear,28.8,2076,7017,3943
Dwarka,2025-03-16,7,Sunday,1,0,0,Clear,30.5,3943,10301,5074
Dwarka,2025-03-16,8,Sunday,1,0,0,Clear,30.3,5074,11063,4824
Dwarka,2025-03-16,9,Sunday,1,0,0,Clear,33.1,4824,9466,3170
Dwarka,2025-03-16,10,Sunday,1,0,0,Clear,33.9,3170,8531,3012
Dwarka,2025-03-16,11,Sunday,1,0,0,Clear,35.8,3012,7569,2491
Dwarka,2025-03-16,12,Sunday,1,0,0,Clear,35.4,2491,6183,1845
Dwarka,2025-03-16,13,Sunday,1,0,0,Clear,35.9,1845,4946,1411
Dwarka,2025-03-16,14,Sunday,1,0,0,Clear,37.4,1411,5002,1987
Dwarka,2025-03-16,15,Sunday,1,0,0,Clear,36.6,1987,5958,2613
Dwarka,2025-03-16,16,Sunday,1,0,0,Clear,34.5,2613,6801,3009
Dwarka,2025-03-16,17,Sunday,1,0,0,Clear,35.3,3009,9231,4343
Dwarka,2025-03-16,18,Sunday,1,0,0,Clear,34.3,4343,10065,3936
Dwarka,2025-03-16,19,Sunday,1,0,0,Clear,33.6,3936,9294,3246
Dwarka,2025-03-16,20,Sunday,1,0,0,Clear,31.1,3246,8583,2879
Dwarka,2025-03-16,21,Sunday,1,0,0,Clear,31.4,2879,6620,1807
Dwarka,2025-03-16,22,Sunday,1,0,0,Clear,28.6,1807,4370,723
Dwarka,2025-03-16,23,Sunday,1,0,0,Clear,27.7,723,2214,212
Dwarka,2025-03-17,0,Monday,0,0,0,Sunny,27.3,212,1090,37
Dwarka,2025-03-17,1,Monday,0,0,0,Sunny,27.1,37,544,22
Dwarka,2025-03-17,2,Monday,0,0,0,Sunny,27.1,22,280,25
Dwarka,2025-03-17,3,Monday,0,0,0,Sunny,27.5,25,211,56
Dwarka,2025-03-17,4,Monday,0,0,0,Sunny,28.2,56,626,387
Dwarka,2025-03-17,5,Monday,0,0,0,Sunny,29.0,387,1354,777
Dwarka,2025-03-17,6,Monday,0,0,0,Sunny,29.5,777,2613,1462
Dwarka,2025-03-17,7,Monday,0,0,0,Sunny,31.2,1462,3828,1888
Dwarka,2025-03-17,8,Monday,0,0,0,Sunny,32.2,1888,4107,1679
Dwarka,2025-03-17,9,Monday,0,0,0,Sunny,33.6,1679,4436,1869
Dwarka,2025-03-17,10,Monday,0,0,0,Sunny,34.1,1869,4341,1660
Dwarka,2025-03-17,11,Monday,0,0,0,Sunny,36.1,1660,3734,1223
Dwarka,2025-03-17,12,Monday,0,0,0,Sunny,36.5,1223,2892,783
Dwarka,2025-03-17,13,Monday,0,0,0,Sunny,36.9,783,2476,785
Dwarka,2025-03-17,14,Monday,0,0,0,Sunny,37.1,785,2425,809
Dwarka,2025-03-17,15,Monday,0,0,0,Sunny,37.0,809,3037,1304
Dwarka,2025-03-17,16,Monday,0,0,0,Sunny,37.3,1304,3531,1539
Dwarka,2025-03-17,17,Monday,0,0,0,Sunny,35.5,1539,4714,2201
Dwarka,2025-03-17,18,Monday,0,0,0,Sunny,34.6,2201,4669,1893
Dwarka,2025-03-17,19,Monday,0,0,0,Sunny,34.2,1893,4676,1786
Dwarka,2025-03-17,20,Monday,0,0,0,Sunny,31.7,1786,3847,1107
Dwarka,2025-03-17,21,Monday,0,0,0,Sunny,30.9,1107,2971,859
Dwarka,2025-03-17,22,Monday,0,0,0,Sunny,29.5,859,1963,359
Dwarka,2025-03-17,23,Monday,0,0,0,Sunny,29.0,359,1114,106
Dwarka,2025-03-18,0,Tuesday,0,0,0,Clear,26.9,106,566,36
Dwarka,2025-03-18,1,Tuesday,0,0,0,Clear,27.1,36,274,20
Dwarka,2025-03-18,2,Tuesday,0,0,0,Clear,27.2,20,139,15
Dwarka,2025-03-18,3,Tuesday,0,0,0,Clear,27.0,15,137,54
Dwarka,2025-03-18,4,Tuesday,0,0,0,Clear,27.3,54,420,261
Dwarka,2025-03-18,5,Tuesday,0,0,0,Clear,28.2,261,1221,755
Dwarka,2025-03-18,6,Tuesday,0,0,0,Clear,29.5,755,2369,1361
Dwarka,2025-03-18,7,Tuesday,0,0,0,Clear,31.7,1361,3747,1987
Dwarka,2025-03-18,8,Tuesday,0,0,0,Clear,31.6,1987,4353,1820
Dwarka,2025-03-18,9,Tuesday,0,0,0,Clear,31.8,1820,4029,1573
Dwarka,2025-03-18,10,Tuesday,0,0,0,Clear,34.2,1573,3749,1339
Dwarka,2025-03-18,11,Tuesday,0,0,0,Clear,35.1,1339,3292,1064
Dwarka,2025-03-18,12,Tuesday,0,0,0,Clear,36.6,1064,2734,865
Dwarka,2025-03-18,13,Tuesday,0,0,0,Clear,36.5,865,2288,698
Dwarka,2025-03-18,14,Tuesday,0,0,0,Clear,35.7,698,2333,902
Dwarka,2025-03-18,15,Tuesday,0,0,0,Clear,36.9,902,2452,1093
Dwarka,2025-03-18,16,Tuesday,0,0,0,Clear,36.1,1093,3633,1819
Dwarka,2025-03-18,17,Tuesday,0,0,0,Clear,35.3,1819,4239,1825
Dwarka,2025-03-18,18,Tuesday,0,0,0,Clear,34.8,1825,4670,1920
Dwarka,2025-03-18,19,Tuesday,0,0,0,Clear,34.1,1920,4970,1827
Dwarka,2025-03-18,20,Tuesday,0,0,0,Clear,31.4,1827,4296,1485
Dwarka,2025-03-18,21,Tuesday,0,0,0,Clear,30.6,1485,3053,773
Dwarka,2025-03-18,22,Tuesday,0,0,0,Clear,29.2,773,1871,339
Dwarka,2025-03-18,23,Tuesday,0,0,0,Clear,29.1,339,1101,86
Dwarka,2025-03-19,0,Wednesday,0,0,0,Clear,27.2,86,564,29
Dwarka,2025-03-19,1,Wednesday,0,0,0,Clear,26.9,29,330,24
Dwarka,2025-03-19,2,Wednesday,0,0,0,Clear,26.9,24,180,19
Dwarka,2025-03-19,3,Wednesday,0,0,0,Clear,26.8,19,143,46
Dwarka,2025-03-19,4,Wednesday,0,0,0,Clear,28.7,46,572,375
Dwarka,2025-03-19,5,Wednesday,0,0,0,Clear,28.8,375,1168,673
Dwarka,2025-03-19,6,Wednesday,0,0,0,Clear,28.9,673,2851,1702
Dwarka,2025-03-19,7,Wednesday,0,0,0,Clear,29.2,1702,4092,2033
Dwarka,2025-03-19,8,Wednesday,0,0,0,Clear,30.9,2033,4502,1842
Dwarka,2025-03-19,9,Wednesday,0,0,0,Clear,33.6,1842,4927,2117
Dwarka,2025-03-19,10,Wednesday,0,0,0,Clear,34.6,2117,3979,1331
Dwarka,2025-03-19,11,Wednesday,0,0,0,Clear,36.2,1331,3634,1257
Dwarka,2025-03-19,12,Wednesday,0,0,0,Clear,36.8,1257,2685,762
Dwarka,2025-03-19,13,Wednesday,0,0,0,Clear,37.1,762,2516,832
Dwarka,2025-03-19,14,Wednesday,0,0,0,Clear,37.7,832,2415,882
Dwarka,2025-03-19,15,Wednesday,0,0,0,Clear,37.1,882,2519,1006
Dwarka,2025-03-19,16,Wednesday,0,0,0,Clear,35.7,1006,3302,1477
Dwarka,2025-03-19,17,Wednesday,0,0,0,Clear,36.2,1477,3828,1666
Dwarka,2025-03-19,18,Wednesday,0,0,0,Clear,34.1,1666,4634,2001
Dwarka,2025-03-19,19,Wednesday,0,0,0,Clear,33.7,2001,5366,2229
Dwarka,2025-03-19,20,Wednesday,0,0,0,Clear,32.1,2229,4367,1346
Dwarka,2025-03-19,21,Wednesday,0,0,0,Clear,29.9,1346,3345,847
Dwarka,2025-03-19,22,Wednesday,0,0,0,Clear,29.2,847,2139,321
Dwarka,2025-03-19,23,Wednesday,0,0,0,Clear,28.8,321,1157,87
Dwarka,2025-03-20,0,Thursday,0,0,0,Cloudy,24.1,87,573,36
Dwarka,2025-03-20,1,Thursday,0,0,0,Cloudy,22.5,36,299,24
Dwarka,2025-03-20,2,Thursday,0,0,0,Cloudy,21.8,24,169,22
Dwarka,2025-03-20,3,Thursday,0,0,0,Cloudy,24.0,22,155,54
Dwarka,2025-03-20,4,Thursday,0,0,0,Cloudy,23.2,54,667,438
Dwarka,2025-03-20,5,Thursday,0,0,0,Cloudy,24.1,438,1272,706
Dwarka,2025-03-20,6,Thursday,0,0,0,Cloudy,24.8,706,2690,1581
Dwarka,2025-03-20,7,Thursday,0,0,0,Cloudy,26.6,1581,3869,1893
Dwarka,2025-03-20,8,Thursday,0,0,0,Cloudy,27.6,1893,4572,2072
Dwarka,2025-03-20,9,Thursday,0,0,0,Cloudy,29.4,2072,4737,1846
Dwarka,2025-03-20,10,Thursday,0,0,0,Cloudy,30.2,1846,4542,1673
Dwarka,2025-03-20,11,Thursday,0,0,0,Cloudy,32.2,1673,4232,1430
Dwarka,2025-03-20,12,Thursday,0,0,0,Cloudy,33.2,1430,3255,847
Dwarka,2025-03-20,13,Thursday,0,0,0,Cloudy,33.2,847,2433,627
Dwarka,2025-03-20,14,Thursday,0,0,0,Cloudy,33.4,627,2353,943
Dwarka,2025-03-20,15,Thursday,0,0,0,Cloudy,32.8,943,2947,1356
Dwarka,2025-03-20,16,Thursday,0,0,0,Rainy,32.7,1356,3201,1304
Dwarka,2025-03-20,17,Thursday,0,0,0,Cloudy,31.8,1304,4335,2056
Dwarka,2025-03-20,18,Thursday,0,0,0,Cloudy,30.3,2056,4535,1844
Dwarka,2025-03-20,19,Thursday,0,0,0,Cloudy,28.6,1844,5087,2036
Dwarka,2025-03-20,20,Thursday,0,0,0,Cloudy,28.3,2036,4050,1209
Dwarka,2025-03-20,21,Thursday,0,0,0,Cloudy,27.1,1209,3097,895
Dwarka,2025-03-20,22,Thursday,0,0,0,Cloudy,24.7,895,1859,374
Dwarka,2025-03-20,23,Thursday,0,0,0,Cloudy,23.7,374,958,100
Dwarka,2025-03-21,0,Friday,0,0,0,Sunny,25.8,100,553,44
Dwarka,2025-03-21,1,Friday,0,0,0,Sunny,25.5,44,328,24
Dwarka,2025-03-21,2,Friday,0,0,0,Sunny,25.9,24,203,26
Dwarka,2025-03-21,3,Friday,0,0,0,Sunny,25.8,26,179,60
Dwarka,2025-03-21,4,Friday,0,0,0,Sunny,26.8,60,556,349
Dwarka,2025-03-21,5,Friday,0,0,0,Sunny,27.8,349,1492,892
Dwarka,2025-03-21,6,Friday,0,0,0,Sunny,28.9,892,2983,1694
Dwarka,2025-03-21,7,Friday,0,0,0,Sunny,29.1,1694,5563,2961
Dwarka,2025-03-21,8,Friday,0,0,0,Sunny,30.8,2961,5623,2176
Dwarka,2025-03-21,9,Friday,0,0,0,Sunny,32.2,2176,5137,1798
Dwarka,2025-03-21,10,Friday,0,0,0,Sunny,34.1,1798,4494,1427
Dwarka,2025-03-21,11,Friday,0,0,0,Sunny,35.2,1427,4176,1360
Dwarka,2025-03-21,12,Friday,0,0,0,Sunny,34.8,1360,3414,1067
Dwarka,2025-03-21,13,Friday,0,0,0,Sunny,35.6,1067,2806,822
Dwarka,2025-03-21,14,Friday,0,0,0,Sunny,36.4,822,2696,1067
Dwarka,2025-03-21,15,Friday,0,0,0,Sunny,36.0,1067,3256,1464
Dwarka,2025-03-21,16,Friday,0,0,0,Sunny,36.3,1464,3442,1520
Dwarka,2025-03-21,17,Friday,0,0,0,Sunny,34.0,1520,4913,2480
Dwarka,2025-03-21,18,Friday,0,0,0,Sunny,32.7,2480,6146,2765
Dwarka,2025-03-21,19,Friday,0,0,0,Sunny,32.3,2765,5888,2223
Dwarka,2025-03-21,20,Friday,0,0,0,Sunny,30.5,2223,4895,1673
Dwarka,2025-03-21,21,Friday,0,0,0,Sunny,28.0,1673,3594,841
Dwarka,2025-03-21,22,Friday,0,0,0,Sunny,28.2,841,2120,421
Dwarka,2025-03-21,23,Friday,0,0,0,Sunny,27.2,421,1134,137
Dwarka,2025-03-22,0,Saturday,1,0,0,Clear,29.5,137,637,41
Dwarka,2025-03-22,1,Saturday,1,0,0,Clear,26.9,41,337,29
Dwarka,2025-03-22,2,Saturday,1,0,0,Clear,27.1,29,230,40
Dwarka,2025-03-22,3,Saturday,1,0,0,Clear,28.0,40,222,78
Dwarka,2025-03-22,4,Saturday,1,0,0,Clear,27.9,78,874,569
Dwarka,2025-03-22,5,Saturday,1,0,0,Clear,28.1,569,2194,1326
Dwarka,2025-03-22,6,Saturday,1,0,0,Clear,29.0,1326,4484,2517
Dwarka,2025-03-22,7,Saturday,1,0,0,Clear,30.7,2517,6884,3526
Dwarka,2025-03-22,8,Saturday,1,0,0,Clear,32.0,3526,8041,3525
Dwarka,2025-03-22,9,Saturday,1,0,0,Clear,33.6,3525,6760,2146
Dwarka,2025-03-22,10,Saturday,1,0,0,Clear,33.7,2146,5901,2128
Dwarka,2025-03-22,11,Saturday,1,0,0,Clear,35.3,2128,5322,1895
Dwarka,2025-03-22,12,Saturday,1,0,0,Clear,37.1,1895,4264,1446
Dwarka,2025-03-22,13,Saturday,1,0,0,Clear,37.3,1446,3741,1280
Dwarka,2025-03-22,14,Saturday,1,0,0,Clear,37.4,1280,3931,1531
Dwarka,2025-03-22,15,Saturday,1,0,0,Clear,36.3,1531,4567,1880
Dwarka,2025-03-22,16,Saturday,1,0,0,Clear,37.6,1880,6066,2826
Dwarka,2025-03-22,17,Saturday,1,0,0,Clear,36.9,2826,8277,3988
Dwarka,2025-03-22,18,Saturday,1,0,0,Clear,34.2,3988,9073,3322
Dwarka,2025-03-22,19,Saturday,1,0,0,Clear,32.6,3322,7640,2661
Dwarka,2025-03-22,20,Saturday,1,0,0,Clear,32.3,2661,6115,1828
Dwarka,2025-03-22,21,Saturday,1,0,0,Clear,29.7,1828,4906,1327
Dwarka,2025-03-22,22,Saturday,1,0,0,Clear,29.3,1327,3038,520
Dwarka,2025-03-22,23,Saturday,1,0,0,Clear,28.6,520,1750,175
Dwarka,2025-03-23,0,Sunday,1,0,0,Clear,25.9,175,887,79
Dwarka,2025-03-23,1,Sunday,1,0,0,Clear,24.4,79,501,48
Dwarka,2025-03-23,2,Sunday,1,0,0,Clear,25.0,48,291,44
Dwarka,2025-03-23,3,Sunday,1,0,0,Clear,25.1,44,304,128
Dwarka,2025-03-23,4,Sunday,1,0,0,Clear,26.0,128,1136,741
Dwarka,2025-03-23,5,Sunday,1,0,0,Clear,27.5,741,2795,1663
Dwarka,2025-03-23,6,Sunday,1,0,0,Clear,27.1,1663,5326,2914
Dwarka,2025-03-23,7,Sunday,1,0,0,Clear,30.9,2914,6802,3164
Dwarka,2025-03-23,8,Sunday,1,0,0,Clear,30.9,3164,8877,4054
Dwarka,2025-03-23,9,Sunday,1,0,0,Clear,31.5,4054,9504,3966
Dwarka,2025-03-23,10,Sunday,1,0,0,Clear,34.0,3966,8594,3046
Dwarka,2025-03-23,11,Sunday,1,0,0,Clear,35.0,3046,7378,2399
Dwarka,2025-03-23,12,Sunday,1,0,0,Clear,34.1,2399,5846,1657
Dwarka,2025-03-23,13,Sunday,1,0,0,Clear,35.2,1657,4964,1547
Dwarka,2025-03-23,14,Sunday,1,0,0,Clear,35.6,1547,5397,2214
Dwarka,2025-03-23,15,Sunday,1,0,0,Clear,36.0,2214,6698,3012
Dwarka,2025-03-23,16,Sunday,1,0,0,Clear,36.1,3012,8284,3817
Dwarka,2025-03-23,17,Sunday,1,0,0,Clear,35.2,3817,9816,4384
Dwarka,2025-03-23,18,Sunday,1,0,0,Clear,33.5,4384,11917,5258
Dwarka,2025-03-23,19,Sunday,1,0,0,Clear,33.1,5258,11676,4301
Dwarka,2025-03-23,20,Sunday,1,0,0,Clear,30.1,4301,9365,2771
Dwarka,2025-03-23,21,Sunday,1,0,0,Clear,29.7,2771,6940,1783
Dwarka,2025-03-23,22,Sunday,1,0,0,Clear,28.1,1783,4230,772
Dwarka,2025-03-23,23,Sunday,1,0,0,Clear,28.0,772,2428,185
Dwarka,2025-03-24,0,Monday,0,0,0,Cloudy,24.0,185,1242,33
Dwarka,2025-03-24,1,Monday,0,0,0,Cloudy,23.8,33,654,20
Dwarka,2025-03-24,2,Monday,0,0,0,Cloudy,22.4,20,355,21
Dwarka,2025-03-24,3,Monday,0,0,0,Cloudy,23.9,21,243,56
Dwarka,2025-03-24,4,Monday,0,0,0,Cloudy,24.3,56,587,341
Dwarka,2025-03-24,5,Monday,0,0,0,Cloudy,24.6,341,1153,658
Dwarka,2025-03-24,6,Monday,0,0,0,Cloudy,25.7,658,2565,1450
Dwarka,2025-03-24,7,Monday,0,0,0,Cloudy,26.4,1450,3601,1804
Dwarka,2025-03-24,8,Monday,0,0,0,Cloudy,28.0,1804,4858,2391
Dwarka,2025-03-24,9,Monday,0,0,0,Cloudy,30.1,2391,4795,1827
Dwarka,2025-03-24,10,Monday,0,0,0,Cloudy,31.3,1827,4228,1286
Dwarka,2025-03-24,11,Monday,0,0,0,Cloudy,33.2,1286,3924,1221
Dwarka,2025-03-24,12,Monday,0,0,0,Cloudy,32.6,1221,3214,886
Dwarka,2025-03-24,13,Monday,0,0,0,Cloudy,33.1,886,2263,626
Dwarka,2025-03-24,14,Monday,0,0,0,Rainy,34.8,626,1916,684
Dwarka,2025-03-24,15,Monday,0,0,0,Cloudy,33.1,684,2412,1095
Dwarka,2025-03-24,16,Monday,0,0,0,Cloudy,32.3,1095,3234,1499
Dwarka,2025-03-24,17,Monday,0,0,0,Cloudy,31.0,1499,4176,1931
Dwarka,2025-03-24,18,Monday,0,0,0,Cloudy,30.7,1931,5456,2617
Dwarka,2025-03-24,19,Monday,0,0,0,Cloudy,29.8,2617,5064,1713
Dwarka,2025-03-24,20,Monday,0,0,0,Cloudy,29.0,1713,4170,1262
Dwarka,2025-03-24,21,Monday,0,0,0,Cloudy,27.2,1262,2603,563
Dwarka,2025-03-24,22,Monday,0,0,0,Cloudy,25.4,563,1574,296
Dwarka,2025-03-24,23,Monday,0,0,0,Cloudy,25.1,296,891,106
Dwarka,2025-03-25,0,Tuesday,0,0,0,Clear,19.3,106,470,30
Dwarka,2025-03-25,1,Tuesday,0,0,0,Clear,20.5,30,251,17
Dwarka,2025-03-25,2,Tuesday,0,0,0,Clear,19.6,17,149,18
Dwarka,2025-03-25,3,Tuesday,0,0,0,Clear,21.6,18,137,51
Dwarka,2025-03-25,4,Tuesday,0,0,0,Clear,21.0,51,602,396
Dwarka,2025-03-25,5,Tuesday,0,0,0,Clear,23.4,396,1234,697
Dwarka,2025-03-25,6,Tuesday,0,0,0,Clear,23.8,697,2739,1633
Dwarka,2025-03-25,7,Tuesday,0,0,0,Clear,24.1,1633,4280,2056
Dwarka,2025-03-25,8,Tuesday,0,0,0,Clear,25.9,2056,4369,1791
Dwarka,2025-03-25,9,Tuesday,0,0,0,Clear,28.2,1791,4468,1822
Dwarka,2025-03-25,10,Tuesday,0,0,0,Clear,28.0,1822,4189,1471
Dwarka,2025-03-25,11,Tuesday,0,0,0,Clear,28.6,1471,3304,1081
Dwarka,2025-03-25,12,Tuesday,0,0,0,Clear,30.6,1081,2672,777
Dwarka,2025-03-25,13,Tuesday,0,0,0,Clear,31.4,777,2257,727
Dwarka,2025-03-25,14,Tuesday,0,0,0,Clear,30.8,727,2321,867
Dwarka,2025-03-25,15,Tuesday,0,0,0,Clear,30.7,867,2580,1043
Dwarka,2025-03-25,16,Tuesday,0,0,0,Clear,30.8,1043,3021,1250
Dwarka,2025-03-25,17,Tuesday,0,0,0,Clear,29.4,1250,4068,1885
Dwarka,2025-03-25,18,Tuesday,0,0,0,Clear,27.8,1885,4903,2213
Dwarka,2025-03-25,19,Tuesday,0,0,0,Clear,25.9,2213,4359,1436
Dwarka,2025-03-25,20,Tuesday,0,0,0,Clear,24.9,1436,4205,1473
Dwarka,2025-03-25,21,Tuesday,0,0,0,Clear,24.9,1473,3015,719
Dwarka,2025-03-25,22,Tuesday,0,0,0,Clear,22.1,719,1936,342
Dwarka,2025-03-25,23,Tuesday,0,0,0,Clear,22.1,342,1069,124
Dwarka,2025-03-26,0,Wednesday,0,0,0,Cloudy,28.2,124,531,31
Dwarka,2025-03-26,1,Wednesday,0,0,0,Cloudy,27.6,31,279,21
Dwarka,2025-03-26,2,Wednesday,0,0,0,Cloudy,28.3,21,164,17
Dwarka,2025-03-26,3,Wednesday,0,0,0,Cloudy,28.1,17,137,46
Dwarka,2025-03-26,4,Wednesday,0,0,0,Cloudy,27.0,46,496,316
Dwarka,2025-03-26,5,Wednesday,0,0,0,Cloudy,29.0,316,1386,856
Dwarka,2025-03-26,6,Wednesday,0,0,0,Cloudy,30.6,856,2294,1230
Dwarka,2025-03-26,7,Wednesday,0,0,0,Cloudy,31.4,1230,3119,1558
Dwarka,2025-03-26,8,Wednesday,0,0,0,Cloudy,32.7,1558,4103,1860
Dwarka,2025-03-26,9,Wednesday,0,0,0,Cloudy,34.7,1860,4600,1896
Dwarka,2025-03-26,10,Wednesday,0,0,0,Cloudy,35.6,1896,3843,1199
Dwarka,2025-03-26,11,Wednesday,0,0,0,Cloudy,36.9,1199,3744,1360
Dwarka,2025-03-26,12,Wednesday,0,0,0,Cloudy,38.0,1360,2715,702
Dwarka,2025-03-26,13,Wednesday,0,0,0,Cloudy,38.0,702,2372,799
Dwarka,2025-03-26,14,Wednesday,0,0,0,Cloudy,38.0,799,2284,916
Dwarka,2025-03-26,15,Wednesday,0,0,0,Cloudy,37.1,916,2665,1093
Dwarka,2025-03-26,16,Wednesday,0,0,0,Rainy,37.7,1093,2945,1280
Dwarka,2025-03-26,17,Wednesday,0,0,0,Cloudy,37.7,1280,3976,1829
Dwarka,2025-03-26,18,Wednesday,0,0,0,Cloudy,35.6,1829,4876,2086
Dwarka,2025-03-26,19,Wednesday,0,0,0,Cloudy,34.3,2086,4357,1565
Dwarka,2025-03-26,20,Wednesday,0,0,0,Cloudy,34.0,1565,3706,1269
Dwarka,2025-03-26,21,Wednesday,0,0,0,Cloudy,30.7,1269,2777,808
Dwarka,2025-03-26,22,Wednesday,0,0,0,Cloudy,31.3,808,1717,214
Dwarka,2025-03-26,23,Wednesday,0,0,0,Cloudy,29.4,214,953,101
Dwarka,2025-03-27,0,Thursday,0,0,0,Sunny,24.9,101,497,26
Dwarka,2025-03-27,1,Thursday,0,0,0,Sunny,25.0,26,262,18
Dwarka,2025-03-27,2,Thursday,0,0,0,Sunny,24.4,18,160,22
Dwarka,2025-03-27,3,Thursday,0,0,0,Sunny,25.8,22,155,60
Dwarka,2025-03-27,4,Thursday,0,0,0,Sunny,25.7,60,582,380
Dwarka,2025-03-27,5,Thursday,0,0,0,Sunny,26.5,380,1643,1010
Dwarka,2025-03-27,6,Thursday,0,0,0,Sunny,26.4,1010,2713,1461
Dwarka,2025-03-27,7,Thursday,0,0,0,Sunny,29.2,1461,3926,1952
Dwarka,2025-03-27,8,Thursday,0,0,0,Sunny,29.8,1952,4510,1944
Dwarka,2025-03-27,9,Thursday,0,0,0,Sunny,30.9,1944,4321,1506
Dwarka,2025-03-27,10,Thursday,0,0,0,Sunny,32.4,1506,4183,1540
Dwarka,2025-03-27,11,Thursday,0,0,0,Sunny,33.9,1540,3294,1077
Dwarka,2025-03-27,12,Thursday,0,0,0,Sunny,34.2,1077,2744,904
Dwarka,2025-03-27,13,Thursday,0,0,0,Sunny,34.9,904,2510,974
Dwarka,2025-03-27,14,Thursday,0,0,0,Sunny,34.8,974,2755,1150
Dwarka,2025-03-27,15,Thursday,0,0,0,Sunny,34.7,1150,3167,1364
Dwarka,2025-03-27,16,Thursday,0,0,0,Sunny,34.4,1364,3630,1600
Dwarka,2025-03-27,17,Thursday,0,0,0,Sunny,33.1,1600,4238,1914
Dwarka,2025-03-27,18,Thursday,0,0,0,Sunny,32.7,1914,5082,2193
Dwarka,2025-03-27,19,Thursday,0,0,0,Sunny,32.1,2193,4718,1643
Dwarka,2025-03-27,20,Thursday,0,0,0,Sunny,30.3,1643,4027,1346
Dwarka,2025-03-27,21,Thursday,0,0,0,Sunny,28.0,1346,2849,801
Dwarka,2025-03-27,22,Thursday,0,0,0,Sunny,27.2,801,1597,238
Dwarka,2025-03-27,23,Thursday,0,0,0,Sunny,25.8,238,959,123
Dwarka,2025-03-28,0,Friday,0,0,0,Cloudy,20.5,123,535,40
Dwarka,2025-03-28,1,Friday,0,0,0,Cloudy,20.2,40,282,21
Dwarka,2025-03-28,2,Friday,0,0,0,Cloudy,20.1,21,166,21
Dwarka,2025-03-28,3,Friday,0,0,0,Cloudy,20.5,21,167,64
Dwarka,2025-03-28,4,Friday,0,0,0,Cloudy,21.3,64,643,416
Dwarka,2025-03-28,5,Friday,0,0,0,Cloudy,21.4,416,1475,849
Dwarka,2025-03-28,6,Friday,0,0,0,Cloudy,21.5,849,3144,1821
Dwarka,2025-03-28,7,Friday,0,0,0,Cloudy,23.6,1821,4272,2130
Dwarka,2025-03-28,8,Friday,0,0,0,Cloudy,24.9,2130,4767,2029
Dwarka,2025-03-28,9,Friday,0,0,0,Cloudy,26.3,2029,5772,2428
Dwarka,2025-03-28,10,Friday,0,0,0,Cloudy,26.8,2428,5340,1815
Dwarka,2025-03-28,11,Friday,0,0,0,Cloudy,29.4,1815,4275,1291
Dwarka,2025-03-28,12,Friday,0,0,0,Cloudy,29.5,1291,3175,924
Dwarka,2025-03-28,13,Friday,0,0,0,Cloudy,30.4,924,2467,710
Dwarka,2025-03-28,14,Friday,0,0,0,Rainy,29.9,710,2368,860
Dwarka,2025-03-28,15,Friday,0,0,0,Rainy,31.0,860,2896,1236
Dwarka,2025-03-28,16,Friday,0,0,0,Cloudy,28.4,1236,3501,1593
Dwarka,2025-03-28,17,Friday,0,0,0,Rainy,28.2,1593,4123,1804
Dwarka,2025-03-28,18,Friday,0,0,0,Cloudy,28.2,1804,5385,2498
Dwarka,2025-03-28,19,Friday,0,0,0,Cloudy,26.9,2498,5311,1956
Dwarka,2025-03-28,20,Friday,0,0,0,Cloudy,24.1,1956,4636,1754
Dwarka,2025-03-28,21,Friday,0,0,0,Cloudy,23.4,1754,3417,827
Dwarka,2025-03-28,22,Friday,0,0,0,Cloudy,21.0,827,2195,363
Dwarka,2025-03-28,23,Friday,0,0,0,Cloudy,22.3,363,1189,112
Dwarka,2025-03-29,0,Saturday,1,0,0,Clear,20.0,112,647,47
Dwarka,2025-03-29,1,Saturday,1,0,0,Clear,20.2,47,364,37
Dwarka,2025-03-29,2,Saturday,1,0,0,Clear,20.4,37,212,39
Dwarka,2025-03-29,3,Saturday,1,0,0,Clear,19.6,39,218,86
Dwarka,2025-03-29,4,Saturday,1,0,0,Clear,20.2,86,1042,687
Dwarka,2025-03-29,5,Saturday,1,0,0,Clear,21.6,687,2321,1333
Dwarka,2025-03-29,6,Saturday,1,0,0,Clear,21.4,1333,4387,2384
Dwarka,2025-03-29,7,Saturday,1,0,0,Clear,23.4,2384,5572,2582
Dwarka,2025-03-29,8,Saturday,1,0,0,Clear,25.1,2582,6897,2920
Dwarka,2025-03-29,9,Saturday,1,0,0,Clear,26.3,2920,6709,2529
Dwarka,2025-03-29,10,Saturday,1,0,0,Clear,28.3,2529,6632,2469
Dwarka,2025-03-29,11,Saturday,1,0,0,Clear,28.4,2469,6540,2420
Dwarka,2025-03-29,12,Saturday,1,0,0,Clear,30.4,2420,5255,1471
Dwarka,2025-03-29,13,Saturday,1,0,0,Clear,29.7,1471,4260,1161
Dwarka,2025-03-29,14,Saturday,1,0,0,Clear,31.4,1161,3831,1304
Dwarka,2025-03-29,15,Saturday,1,0,0,Clear,30.0,1304,4269,1781
Dwarka,2025-03-29,16,Saturday,1,0,0,Clear,30.4,1781,5653,2694
Dwarka,2025-03-29,17,Saturday,1,0,0,Clear,29.2,2694,6865,3034
Dwarka,2025-03-29,18,Saturday,1,0,0,Clear,28.6,3034,7038,2675
Dwarka,2025-03-29,19,Saturday,1,0,0,Clear,25.6,2675,7676,3263
Dwarka,2025-03-29,20,Saturday,1,0,0,Clear,24.4,3263,6851,2296
Dwarka,2025-03-29,21,Saturday,1,0,0,Clear,23.2,2296,4689,1060
Dwarka,2025-03-29,22,Saturday,1,0,0,Clear,21.8,1060,2891,465
Dwarka,2025-03-29,23,Saturday,1,0,0,Clear,20.9,465,1741,185
Dwarka,2025-03-30,0,Sunday,1,1,1,Cloudy,21.8,185,1063,135
Dwarka,2025-03-30,1,Sunday,1,1,1,Cloudy,20.6,135,640,107
Dwarka,2025-03-30,2,Sunday,1,1,1,Cloudy,20.6,107,468,113
Dwarka,2025-03-30,3,Sunday,1,1,1,Cloudy,20.9,113,561,241
Dwarka,2025-03-30,4,Sunday,1,1,1,Cloudy,20.3,241,2811,1873
Dwarka,2025-03-30,5,Sunday,1,1,1,Cloudy,21.0,1873,5427,2969
Dwarka,2025-03-30,6,Sunday,1,1,1,Cloudy,22.7,2969,11751,6826
Dwarka,2025-03-30,7,Sunday,1,1,1,Cloudy,24.5,6826,15661,7628
Dwarka,2025-03-30,8,Sunday,1,1,1,Cloudy,24.9,7628,22938,11333
Dwarka,2025-03-30,9,Sunday,1,1,1,Cloudy,26.5,11333,25849,11210
Dwarka,2025-03-30,10,Sunday,1,1,1,Cloudy,27.7,11210,20030,6212
Dwarka,2025-03-30,11,Sunday,1,1,1,Cloudy,28.7,6212,18240,5636
Dwarka,2025-03-30,12,Sunday,1,1,1,Cloudy,29.4,5636,14884,4488
Dwarka,2025-03-30,13,Sunday,1,1,1,Cloudy,30.6,4488,12387,3979
Dwarka,2025-03-30,14,Sunday,1,1,1,Rainy,30.3,3979,10433,3110
Dwarka,2025-03-30,15,Sunday,1,1,1,Cloudy,29.4,3110,12145,5179
Dwarka,2025-03-30,16,Sunday,1,1,1,Cloudy,30.3,5179,14692,6850
Dwarka,2025-03-30,17,Sunday,1,1,1,Rainy,29.6,6850,15606,6577
Dwarka,2025-03-30,18,Sunday,1,1,1,Cloudy,27.7,6577,19267,8697
Dwarka,2025-03-30,19,Sunday,1,1,1,Cloudy,26.8,8697,21995,9043
Dwarka,2025-03-30,20,Sunday,1,1,1,Cloudy,24.9,9043,18328,5140
Dwarka,2025-03-30,21,Sunday,1,1,1,Cloudy,24.2,5140,14111,3660
Dwarka,2025-03-30,22,Sunday,1,1,1,Cloudy,23.1,3660,8895,1735
Dwarka,2025-03-30,23,Sunday,1,1,1,Cloudy,21.9,1735,4858,495
Dwarka,2025-03-31,0,Monday,0,1,0,Clear,25.1,495,2442,48
Dwarka,2025-03-31,1,Monday,0,1,0,Clear,25.3,48,1212,25
Dwarka,2025-03-31,2,Monday,0,1,0,Clear,24.9,25,609,26
Dwarka,2025-03-31,3,Monday,0,1,0,Clear,24.6,26,414,91
Dwarka,2025-03-31,4,Monday,0,1,0,Clear,25.5,91,928,544
Dwarka,2025-03-31,5,Monday,0,1,0,Clear,26.6,544,1937,1081
Dwarka,2025-03-31,6,Monday,0,1,0,Clear,27.8,1081,3508,1923
Dwarka,2025-03-31,7,Monday,0,1,0,Clear,28.3,1923,5652,2978
Dwarka,2025-03-31,8,Monday,0,1,0,Clear,30.6,2978,6817,3079
Dwarka,2025-03-31,9,Monday,0,1,0,Clear,31.1,3079,6337,2402
Dwarka,2025-03-31,10,Monday,0,1,0,Clear,32.7,2402,5950,2249
Dwarka,2025-03-31,11,Monday,0,1,0,Clear,33.8,2249,5795,2125
Dwarka,2025-03-31,12,Monday,0,1,0,Clear,33.4,2125,4211,1318
Dwarka,2025-03-31,13,Monday,0,1,0,Clear,35.3,1318,3541,1066
Dwarka,2025-03-31,14,Monday,0,1,0,Clear,36.3,1066,3612,1370
Dwarka,2025-03-31,15,Monday,0,1,0,Clear,35.0,1370,3956,1665
Dwarka,2025-03-31,16,Monday,0,1,0,Clear,36.3,1665,5231,2512
Dwarka,2025-03-31,17,Monday,0,1,0,Clear,33.9,2512,5802,2431
Dwarka,2025-03-31,18,Monday,0,1,0,Clear,32.1,2431,7697,3639
Dwarka,2025-03-31,19,Monday,0,1,0,Clear,32.4,3639,8523,3557
Dwarka,2025-03-31,20,Monday,0,1,0,Clear,30.4,3557,7397,2270
Dwarka,2025-03-31,21,Monday,0,1,0,Clear,27.6,2270,4437,891
Dwarka,2025-03-31,22,Monday,0,1,0,Clear,27.5,891,2895,569
Dwarka,2025-03-31,23,Monday,0,1,0,Clear,26.1,569,1630,207
Dwarka,2025-04-01,0,Tuesday,0,0,0,Clear,22.9,207,802,33
Dwarka,2025-04-01,1,Tuesday,0,0,0,Clear,23.3,33,398,25
Dwarka,2025-04-01,2,Tuesday,0,0,0,Clear,23.2,25,213,22
Dwarka,2025-04-01,3,Tuesday,0,0,0,Clear,23.9,22,166,49
Dwarka,2025-04-01,4,Tuesday,0,0,0,Clear,24.9,49,592,377
Dwarka,2025-04-01,5,Tuesday,0,0,0,Clear,25.2,377,1250,702
Dwarka,2025-04-01,6,Tuesday,0,0,0,Clear,25.2,702,2320,1280
Dwarka,2025-04-01,7,Tuesday,0,0,0,Clear,26.4,1280,3692,1899
Dwarka,2025-04-01,8,Tuesday,0,0,0,Clear,27.8,1899,4488,2030
Dwarka,2025-04-01,9,Tuesday,0,0,0,Clear,29.3,2030,4472,1680
Dwarka,2025-04-01,10,Tuesday,0,0,0,Clear,31.0,1680,4068,1356
Dwarka,2025-04-01,11,Tuesday,0,0,0,Clear,31.7,1356,3262,1076
Dwarka,2025-04-01,12,Tuesday,0,0,0,Clear,33.3,1076,2677,811
Dwarka,2025-04-01,13,Tuesday,0,0,0,Clear,33.8,811,2100,669
Dwarka,2025-04-01,14,Tuesday,0,0,0,Clear,33.4,669,2200,893
Dwarka,2025-04-01,15,Tuesday,0,0,0,Clear,34.1,893,2230,826
Dwarka,2025-04-01,16,Tuesday,0,0,0,Clear,33.2,826,2984,1550
Dwarka,2025-04-01,17,Tuesday,0,0,0,Clear,32.6,1550,3569,1610
Dwarka,2025-04-01,18,Tuesday,0,0,0,Clear,30.7,1610,4565,2072
Dwarka,2025-04-01,19,Tuesday,0,0,0,Clear,30.0,2072,4630,1786
Dwarka,2025-04-01,20,Tuesday,0,0,0,Clear,28.4,1786,3577,1065
Dwarka,2025-04-01,21,Tuesday,0,0,0,Clear,27.3,1065,2836,783
Dwarka,2025-04-01,22,Tuesday,0,0,0,Clear,25.2,783,1740,339
Dwarka,2025-04-01,23,Tuesday,0,0,0,Clear,25.1,339,1038,98
Dwarka,2025-04-02,0,Wednesday,0,0,0,Sunny,23.0,98,544,30
Dwarka,2025-04-02,1,Wednesday,0,0,0,Sunny,22.3,30,280,21
Dwarka,2025-04-02,2,Wednesday,0,0,0,Sunny,22.1,21,158,22
Dwarka,2025-04-02,3,Wednesday,0,0,0,Sunny,22.2,22,133,44
Dwarka,2025-04-02,4,Wednesday,0,0,0,Sunny,24.0,44,503,327
Dwarka,2025-04-02,5,Wednesday,0,0,0,Sunny,24.1,327,1270,742
Dwarka,2025-04-02,6,Wednesday,0,0,0,Sunny,25.0,742,2600,1453
Dwarka,2025-04-02,7,Wednesday,0,0,0,Sunny,26.9,1453,3679,1808
Dwarka,2025-04-02,8,Wednesday,0,0,0,Sunny,29.0,1808,4278,1890
Dwarka,2025-04-02,9,Wednesday,0,0,0,Sunny,28.7,1890,4010,1387
Dwarka,2025-04-02,10,Wednesday,0,0,0,Sunny,29.0,1387,3859,1447
Dwarka,2025-04-02,11,Wednesday,0,0,0,Sunny,32.8,1447,3057,954
Dwarka,2025-04-02,12,Wednesday,0,0,0,Sunny,32.2,954,2518,808
Dwarka,2025-04-02,13,Wednesday,0,0,0,Sunny,32.8,808,2070,622
Dwarka,2025-04-02,14,Wednesday,0,0,0,Sunny,31.6,622,2146,876
Dwarka,2025-04-02,15,Wednesday,0,0,0,Sunny,33.4,876,2908,1404
Dwarka,2025-04-02,16,Wednesday,0,0,0,Sunny,33.1,1404,3276,1443
Dwarka,2025-04-02,17,Wednesday,0,0,0,Sunny,32.5,1443,4247,1981
Dwarka,2025-04-02,18,Wednesday,0,0,0,Sunny,30.8,1981,4845,2084
Dwarka,2025-04-02,19,Wednesday,0,0,0,Sunny,28.3,2084,4561,1602
Dwarka,2025-04-02,20,Wednesday,0,0,0,Sunny,27.7,1602,4098,1383
Dwarka,2025-04-02,21,Wednesday,0,0,0,Sunny,25.9,1383,2786,618
Dwarka,2025-04-02,22,Wednesday,0,0,0,Sunny,24.8,618,1725,323
Dwarka,2025-04-02,23,Wednesday,0,0,0,Sunny,23.7,323,992,117
Dwarka,2025-04-03,0,Thursday,0,0,0,Clear,20.8,117,536,34
Dwarka,2025-04-03,1,Thursday,0,0,0,Clear,19.0,34,320,24
Dwarka,2025-04-03,2,Thursday,0,0,0,Clear,19.0,24,181,19
Dwarka,2025-04-03,3,Thursday,0,0,0,Clear,20.0,19,154,53
Dwarka,2025-04-03,4,Thursday,0,0,0,Clear,19.9,53,619,405
Dwarka,2025-04-03,5,Thursday,0,0,0,Clear,21.2,405,1556,930
Dwarka,2025-04-03,6,Thursday,0,0,0,Clear,21.9,930,2886,1608
Dwarka,2025-04-03,7,Thursday,0,0,0,Clear,22.6,1608,3747,1775
Dwarka,2025-04-03,8,Thursday,0,0,0,Clear,24.0,1775,5347,2484
Dwarka,2025-04-03,9,Thursday,0,0,0,Clear,25.7,2484,4970,1798
Dwarka,2025-04-03,10,Thursday,0,0,0,Clear,27.8,1798,4556,1765
Dwarka,2025-04-03,11,Thursday,0,0,0,Clear,28.5,1765,3810,1060
Dwarka,2025-04-03,12,Thursday,0,0,0,Clear,29.3,1060,2861,781
Dwarka,2025-04-03,13,Thursday,0,0,0,Clear,29.4,781,2530,804
Dwarka,2025-04-03,14,Thursday,0,0,0,Clear,29.1,804,2855,1143
Dwarka,2025-04-03,15,Thursday,0,0,0,Clear,29.1,1143,3102,1196
Dwarka,2025-04-03,16,Thursday,0,0,0,Clear,29.8,1196,3576,1501
Dwarka,2025-04-03,17,Thursday,0,0,0,Clear,30.0,1501,4315,1965
Dwarka,2025-04-03,18,Thursday,0,0,0,Clear,27.3,1965,4940,2165
Dwarka,2025-04-03,19,Thursday,0,0,0,Clear,26.1,2165,4296,1484
Dwarka,2025-04-03,20,Thursday,0,0,0,Clear,25.0,1484,3570,1048
Dwarka,2025-04-03,21,Thursday,0,0,0,Clear,22.0,1048,2498,613
Dwarka,2025-04-03,22,Thursday,0,0,0,Clear,22.1,613,1714,379
Dwarka,2025-04-03,23,Thursday,0,0,0,Clear,20.7,379,943,116
Dwarka,2025-04-04,0,Friday,0,0,0,Clear,24.4,116,484,37
Dwarka,2025-04-04,1,Friday,0,0,0,Clear,23.9,37,281,26
Dwarka,2025-04-04,2,Friday,0,0,0,Clear,22.6,26,164,25
Dwarka,2025-04-04,3,Friday,0,0,0,Clear,24.3,25,174,69
Dwarka,2025-04-04,4,Friday,0,0,0,Clear,23.9,69,741,492
Dwarka,2025-04-04,5,Friday,0,0,0,Clear,24.1,492,1454,814
Dwarka,2025-04-04,6,Friday,0,0,0,Clear,26.6,814,2357,1195
Dwarka,2025-04-04,7,Friday,0,0,0,Clear,27.6,1195,3543,1782
Dwarka,2025-04-04,8,Friday,0,0,0,Clear,29.5,1782,5189,2515
Dwarka,2025-04-04,9,Friday,0,0,0,Clear,29.4,2515,5057,1986
Dwarka,2025-04-04,10,Friday,0,0,0,Clear,32.5,1986,5354,1912
Dwarka,2025-04-04,11,Friday,0,0,0,Clear,32.3,1912,4352,1334
Dwarka,2025-04-04,12,Friday,0,0,0,Clear,34.2,1334,3410,969
Dwarka,2025-04-04,13,Friday,0,0,0,Clear,34.0,969,2785,890
Dwarka,2025-04-04,14,Friday,0,0,0,Clear,34.0,890,2756,1052
Dwarka,2025-04-04,15,Friday,0,0,0,Clear,34.5,1052,3588,1719
Dwarka,2025-04-04,16,Friday,0,0,0,Clear,33.2,1719,3981,1661
Dwarka,2025-04-04,17,Friday,0,0,0,Clear,32.3,1661,5179,2343
Dwarka,2025-04-04,18,Friday,0,0,0,Clear,30.0,2343,5962,2617
Dwarka,2025-04-04,19,Friday,0,0,0,Clear,30.5,2617,5487,1818
Dwarka,2025-04-04,20,Friday,0,0,0,Clear,29.4,1818,4932,1625
Dwarka,2025-04-04,21,Friday,0,0,0,Clear,27.1,1625,3566,822
Dwarka,2025-04-04,22,Friday,0,0,0,Clear,25.8,822,2293,451
Dwarka,2025-04-04,23,Friday,0,0,0,Clear,25.4,451,1282,163
Dwarka,2025-04-05,0,Saturday,1,0,0,Cloudy,24.7,163,666,49
Dwarka,2025-04-05,1,Saturday,1,0,0,Cloudy,23.5,49,369,40
Dwarka,2025-04-05,2,Saturday,1,0,0,Cloudy,23.5,40,227,32
Dwarka,2025-04-05,3,Saturday,1,0,0,Cloudy,23.7,32,205,75
Dwarka,2025-04-05,4,Saturday,1,0,0,Cloudy,23.0,75,825,535
Dwarka,2025-04-05,5,Saturday,1,0,0,Cloudy,25.8,535,2265,1376
Dwarka,2025-04-05,6,Saturday,1,0,0,Cloudy,26.0,1376,4482,2503
Dwarka,2025-04-05,7,Saturday,1,0,0,Cloudy,28.4,2503,6128,2839
Dwarka,2025-04-05,8,Saturday,1,0,0,Cloudy,29.2,2839,7255,3414
Dwarka,2025-04-05,9,Saturday,1,0,0,Cloudy,30.6,3414,7112,2746
Dwarka,2025-04-05,10,Saturday,1,0,0,Cloudy,30.5,2746,6611,2364
Dwarka,2025-04-05,11,Saturday,1,0,0,Cloudy,31.7,2364,5448,1628
Dwarka,2025-04-05,12,Saturday,1,0,0,Cloudy,33.8,1628,4633,1383
Dwarka,2025-04-05,13,Saturday,1,0,0,Cloudy,33.7,1383,3708,1175
Dwarka,2025-04-05,14,Saturday,1,0,0,Rainy,33.0,1175,3679,1458
Dwarka,2025-04-05,15,Saturday,1,0,0,Cloudy,33.3,1458,4465,1946
Dwarka,2025-04-05,16,Saturday,1,0,0,Cloudy,33.5,1946,5606,2415
Dwarka,2025-04-05,17,Saturday,1,0,0,Cloudy,31.4,2415,6825,3028
Dwarka,2025-04-05,18,Saturday,1,0,0,Cloudy,31.1,3028,8008,3636
Dwarka,2025-04-05,19,Saturday,1,0,0,Cloudy,29.8,3636,7553,2909
Dwarka,2025-04-05,20,Saturday,1,0,0,Cloudy,27.8,2909,6076,2043
Dwarka,2025-04-05,21,Saturday,1,0,0,Cloudy,26.6,2043,4635,1295
Dwarka,2025-04-05,22,Saturday,1,0,0,Cloudy,26.9,1295,2807,439
Dwarka,2025-04-05,23,Saturday,1,0,0,Cloudy,25.2,439,1615,147
Dwarka,2025-04-06,0,Sunday,1,1,1,Clear,24.6,147,1013,182
Dwarka,2025-04-06,1,Sunday,1,1,1,Clear,24.3,182,679,103
Dwarka,2025-04-06,2,Sunday,1,1,1,Clear,23.7,103,499,128
Dwarka,2025-04-06,3,Sunday,1,1,1,Clear,23.6,128,625,279
Dwarka,2025-04-06,4,Sunday,1,1,1,Clear,25.8,279,2694,1773
Dwarka,2025-04-06,5,Sunday,1,1,1,Clear,25.0,1773,6205,3693
Dwarka,2025-04-06,6,Sunday,1,1,1,Clear,25.4,3693,12189,6753
Dwarka,2025-04-06,7,Sunday,1,1,1,Clear,27.8,6753,17803,8487
Dwarka,2025-04-06,8,Sunday,1,1,1,Clear,28.7,8487,20758,9711
Dwarka,2025-04-06,9,Sunday,1,1,1,Clear,29.3,9711,23623,9870
Dwarka,2025-04-06,10,Sunday,1,1,1,Clear,31.4,9870,21049,6701
Dwarka,2025-04-06,11,Sunday,1,1,1,Clear,33.5,6701,21441,8677
Dwarka,2025-04-06,12,Sunday,1,1,1,Clear,33.0,8677,16180,4123
Dwarka,2025-04-06,13,Sunday,1,1,1,Clear,34.3,4123,12590,3463
Dwarka,2025-04-06,14,Sunday,1,1,1,Clear,34.0,3463,10817,3625
Dwarka,2025-04-06,15,Sunday,1,1,1,Clear,34.2,3625,12360,5248
Dwarka,2025-04-06,16,Sunday,1,1,1,Clear,32.6,5248,16806,8092
Dwarka,2025-04-06,17,Sunday,1,1,1,Clear,32.1,8092,23023,11062
Dwarka,2025-04-06,18,Sunday,1,1,1,Clear,31.4,11062,22247,9286
Dwarka,2025-04-06,19,Sunday,1,1,1,Clear,30.9,9286,21615,7966
Dwarka,2025-04-06,20,Sunday,1,1,1,Clear,28.2,7966,17517,5328
Dwarka,2025-04-06,21,Sunday,1,1,1,Clear,29.1,5328,12355,2803
Dwarka,2025-04-06,22,Sunday,1,1,1,Clear,26.4,2803,7452,1374
Dwarka,2025-04-06,23,Sunday,1,1,1,Clear,25.0,1374,4106,477
Dwarka,2025-04-07,0,Monday,0,0,0,Clear,25.2,477,2056,31
Dwarka,2025-04-07,1,Monday,0,0,0,Clear,25.4,31,1112,22
Dwarka,2025-04-07,2,Monday,0,0,0,Clear,25.7,22,562,24
Dwarka,2025-04-07,3,Monday,0,0,0,Clear,25.5,24,350,52
Dwarka,2025-04-07,4,Monday,0,0,0,Clear,25.9,52,703,395
Dwarka,2025-04-07,5,Monday,0,0,0,Clear,26.7,395,1911,1174
Dwarka,2025-04-07,6,Monday,0,0,0,Clear,27.4,1174,3069,1614
Dwarka,2025-04-07,7,Monday,0,0,0,Clear,28.9,1614,3725,1641
Dwarka,2025-04-07,8,Monday,0,0,0,Clear,30.8,1641,4497,1959
Dwarka,2025-04-07,9,Monday,0,0,0,Clear,30.7,1959,4391,1667
Dwarka,2025-04-07,10,Monday,0,0,0,Clear,32.4,1667,3760,1248
Dwarka,2025-04-07,11,Monday,0,0,0,Clear,34.6,1248,3747,1475
Dwarka,2025-04-07,12,Monday,0,0,0,Clear,35.5,1475,3191,950
Dwarka,2025-04-07,13,Monday,0,0,0,Clear,35.3,950,2375,621
Dwarka,2025-04-07,14,Monday,0,0,0,Clear,35.1,621,2280,857
Dwarka,2025-04-07,15,Monday,0,0,0,Clear,35.3,857,2795,1231
Dwarka,2025-04-07,16,Monday,0,0,0,Clear,34.8,1231,3601,1673
Dwarka,2025-04-07,17,Monday,0,0,0,Clear,34.7,1673,4335,1936
Dwarka,2025-04-07,18,Monday,0,0,0,Clear,32.9,1936,4840,2104
Dwarka,2025-04-07,19,Monday,0,0,0,Clear,31.3,2104,4806,1932
Dwarka,2025-04-07,20,Monday,0,0,0,Clear,30.3,1932,4279,1491
Dwarka,2025-04-07,21,Monday,0,0,0,Clear,29.6,1491,2914,717
Dwarka,2025-04-07,22,Monday,0,0,0,Clear,26.9,717,1840,386
Dwarka,2025-04-07,23,Monday,0,0,0,Clear,27.2,386,1074,98
Dwarka,2025-04-08,0,Tuesday,0,0,0,Clear,23.8,98,573,33
Dwarka,2025-04-08,1,Tuesday,0,0,0,Clear,24.4,33,328,19
Dwarka,2025-04-08,2,Tuesday,0,0,0,Clear,23.8,19,178,17
Dwarka,2025-04-08,3,Tuesday,0,0,0,Clear,23.2,17,165,61
Dwarka,2025-04-08,4,Tuesday,0,0,0,Clear,24.8,61,529,335
Dwarka,2025-04-08,5,Tuesday,0,0,0,Clear,24.2,335,1371,815
Dwarka,2025-04-08,6,Tuesday,0,0,0,Clear,25.8,815,2217,1135
Dwarka,2025-04-08,7,Tuesday,0,0,0,Clear,26.7,1135,3705,1992
Dwarka,2025-04-08,8,Tuesday,0,0,0,Clear,28.4,1992,4290,1929
Dwarka,2025-04-08,9,Tuesday,0,0,0,Clear,30.0,1929,4161,1742
Dwarka,2025-04-08,10,Tuesday,0,0,0,Clear,32.6,1742,3791,1424
Dwarka,2025-04-08,11,Tuesday,0,0,0,Clear,32.1,1424,3644,1311
Dwarka,2025-04-08,12,Tuesday,0,0,0,Clear,34.4,1311,2782,746
Dwarka,2025-04-08,13,Tuesday,0,0,0,Clear,34.3,746,2450,770
Dwarka,2025-04-08,14,Tuesday,0,0,0,Clear,33.8,770,2285,848
Dwarka,2025-04-08,15,Tuesday,0,0,0,Clear,34.1,848,2641,1211
Dwarka,2025-04-08,16,Tuesday,0,0,0,Clear,34.2,1211,2976,1280
Dwarka,2025-04-08,17,Tuesday,0,0,0,Clear,33.5,1280,4011,1895
Dwarka,2025-04-08,18,Tuesday,0,0,0,Clear,30.9,1895,4366,1741
Dwarka,2025-04-08,19,Tuesday,0,0,0,Clear,30.0,1741,4257,1526
Dwarka,2025-04-08,20,Tuesday,0,0,0,Clear,28.4,1526,3741,1254
Dwarka,2025-04-08,21,Tuesday,0,0,0,Clear,27.7,1254,2643,666
Dwarka,2025-04-08,22,Tuesday,0,0,0,Clear,25.7,666,1661,322
Dwarka,2025-04-08,23,Tuesday,0,0,0,Clear,25.9,322,889,99
Dwarka,2025-04-09,0,Wednesday,0,0,0,Clear,22.4,99,461,30
Dwarka,2025-04-09,1,Wednesday,0,0,0,Clear,22.1,30,269,22
Dwarka,2025-04-09,2,Wednesday,0,0,0,Clear,21.9,22,161,19
Dwarka,2025-04-09,3,Wednesday,0,0,0,Clear,22.2,19,165,62
Dwarka,2025-04-09,4,Wednesday,0,0,0,Clear,22.4,62,547,349
Dwarka,2025-04-09,5,Wednesday,0,0,0,Clear,22.4,349,1137,635
Dwarka,2025-04-09,6,Wednesday,0,0,0,Clear,23.6,635,2713,1630
Dwarka,2025-04-09,7,Wednesday,0,0,0,Clear,25.7,1630,3454,1656
Dwarka,2025-04-09,8,Wednesday,0,0,0,Clear,27.3,1656,4625,2185
Dwarka,2025-04-09,9,Wednesday,0,0,0,Clear,27.7,2185,4669,1798
Dwarka,2025-04-09,10,Wednesday,0,0,0,Clear,28.5,1798,4321,1378
Dwarka,2025-04-09,11,Wednesday,0,0,0,Clear,31.7,1378,4060,1434
Dwarka,2025-04-09,12,Wednesday,0,0,0,Clear,30.7,1434,2893,752
Dwarka,2025-04-09,13,Wednesday,0,0,0,Clear,31.1,752,2779,937
Dwarka,2025-04-09,14,Wednesday,0,0,0,Clear,32.1,937,2451,783
Dwarka,2025-04-09,15,Wednesday,0,0,0,Clear,31.3,783,2379,878
Dwarka,2025-04-09,16,Wednesday,0,0,0,Clear,30.4,878,2965,1361
Dwarka,2025-04-09,17,Wednesday,0,0,0,Clear,29.8,1361,3920,1854
Dwarka,2025-04-09,18,Wednesday,0,0,0,Clear,27.9,1854,5056,2420
Dwarka,2025-04-09,19,Wednesday,0,0,0,Clear,27.2,2420,4560,1590
Dwarka,2025-04-09,20,Wednesday,0,0,0,Clear,27.2,1590,3981,1282
Dwarka,2025-04-09,21,Wednesday,0,0,0,Clear,25.2,1282,2945,744
Dwarka,2025-04-09,22,Wednesday,0,0,0,Clear,22.6,744,1902,301
Dwarka,2025-04-09,23,Wednesday,0,0,0,Clear,25.0,301,1052,89
Dwarka,2025-04-10,0,Thursday,0,0,0,Sunny,22.8,89,517,35
Dwarka,2025-04-10,1,Thursday,0,0,0,Sunny,22.8,35,290,21
Dwarka,2025-04-10,2,Thursday,0,0,0,Sunny,22.2,21,170,23
Dwarka,2025-04-10,3,Thursday,0,0,0,Sunny,23.2,23,157,60
Dwarka,2025-04-10,4,Thursday,0,0,0,Sunny,24.0,60,555,352
Dwarka,2025-04-10,5,Thursday,0,0,0,Sunny,24.6,352,1322,788
Dwarka,2025-04-10,6,Thursday,0,0,0,Sunny,26.0,788,2903,1693
Dwarka,2025-04-10,7,Thursday,0,0,0,Sunny,26.1,1693,3982,1992
Dwarka,2025-04-10,8,Thursday,0,0,0,Sunny,27.3,1992,4242,1756
Dwarka,2025-04-10,9,Thursday,0,0,0,Sunny,28.7,1756,3823,1409
Dwarka,2025-04-10,10,Thursday,0,0,0,Sunny,31.1,1409,3553,1296
Dwarka,2025-04-10,11,Thursday,0,0,0,Sunny,33.0,1296,3398,1232
Dwarka,2025-04-10,12,Thursday,0,0,0,Sunny,32.1,1232,3096,1118
Dwarka,2025-04-10,13,Thursday,0,0,0,Sunny,33.0,1118,2666,884
Dwarka,2025-04-10,14,Thursday,0,0,0,Sunny,33.4,884,2458,886
Dwarka,2025-04-10,15,Thursday,0,0,0,Sunny,33.4,886,2852,1267
Dwarka,2025-04-10,16,Thursday,0,0,0,Sunny,32.2,1267,3235,1453
Dwarka,2025-04-10,17,Thursday,0,0,0,Sunny,30.9,1453,4341,2011
Dwarka,2025-04-10,18,Thursday,0,0,0,Sunny,31.3,2011,4190,1579
Dwarka,2025-04-10,19,Thursday,0,0,0,Sunny,28.8,1579,4338,1755
Dwarka,2025-04-10,20,Thursday,0,0,0,Sunny,28.5,1755,3628,1291
Dwarka,2025-04-10,21,Thursday,0,0,0,Sunny,26.2,1291,2769,755
Dwarka,2025-04-10,22,Thursday,0,0,0,Sunny,24.6,755,1696,269
Dwarka,2025-04-10,23,Thursday,0,0,0,Sunny,23.6,269,915,88
Dwarka,2025-04-11,0,Friday,0,0,0,Clear,21.8,88,475,38
Dwarka,2025-04-11,1,Friday,0,0,0,Clear,21.8,38,262,24
Dwarka,2025-04-11,2,Friday,0,0,0,Clear,22.1,24,172,28
Dwarka,2025-04-11,3,Friday,0,0,0,Clear,22.2,28,169,65
Dwarka,2025-04-11,4,Friday,0,0,0,Clear,22.0,65,618,398
Dwarka,2025-04-11,5,Friday,0,0,0,Clear,23.5,398,1471,870
Dwarka,2025-04-11,6,Friday,0,0,0,Clear,23.8,870,3051,1751
Dwarka,2025-04-11,7,Friday,0,0,0,Clear,25.0,1751,4177,1982
Dwarka,2025-04-11,8,Friday,0,0,0,Clear,26.7,1982,5032,2223
Dwarka,2025-04-11,9,Friday,0,0,0,Clear,27.9,2223,5523,2389
Dwarka,2025-04-11,10,Friday,0,0,0,Clear,29.3,2389,4625,1496
Dwarka,2025-04-11,11,Friday,0,0,0,Clear,29.5,1496,4453,1591
Dwarka,2025-04-11,12,Friday,0,0,0,Clear,31.8,1591,3415,1016
Dwarka,2025-04-11,13,Friday,0,0,0,Clear,31.4,1016,3193,1064
Dwarka,2025-04-11,14,Friday,0,0,0,Clear,32.1,1064,3002,1011
Dwarka,2025-04-11,15,Friday,0,0,0,Clear,31.5,1011,3469,1430
Dwarka,2025-04-11,16,Friday,0,0,0,Clear,30.8,1430,4444,2026
Dwarka,2025-04-11,17,Friday,0,0,0,Clear,30.5,2026,4784,2021
Dwarka,2025-04-11,18,Friday,0,0,0,Clear,29.6,2021,5118,2079
Dwarka,2025-04-11,19,Friday,0,0,0,Clear,28.5,2079,5360,2278
Dwarka,2025-04-11,20,Friday,0,0,0,Clear,27.6,2278,5137,1860
Dwarka,2025-04-11,21,Friday,0,0,0,Clear,24.8,1860,3609,851
Dwarka,2025-04-11,22,Friday,0,0,0,Clear,24.3,851,2271,381
Dwarka,2025-04-11,23,Friday,0,0,0,Clear,23.0,381,1242,131
Dwarka,2025-04-12,0,Saturday,1,0,0,Clear,23.1,131,698,63
Dwarka,2025-04-12,1,Saturday,1,0,0,Clear,22.2,63,391,39
Dwarka,2025-04-12,2,Saturday,1,0,0,Clear,20.3,39,230,34
Dwarka,2025-04-12,3,Saturday,1,0,0,Clear,20.7,34,213,74
Dwarka,2025-04-12,4,Saturday,1,0,0,Clear,22.1,74,821,535
Dwarka,2025-04-12,5,Saturday,1,0,0,Clear,23.4,535,2001,1188
Dwarka,2025-04-12,6,Saturday,1,0,0,Clear,23.7,1188,4328,2525
Dwarka,2025-04-12,7,Saturday,1,0,0,Clear,25.2,2525,6223,3053
Dwarka,2025-04-12,8,Saturday,1,0,0,Clear,26.5,3053,7895,3393
Dwarka,2025-04-12,9,Saturday,1,0,0,Clear,29.4,3393,6982,2690
Dwarka,2025-04-12,10,Saturday,1,0,0,Clear,29.4,2690,6931,2520
Dwarka,2025-04-12,11,Saturday,1,0,0,Clear,30.3,2520,6266,2038
Dwarka,2025-04-12,12,Saturday,1,0,0,Clear,31.8,2038,4494,1192
Dwarka,2025-04-12,13,Saturday,1,0,0,Clear,31.5,1192,3816,1247
Dwarka,2025-04-12,14,Saturday,1,0,0,Clear,32.0,1247,4266,1686
Dwarka,2025-04-12,15,Saturday,1,0,0,Clear,31.9,1686,4392,1748
Dwarka,2025-04-12,16,Saturday,1,0,0,Clear,31.0,1748,5814,2715
Dwarka,2025-04-12,17,Saturday,1,0,0,Clear,31.4,2715,6890,2997
Dwarka,2025-04-12,18,Saturday,1,0,0,Clear,30.5,2997,7650,3199
Dwarka,2025-04-12,19,Saturday,1,0,0,Clear,27.3,3199,7368,2844
Dwarka,2025-04-12,20,Saturday,1,0,0,Clear,27.1,2844,6274,2150
Dwarka,2025-04-12,21,Saturday,1,0,0,Clear,25.6,2150,4855,1259
Dwarka,2025-04-12,22,Saturday,1,0,0,Clear,23.1,1259,3166,552
Dwarka,2025-04-12,23,Saturday,1,0,0,Clear,22.5,552,1720,151
Dwarka,2025-04-13,0,Sunday,1,0,0,Sunny,25.4,151,890,61
Dwarka,2025-04-13,1,Sunday,1,0,0,Sunny,24.8,61,492,50
Dwarka,2025-04-13,2,Sunday,1,0,0,Sunny,24.5,50,311,54
Dwarka,2025-04-13,3,Sunday,1,0,0,Sunny,25.3,54,261,96
Dwarka,2025-04-13,4,Sunday,1,0,0,Sunny,24.7,96,1182,780
Dwarka,2025-04-13,5,Sunday,1,0,0,Sunny,25.0,780,3464,2142
Dwarka,2025-04-13,6,Sunday,1,0,0,Sunny,28.3,2142,5571,2864
Dwarka,2025-04-13,7,Sunday,1,0,0,Sunny,28.8,2864,8617,4425
Dwarka,2025-04-13,8,Sunday,1,0,0,Sunny,30.4,4425,10727,4982
Dwarka,2025-04-13,9,Sunday,1,0,0,Sunny,31.7,4982,9520,3104
Dwarka,2025-04-13,10,Sunday,1,0,0,Sunny,34.0,3104,8389,2845
Dwarka,2025-04-13,11,Sunday,1,0,0,Sunny,34.4,2845,7737,2724
Dwarka,2025-04-13,12,Sunday,1,0,0,Sunny,34.5,2724,6118,1793
Dwarka,2025-04-13,13,Sunday,1,0,0,Sunny,35.3,1793,4861,1433
Dwarka,2025-04-13,14,Sunday,1,0,0,Sunny,36.3,1433,4763,1907
Dwarka,2025-04-13,15,Sunday,1,0,0,Sunny,35.1,1907,5349,2382
Dwarka,2025-04-13,16,Sunday,1,0,0,Sunny,34.8,2382,6729,3142
Dwarka,2025-04-13,17,Sunday,1,0,0,Sunny,34.0,3142,7718,3533
Dwarka,2025-04-13,18,Sunday,1,0,0,Sunny,33.2,3533,8450,3649
Dwarka,2025-04-13,19,Sunday,1,0,0,Sunny,30.4,3649,8950,3561
Dwarka,2025-04-13,20,Sunday,1,0,0,Sunny,30.2,3561,9623,3773
Dwarka,2025-04-13,21,Sunday,1,0,0,Sunny,28.2,3773,7176,1431
Dwarka,2025-04-13,22,Sunday,1,0,0,Sunny,28.2,1431,4483,760
Dwarka,2025-04-13,23,Sunday,1,0,0,Sunny,26.6,760,2436,198
Dwarka,2025-04-14,0,Monday,0,1,1,Clear,23.9,198,1125,90
Dwarka,2025-04-14,1,Monday,0,1,1,Clear,23.4,90,557,37
Dwarka,2025-04-14,2,Monday,0,1,1,Clear,23.0,37,335,44
Dwarka,2025-04-14,3,Monday,0,1,1,Clear,24.9,44,304,113
Dwarka,2025-04-14,4,Monday,0,1,1,Clear,24.4,113,1376,910
Dwarka,2025-04-14,5,Monday,0,1,1,Clear,24.8,910,2624,1469
Dwarka,2025-04-14,6,Monday,0,1,1,Clear,26.6,1469,6394,3857
Dwarka,2025-04-14,7,Monday,0,1,1,Clear,27.9,3857,9672,4735
Dwarka,2025-04-14,8,Monday,0,1,1,Clear,28.4,4735,12298,5343
Dwarka,2025-04-14,9,Monday,0,1,1,Clear,29.7,5343,12213,4281
Dwarka,2025-04-14,10,Monday,0,1,1,Clear,31.1,4281,10324,3187
Dwarka,2025-04-14,11,Monday,0,1,1,Clear,31.6,3187,9111,2945
Dwarka,2025-04-14,12,Monday,0,1,1,Clear,33.1,2945,7501,2128
Dwarka,2025-04-14,13,Monday,0,1,1,Clear,34.0,2128,5889,1649
Dwarka,2025-04-14,14,Monday,0,1,1,Clear,33.2,1649,5151,1830
Dwarka,2025-04-14,15,Monday,0,1,1,Clear,34.3,1830,7241,3742
Dwarka,2025-04-14,16,Monday,0,1,1,Clear,33.8,3742,8968,3940
Dwarka,2025-04-14,17,Monday,0,1,1,Clear,33.3,3940,9083,3714
Dwarka,2025-04-14,18,Monday,0,1,1,Clear,31.8,3714,10765,4755
Dwarka,2025-04-14,19,Monday,0,1,1,Clear,30.4,4755,9779,3219
Dwarka,2025-04-14,20,Monday,0,1,1,Clear,28.9,3219,9686,3687
Dwarka,2025-04-14,21,Monday,0,1,1,Clear,26.4,3687,7366,1893
Dwarka,2025-04-14,22,Monday,0,1,1,Clear,25.3,1893,4551,699
Dwarka,2025-04-14,23,Monday,0,1,1,Clear,25.5,699,2681,195
Dwarka,2025-04-15,0,Tuesday,0,0,0,Clear,23.9,195,1481,29
Dwarka,2025-04-15,1,Tuesday,0,0,0,Clear,23.2,29,719,20
Dwarka,2025-04-15,2,Tuesday,0,0,0,Clear,23.8,20,351,19
Dwarka,2025-04-15,3,Tuesday,0,0,0,Clear,23.6,19,230,49
Dwarka,2025-04-15,4,Tuesday,0,0,0,Clear,23.9,49,659,408
Dwarka,2025-04-15,5,Tuesday,0,0,0,Clear,24.4,408,1286,718
Dwarka,2025-04-15,6,Tuesday,0,0,0,Clear,25.4,718,2886,1661
Dwarka,2025-04-15,7,Tuesday,0,0,0,Clear,28.3,1661,3674,1803
Dwarka,2025-04-15,8,Tuesday,0,0,0,Clear,29.7,1803,3973,1688
Dwarka,2025-04-15,9,Tuesday,0,0,0,Clear,30.2,1688,4667,1970
Dwarka,2025-04-15,10,Tuesday,0,0,0,Clear,32.0,1970,4046,1365
Dwarka,2025-04-15,11,Tuesday,0,0,0,Clear,32.7,1365,3576,1146
Dwarka,2025-04-15,12,Tuesday,0,0,0,Clear,33.8,1146,2673,869
Dwarka,2025-04-15,13,Tuesday,0,0,0,Clear,33.9,869,2237,699
Dwarka,2025-04-15,14,Tuesday,0,0,0,Clear,33.6,699,2090,734
Dwarka,2025-04-15,15,Tuesday,0,0,0,Clear,33.6,734,2580,1193
Dwarka,2025-04-15,16,Tuesday,0,0,0,Clear,34.2,1193,3491,1655
Dwarka,2025-04-15,17,Tuesday,0,0,0,Clear,32.4,1655,4433,2018
Dwarka,2025-04-15,18,Tuesday,0,0,0,Clear,31.6,2018,5298,2236
Dwarka,2025-04-15,19,Tuesday,0,0,0,Clear,29.4,2236,4370,1427
Dwarka,2025-04-15,20,Tuesday,0,0,0,Clear,27.9,1427,3787,1205
Dwarka,2025-04-15,21,Tuesday,0,0,0,Clear,27.4,1205,2817,664
Dwarka,2025-04-15,22,Tuesday,0,0,0,Clear,26.2,664,1857,316
Dwarka,2025-04-15,23,Tuesday,0,0,0,Clear,25.0,316,1047,130
Dwarka,2025-04-16,0,Wednesday,0,0,0,Clear,22.9,130,553,28
Dwarka,2025-04-16,1,Wednesday,0,0,0,Clear,20.8,28,291,24
Dwarka,2025-04-16,2,Wednesday,0,0,0,Clear,21.2,24,172,19
Dwarka,2025-04-16,3,Wednesday,0,0,0,Clear,20.8,19,163,63
Dwarka,2025-04-16,4,Wednesday,0,0,0,Clear,20.9,63,624,406
Dwarka,2025-04-16,5,Wednesday,0,0,0,Clear,22.5,406,1287,746
Dwarka,2025-04-16,6,Wednesday,0,0,0,Clear,23.6,746,2842,1625
Dwarka,2025-04-16,7,Wednesday,0,0,0,Clear,25.0,1625,4004,2009
Dwarka,2025-04-16,8,Wednesday,0,0,0,Clear,26.1,2009,4617,2006
Dwarka,2025-04-16,9,Wednesday,0,0,0,Clear,27.5,2006,3979,1477
Dwarka,2025-04-16,10,Wednesday,0,0,0,Clear,29.4,1477,4008,1490
Dwarka,2025-04-16,11,Wednesday,0,0,0,Clear,29.7,1490,3399,1092
Dwarka,2025-04-16,12,Wednesday,0,0,0,Clear,31.3,1092,2784,805
Dwarka,2025-04-16,13,Wednesday,0,0,0,Clear,30.7,805,2290,710
Dwarka,2025-04-16,14,Wednesday,0,0,0,Clear,32.2,710,2412,901
Dwarka,2025-04-16,15,Wednesday,0,0,0,Clear,30.5,901,2727,1155
Dwarka,2025-04-16,16,Wednesday,0,0,0,Clear,31.2,1155,3255,1360
Dwarka,2025-04-16,17,Wednesday,0,0,0,Clear,30.0,1360,3767,1634
Dwarka,2025-04-16,18,Wednesday,0,0,0,Clear,28.7,1634,5705,2816
Dwarka,2025-04-16,19,Wednesday,0,0,0,Clear,27.6,2816,5072,1632
Dwarka,2025-04-16,20,Wednesday,0,0,0,Clear,26.8,1632,3694,875
Dwarka,2025-04-16,21,Wednesday,0,0,0,Clear,24.9,875,2685,618
Dwarka,2025-04-16,22,Wednesday,0,0,0,Clear,25.0,618,1808,332
Dwarka,2025-04-16,23,Wednesday,0,0,0,Clear,23.6,332,914,94
Dwarka,2025-04-17,0,Thursday,0,0,0,Clear,27.2,94,450,31
Dwarka,2025-04-17,1,Thursday,0,0,0,Clear,26.2,31,247,24
Dwarka,2025-04-17,2,Thursday,0,0,0,Clear,25.6,24,147,21
Dwarka,2025-04-17,3,Thursday,0,0,0,Clear,25.1,21,137,53
Dwarka,2025-04-17,4,Thursday,0,0,0,Clear,27.2,53,492,313
Dwarka,2025-04-17,5,Thursday,0,0,0,Clear,27.4,313,1263,758
Dwarka,2025-04-17,6,Thursday,0,0,0,Clear,28.2,758,2616,1505
Dwarka,2025-04-17,7,Thursday,0,0,0,Clear,29.6,1505,3782,1924
Dwarka,2025-04-17,8,Thursday,0,0,0,Clear,30.6,1924,4587,2055
Dwarka,2025-04-17,9,Thursday,0,0,0,Clear,32.8,2055,4706,1850
Dwarka,2025-04-17,10,Thursday,0,0,0,Clear,34.3,1850,4094,1527
Dwarka,2025-04-17,11,Thursday,0,0,0,Clear,34.0,1527,4074,1562
Dwarka,2025-04-17,12,Thursday,0,0,0,Clear,36.5,1562,3066,827
Dwarka,2025-04-17,13,Thursday,0,0,0,Clear,36.1,827,2859,1014
Dwarka,2025-04-17,14,Thursday,0,0,0,Clear,36.3,1014,2523,752
Dwarka,2025-04-17,15,Thursday,0,0,0,Clear,36.3,752,3014,1297
Dwarka,2025-04-17,16,Thursday,0,0,0,Clear,35.6,1297,3690,1694
Dwarka,2025-04-17,17,Thursday,0,0,0,Clear,34.5,1694,4769,2231
Dwarka,2025-04-17,18,Thursday,0,0,0,Clear,34.3,2231,5343,2208
Dwarka,2025-04-17,19,Thursday,0,0,0,Clear,31.8,2208,4694,1608
Dwarka,2025-04-17,20,Thursday,0,0,0,Clear,30.8,1608,4226,1362
Dwarka,2025-04-17,21,Thursday,0,0,0,Clear,30.8,1362,3037,725
Dwarka,2025-04-17,22,Thursday,0,0,0,Clear,29.0,725,1864,348
Dwarka,2025-04-17,23,Thursday,0,0,0,Clear,28.7,348,1099,120
Dwarka,2025-04-18,0,Friday,0,1,0,Sunny,26.0,120,582,54
Dwarka,2025-04-18,1,Friday,0,1,0,Sunny,25.2,54,324,38
Dwarka,2025-04-18,2,Friday,0,1,0,Sunny,25.8,38,203,36
Dwarka,2025-04-18,3,Friday,0,1,0,Sunny,25.0,36,232,98
Dwarka,2025-04-18,4,Friday,0,1,0,Sunny,26.3,98,967,634
Dwarka,2025-04-18,5,Friday,0,1,0,Sunny,26.8,634,2312,1366
Dwarka,2025-04-18,6,Friday,0,1,0,Sunny,28.0,1366,3943,2066
Dwarka,2025-04-18,7,Friday,0,1,0,Sunny,30.5,2066,6291,3251
Dwarka,2025-04-18,8,Friday,0,1,0,Sunny,30.2,3251,7926,3572
Dwarka,2025-04-18,9,Friday,0,1,0,Sunny,32.0,3572,7662,2915
Dwarka,2025-04-18,10,Friday,0,1,0,Sunny,33.4,2915,6815,2102
Dwarka,2025-04-18,11,Friday,0,1,0,Sunny,34.5,2102,6302,2361
Dwarka,2025-04-18,12,Friday,0,1,0,Sunny,35.0,2361,4989,1335
Dwarka,2025-04-18,13,Friday,0,1,0,Sunny,36.8,1335,4411,1319
Dwarka,2025-04-18,14,Friday,0,1,0,Sunny,37.2,1319,4660,1934
Dwarka,2025-04-18,15,Friday,0,1,0,Sunny,35.7,1934,5374,2348
Dwarka,2025-04-18,16,Friday,0,1,0,Sunny,35.1,2348,5881,2379
Dwarka,2025-04-18,17,Friday,0,1,0,Sunny,34.4,2379,7080,2980
Dwarka,2025-04-18,18,Friday,0,1,0,Sunny,34.3,2980,8420,3691
Dwarka,2025-04-18,19,Friday,0,1,0,Sunny,33.4,3691,8080,3035
Dwarka,2025-04-18,20,Friday,0,1,0,Sunny,31.2,3035,6706,1965
Dwarka,2025-04-18,21,Friday,0,1,0,Sunny,29.6,1965,4830,1114
Dwarka,2025-04-18,22,Friday,0,1,0,Sunny,27.0,1114,2986,486
Dwarka,2025-04-18,23,Friday,0,1,0,Sunny,26.9,486,1716,149
Dwarka,2025-04-19,0,Saturday,1,0,0,Clear,19.9,149,898,54
Dwarka,2025-04-19,1,Saturday,1,0,0,Clear,19.1,54,491,37
Dwarka,2025-04-19,2,Saturday,1,0,0,Clear,19.0,37,300,37
Dwarka,2025-04-19,3,Saturday,1,0,0,Clear,19.8,37,278,98
Dwarka,2025-04-19,4,Saturday,1,0,0,Clear,19.4,98,890,559
Dwarka,2025-04-19,5,Saturday,1,0,0,Clear,21.3,559,2938,1844
Dwarka,2025-04-19,6,Saturday,1,0,0,Clear,21.1,1844,4496,2167
Dwarka,2025-04-19,7,Saturday,1,0,0,Clear,23.0,2167,6117,3009
Dwarka,2025-04-19,8,Saturday,1,0,0,Clear,25.4,3009,7489,3457
Dwarka,2025-04-19,9,Saturday,1,0,0,Clear,25.2,3457,7670,3013
Dwarka,2025-04-19,10,Saturday,1,0,0,Clear,27.6,3013,7185,2631
Dwarka,2025-04-19,11,Saturday,1,0,0,Clear,27.9,2631,6035,1986
Dwarka,2025-04-19,12,Saturday,1,0,0,Clear,28.9,1986,4672,1411
Dwarka,2025-04-19,13,Saturday,1,0,0,Clear,29.9,1411,3738,1178
Dwarka,2025-04-19,14,Saturday,1,0,0,Clear,29.5,1178,3881,1540
Dwarka,2025-04-19,15,Saturday,1,0,0,Clear,29.8,1540,4895,2156
Dwarka,2025-04-19,16,Saturday,1,0,0,Clear,29.2,2156,5349,2245
Dwarka,2025-04-19,17,Saturday,1,0,0,Clear,27.6,2245,8065,3883
Dwarka,2025-04-19,18,Saturday,1,0,0,Clear,27.5,3883,9055,3804
Dwarka,2025-04-19,19,Saturday,1,0,0,Clear,26.0,3804,7469,2325
Dwarka,2025-04-19,20,Saturday,1,0,0,Clear,23.9,2325,6524,2185
Dwarka,2025-04-19,21,Saturday,1,0,0,Clear,24.3,2185,5032,1375
Dwarka,2025-04-19,22,Saturday,1,0,0,Clear,21.7,1375,3284,646
Dwarka,2025-04-19,23,Saturday,1,0,0,Clear,21.0,646,1783,177
Dwarka,2025-04-20,0,Sunday,1,0,1,Clear,23.1,177,1041,163
Dwarka,2025-04-20,1,Sunday,1,0,1,Clear,24.0,163,633,109
Dwarka,2025-04-20,2,Sunday,1,0,1,Clear,23.7,109,437,97
Dwarka,2025-04-20,3,Sunday,1,0,1,Clear,22.7,97,622,306
Dwarka,2025-04-20,4,Sunday,1,0,1,Clear,23.6,306,2476,1596
Dwarka,2025-04-20,5,Sunday,1,0,1,Clear,24.2,1596,8352,5274
Dwarka,2025-04-20,6,Sunday,1,0,1,Clear,26.0,5274,12402,6256
Dwarka,2025-04-20,7,Sunday,1,0,1,Clear,27.7,6256,17042,8401
Dwarka,2025-04-20,8,Sunday,1,0,1,Clear,27.6,8401,18837,7860
Dwarka,2025-04-20,9,Sunday,1,0,1,Clear,31.6,7860,18623,6900
Dwarka,2025-04-20,10,Sunday,1,0,1,Clear,31.2,6900,21071,8806
Dwarka,2025-04-20,11,Sunday,1,0,1,Clear,32.7,8806,16673,4787
Dwarka,2025-04-20,12,Sunday,1,0,1,Clear,33.0,4787,13767,4207
Dwarka,2025-04-20,13,Sunday,1,0,1,Clear,34.0,4207,12426,4287
Dwarka,2025-04-20,14,Sunday,1,0,1,Clear,33.4,4287,11139,4001
Dwarka,2025-04-20,15,Sunday,1,0,1,Clear,32.9,4001,12201,4896
Dwarka,2025-04-20,16,Sunday,1,0,1,Clear,32.8,4896,15047,6604
Dwarka,2025-04-20,17,Sunday,1,0,1,Clear,32.4,6604,20166,9527
Dwarka,2025-04-20,18,Sunday,1,0,1,Clear,30.7,9527,25029,11881
Dwarka,2025-04-20,19,Sunday,1,0,1,Clear,28.6,11881,23686,8889
Dwarka,2025-04-20,20,Sunday,1,0,1,Clear,29.7,8889,19563,6677
Dwarka,2025-04-20,21,Sunday,1,0,1,Clear,27.3,6677,14926,3928
Dwarka,2025-04-20,22,Sunday,1,0,1,Clear,26.0,3928,8780,1642
Dwarka,2025-04-20,23,Sunday,1,0,1,Clear,24.2,1642,5356,709
Dwarka,2025-04-21,0,Monday,0,0,0,Clear,21.9,709,2491,35
Dwarka,2025-04-21,1,Monday,0,0,0,Clear,21.4,35,1181,22
Dwarka,2025-04-21,2,Monday,0,0,0,Clear,20.7,22,553,25
Dwarka,2025-04-21,3,Monday,0,0,0,Clear,21.7,25,345,61
Dwarka,2025-04-21,4,Monday,0,0,0,Clear,22.0,61,758,443
Dwarka,2025-04-21,5,Monday,0,0,0,Clear,22.4,443,1434,777
Dwarka,2025-04-21,6,Monday,0,0,0,Clear,24.7,777,2419,1256
Dwarka,2025-04-21,7,Monday,0,0,0,Clear,25.6,1256,4225,2253
Dwarka,2025-04-21,8,Monday,0,0,0,Clear,26.5,2253,5251,2335
Dwarka,2025-04-21,9,Monday,0,0,0,Clear,29.2,2335,5288,2036
Dwarka,2025-04-21,10,Monday,0,0,0,Clear,28.4,2036,4295,1436
Dwarka,2025-04-21,11,Monday,0,0,0,Clear,30.1,1436,3970,1414
Dwarka,2025-04-21,12,Monday,0,0,0,Clear,31.7,1414,3104,916
Dwarka,2025-04-21,13,Monday,0,0,0,Clear,31.6,916,2601,815
Dwarka,2025-04-21,14,Monday,0,0,0,Clear,31.8,815,2373,853
Dwarka,2025-04-21,15,Monday,0,0,0,Clear,32.9,853,2948,1402
Dwarka,2025-04-21,16,Monday,0,0,0,Clear,29.6,1402,3652,1610
Dwarka,2025-04-21,17,Monday,0,0,0,Clear,29.9,1610,4779,2238
Dwarka,2025-04-21,18,Monday,0,0,0,Clear,29.0,2238,5404,2349
Dwarka,2025-04-21,19,Monday,0,0,0,Clear,27.7,2349,5164,1907
Dwarka,2025-04-21,20,Monday,0,0,0,Clear,27.6,1907,4494,1435
Dwarka,2025-04-21,21,Monday,0,0,0,Clear,25.1,1435,3277,855
Dwarka,2025-04-21,22,Monday,0,0,0,Clear,24.0,855,2054,296
Dwarka,2025-04-21,23,Monday,0,0,0,Clear,23.0,296,1293,140
Dwarka,2025-04-22,0,Tuesday,0,0,0,Cloudy,28.5,140,630,29
Dwarka,2025-04-22,1,Tuesday,0,0,0,Cloudy,28.0,29,338,20
Dwarka,2025-04-22,2,Tuesday,0,0,0,Cloudy,28.3,20,179,18
Dwarka,2025-04-22,3,Tuesday,0,0,0,Cloudy,27.3,18,161,54
Dwarka,2025-04-22,4,Tuesday,0,0,0,Cloudy,27.5,54,575,372
Dwarka,2025-04-22,5,Tuesday,0,0,0,Cloudy,28.3,372,1239,719
Dwarka,2025-04-22,6,Tuesday,0,0,0,Cloudy,30.4,719,2479,1357
Dwarka,2025-04-22,7,Tuesday,0,0,0,Cloudy,31.0,1357,3460,1628
Dwarka,2025-04-22,8,Tuesday,0,0,0,Cloudy,32.5,1628,4608,2150
Dwarka,2025-04-22,9,Tuesday,0,0,0,Cloudy,32.5,2150,4805,1846
Dwarka,2025-04-22,10,Tuesday,0,0,0,Cloudy,35.7,1846,3689,1081
Dwarka,2025-04-22,11,Tuesday,0,0,0,Cloudy,35.9,1081,3288,1010
Dwarka,2025-04-22,12,Tuesday,0,0,0,Cloudy,37.1,1010,2667,774
Dwarka,2025-04-22,13,Tuesday,0,0,0,Cloudy,38.0,774,1854,456
Dwarka,2025-04-22,14,Tuesday,0,0,0,Cloudy,36.9,456,2058,866
Dwarka,2025-04-22,15,Tuesday,0,0,0,Rainy,37.4,866,2398,993
Dwarka,2025-04-22,16,Tuesday,0,0,0,Rainy,37.5,993,2484,975
Dwarka,2025-04-22,17,Tuesday,0,0,0,Cloudy,35.8,975,3399,1724
Dwarka,2025-04-22,18,Tuesday,0,0,0,Cloudy,35.7,1724,4043,1765
Dwarka,2025-04-22,19,Tuesday,0,0,0,Cloudy,33.9,1765,4453,1870
Dwarka,2025-04-22,20,Tuesday,0,0,0,Cloudy,32.5,1870,3969,1409
Dwarka,2025-04-22,21,Tuesday,0,0,0,Cloudy,31.7,1409,2706,664
Dwarka,2025-04-22,22,Tuesday,0,0,0,Cloudy,29.9,664,1815,317
Dwarka,2025-04-22,23,Tuesday,0,0,0,Cloudy,29.7,317,955,94
Dwarka,2025-04-23,0,Wednesday,0,0,0,Sunny,28.0,94,490,27
Dwarka,2025-04-23,1,Wednesday,0,0,0,Sunny,27.5,27,240,23
Dwarka,2025-04-23,2,Wednesday,0,0,0,Sunny,27.1,23,148,19
Dwarka,2025-04-23,3,Wednesday,0,0,0,Sunny,27.0,19,142,53
Dwarka,2025-04-23,4,Wednesday,0,0,0,Sunny,28.8,53,594,389
Dwarka,2025-04-23,5,Wednesday,0,0,0,Sunny,28.7,389,1127,621
Dwarka,2025-04-23,6,Wednesday,0,0,0,Sunny,30.4,621,2068,1156
Dwarka,2025-04-23,7,Wednesday,0,0,0,Sunny,31.5,1156,3415,1831
Dwarka,2025-04-23,8,Wednesday,0,0,0,Sunny,32.4,1831,3824,1535
Dwarka,2025-04-23,9,Wednesday,0,0,0,Sunny,33.3,1535,4291,1821
Dwarka,2025-04-23,10,Wednesday,0,0,0,Sunny,36.1,1821,3843,1316
Dwarka,2025-04-23,11,Wednesday,0,0,0,Sunny,35.4,1316,3171,942
Dwarka,2025-04-23,12,Wednesday,0,0,0,Sunny,36.2,942,2686,805
Dwarka,2025-04-23,13,Wednesday,0,0,0,Sunny,38.0,805,2089,668
Dwarka,2025-04-23,14,Wednesday,0,0,0,Sunny,38.0,668,2364,1033
Dwarka,2025-04-23,15,Wednesday,0,0,0,Sunny,37.3,1033,2609,1068
Dwarka,2025-04-23,16,Wednesday,0,0,0,Sunny,38.0,1068,2903,1292
Dwarka,2025-04-23,17,Wednesday,0,0,0,Sunny,37.9,1292,3871,1822
Dwarka,2025-04-23,18,Wednesday,0,0,0,Sunny,35.0,1822,4834,2138
Dwarka,2025-04-23,19,Wednesday,0,0,0,Sunny,34.3,2138,5035,2039
Dwarka,2025-04-23,20,Wednesday,0,0,0,Sunny,32.6,2039,4196,1276
Dwarka,2025-04-23,21,Wednesday,0,0,0,Sunny,31.5,1276,2883,620
Dwarka,2025-04-23,22,Wednesday,0,0,0,Sunny,29.9,620,1776,289
Dwarka,2025-04-23,23,Wednesday,0,0,0,Sunny,28.5,289,862,90
Dwarka,2025-04-24,0,Thursday,0,0,0,Sunny,25.7,90,395,30
Dwarka,2025-04-24,1,Thursday,0,0,0,Sunny,24.8,30,230,23
Dwarka,2025-04-24,2,Thursday,0,0,0,Sunny,25.5,23,147,22
Dwarka,2025-04-24,3,Thursday,0,0,0,Sunny,25.1,22,152,61
Dwarka,2025-04-24,4,Thursday,0,0,0,Sunny,25.3,61,520,334
Dwarka,2025-04-24,5,Thursday,0,0,0,Sunny,27.0,334,1236,740
Dwarka,2025-04-24,6,Thursday,0,0,0,Sunny,28.2,740,2666,1514
Dwarka,2025-04-24,7,Thursday,0,0,0,Sunny,29.3,1514,3544,1674
Dwarka,2025-04-24,8,Thursday,0,0,0,Sunny,30.4,1674,4018,1786
Dwarka,2025-04-24,9,Thursday,0,0,0,Sunny,31.3,1786,4955,2271
Dwarka,2025-04-24,10,Thursday,0,0,0,Sunny,33.7,2271,4411,1427
Dwarka,2025-04-24,11,Thursday,0,0,0,Sunny,34.6,1427,4035,1390
Dwarka,2025-04-24,12,Thursday,0,0,0,Sunny,35.7,1390,3320,902
Dwarka,2025-04-24,13,Thursday,0,0,0,Sunny,34.4,902,2679,787
Dwarka,2025-04-24,14,Thursday,0,0,0,Sunny,35.0,787,2516,982
Dwarka,2025-04-24,15,Thursday,0,0,0,Sunny,35.0,982,2561,933
Dwarka,2025-04-24,16,Thursday,0,0,0,Sunny,34.8,933,4015,2027
Dwarka,2025-04-24,17,Thursday,0,0,0,Sunny,34.3,2027,4269,1809
Dwarka,2025-04-24,18,Thursday,0,0,0,Sunny,33.3,1809,4725,2084
Dwarka,2025-04-24,19,Thursday,0,0,0,Sunny,30.8,2084,4549,1537
Dwarka,2025-04-24,20,Thursday,0,0,0,Sunny,31.7,1537,3990,1326
Dwarka,2025-04-24,21,Thursday,0,0,0,Sunny,28.8,1326,2958,675
Dwarka,2025-04-24,22,Thursday,0,0,0,Sunny,28.8,675,1807,291
Dwarka,2025-04-24,23,Thursday,0,0,0,Sunny,26.4,291,1056,102
Dwarka,2025-04-25,0,Friday,0,0,0,Sunny,21.8,102,579,37
Dwarka,2025-04-25,1,Friday,0,0,0,Sunny,20.9,37,296,29
Dwarka,2025-04-25,2,Friday,0,0,0,Sunny,20.4,29,157,25
Dwarka,2025-04-25,3,Friday,0,0,0,Sunny,20.2,25,156,57
Dwarka,2025-04-25,4,Friday,0,0,0,Sunny,20.9,57,619,401
Dwarka,2025-04-25,5,Friday,0,0,0,Sunny,21.2,401,1291,740
Dwarka,2025-04-25,6,Friday,0,0,0,Sunny,22.4,740,2584,1442
Dwarka,2025-04-25,7,Friday,0,0,0,Sunny,25.1,1442,4500,2364
Dwarka,2025-04-25,8,Friday,0,0,0,Sunny,26.6,2364,4656,1813
Dwarka,2025-04-25,9,Friday,0,0,0,Sunny,26.9,1813,4873,1908
Dwarka,2025-04-25,10,Friday,0,0,0,Sunny,27.5,1908,4350,1435
Dwarka,2025-04-25,11,Friday,0,0,0,Sunny,29.9,1435,3993,1479
Dwarka,2025-04-25,12,Friday,0,0,0,Sunny,30.9,1479,3407,1098
Dwarka,2025-04-25,13,Friday,0,0,0,Sunny,30.3,1098,2839,841
Dwarka,2025-04-25,14,Friday,0,0,0,Sunny,31.9,841,2742,1034
Dwarka,2025-04-25,15,Friday,0,0,0,Sunny,30.9,1034,3219,1438
Dwarka,2025-04-25,16,Friday,0,0,0,Sunny,28.7,1438,4542,2117
Dwarka,2025-04-25,17,Friday,0,0,0,Sunny,29.2,2117,4869,2003
Dwarka,2025-04-25,18,Friday,0,0,0,Sunny,28.4,2003,6097,2780
Dwarka,2025-04-25,19,Friday,0,0,0,Sunny,26.8,2780,5386,1728
Dwarka,2025-04-25,20,Friday,0,0,0,Sunny,26.2,1728,4788,1724
Dwarka,2025-04-25,21,Friday,0,0,0,Sunny,25.6,1724,3349,718
Dwarka,2025-04-25,22,Friday,0,0,0,Sunny,22.1,718,2199,345
Dwarka,2025-04-25,23,Friday,0,0,0,Sunny,22.7,345,1187,118
Dwarka,2025-04-26,0,Saturday,1,0,0,Rainy,25.5,118,576,39
Dwarka,2025-04-26,1,Saturday,1,0,0,Rainy,24.3,39,294,26
Dwarka,2025-04-26,2,Saturday,1,0,0,Rainy,24.2,26,180,27
Dwarka,2025-04-26,3,Saturday,1,0,0,Rainy,23.7,27,179,73
Dwarka,2025-04-26,4,Saturday,1,0,0,Rainy,24.3,73,724,467
Dwarka,2025-04-26,5,Saturday,1,0,0,Rainy,26.1,467,1954,1172
Dwarka,2025-04-26,6,Saturday,1,0,0,Rainy,28.8,1172,3520,1863
Dwarka,2025-04-26,7,Saturday,1,0,0,Rainy,28.6,1863,5390,2630
Dwarka,2025-04-26,8,Saturday,1,0,0,Rainy,29.1,2630,5858,2392
Dwarka,2025-04-26,9,Saturday,1,0,0,Rainy,30.6,2392,6208,2353
Dwarka,2025-04-26,10,Saturday,1,0,0,Rainy,31.6,2353,5507,1853
Dwarka,2025-04-26,11,Saturday,1,0,0,Rainy,32.9,1853,4261,1255
Dwarka,2025-04-26,12,Saturday,1,0,0,Rainy,34.3,1255,3689,1305
Dwarka,2025-04-26,13,Saturday,1,0,0,Rainy,33.7,1305,2888,964
Dwarka,2025-04-26,14,Saturday,1,0,0,Rainy,34.3,964,2710,947
Dwarka,2025-04-26,15,Saturday,1,0,0,Rainy,35.3,947,3117,1397
Dwarka,2025-04-26,16,Saturday,1,0,0,Rainy,33.7,1397,4144,1966
Dwarka,2025-04-26,17,Saturday,1,0,0,Rainy,33.1,1966,5665,2703
Dwarka,2025-04-26,18,Saturday,1,0,0,Rainy,31.7,2703,6012,2458
Dwarka,2025-04-26,19,Saturday,1,0,0,Rainy,30.2,2458,5884,2212
Dwarka,2025-04-26,20,Saturday,1,0,0,Rainy,29.5,2212,5554,2036
Dwarka,2025-04-26,21,Saturday,1,0,0,Rainy,28.6,2036,3968,988
Dwarka,2025-04-26,22,Saturday,1,0,0,Rainy,26.6,988,2483,409
Dwarka,2025-04-26,23,Saturday,1,0,0,Rainy,25.0,409,1386,115
Dwarka,2025-04-27,0,Sunday,1,0,0,Sunny,26.5,115,794,78
Dwarka,2025-04-27,1,Sunday,1,0,0,Sunny,26.4,78,418,43
Dwarka,2025-04-27,2,Sunday,1,0,0,Sunny,25.5,43,262,47
Dwarka,2025-04-27,3,Sunday,1,0,0,Sunny,24.8,47,320,145
Dwarka,2025-04-27,4,Sunday,1,0,0,Sunny,26.5,145,1430,959
Dwarka,2025-04-27,5,Sunday,1,0,0,Sunny,26.9,959,2955,1689
Dwarka,2025-04-27,6,Sunday,1,0,0,Sunny,28.2,1689,6581,3789
Dwarka,2025-04-27,7,Sunday,1,0,0,Sunny,30.2,3789,8384,4034
Dwarka,2025-04-27,8,Sunday,1,0,0,Sunny,29.7,4034,9001,3633
Dwarka,2025-04-27,9,Sunday,1,0,0,Sunny,32.3,3633,9365,3796
Dwarka,2025-04-27,10,Sunday,1,0,0,Sunny,34.8,3796,8744,2993
Dwarka,2025-04-27,11,Sunday,1,0,0,Sunny,34.7,2993,8081,2694
Dwarka,2025-04-27,12,Sunday,1,0,0,Sunny,36.4,2694,6510,1834
Dwarka,2025-04-27,13,Sunday,1,0,0,Sunny,36.3,1834,5388,1653
Dwarka,2025-04-27,14,Sunday,1,0,0,Sunny,35.8,1653,5121,1933
Dwarka,2025-04-27,15,Sunday,1,0,0,Sunny,36.6,1933,5763,2566
Dwarka,2025-04-27,16,Sunday,1,0,0,Sunny,35.1,2566,5845,2331
Dwarka,2025-04-27,17,Sunday,1,0,0,Sunny,34.7,2331,8724,4178
Dwarka,2025-04-27,18,Sunday,1,0,0,Sunny,33.9,4178,10463,4903
Dwarka,2025-04-27,19,Sunday,1,0,0,Sunny,32.1,4903,9632,3561
Dwarka,2025-04-27,20,Sunday,1,0,0,Sunny,30.5,3561,7405,2279
Dwarka,2025-04-27,21,Sunday,1,0,0,Sunny,30.1,2279,5657,1624
Dwarka,2025-04-27,22,Sunday,1,0,0,Sunny,28.3,1624,3815,814
Dwarka,2025-04-27,23,Sunday,1,0,0,Sunny,27.6,814,2062,213
Dwarka,2025-04-28,0,Monday,0,0,0,Sunny,25.1,213,1045,35
Dwarka,2025-04-28,1,Monday,0,0,0,Sunny,24.6,35,476,24
Dwarka,2025-04-28,2,Monday,0,0,0,Sunny,22.9,24,239,23
Dwarka,2025-04-28,3,Monday,0,0,0,Sunny,23.2,23,182,51
Dwarka,2025-04-28,4,Monday,0,0,0,Sunny,24.1,51,593,372
Dwarka,2025-04-28,5,Monday,0,0,0,Sunny,25.0,372,1329,788
Dwarka,2025-04-28,6,Monday,0,0,0,Sunny,26.8,788,2453,1370
Dwarka,2025-04-28,7,Monday,0,0,0,Sunny,27.6,1370,3450,1706
Dwarka,2025-04-28,8,Monday,0,0,0,Sunny,29.0,1706,4489,1957
Dwarka,2025-04-28,9,Monday,0,0,0,Sunny,30.1,1957,4585,1955
Dwarka,2025-04-28,10,Monday,0,0,0,Sunny,30.9,1955,3921,1352
Dwarka,2025-04-28,11,Monday,0,0,0,Sunny,32.8,1352,3848,1432
Dwarka,2025-04-28,12,Monday,0,0,0,Sunny,33.2,1432,3051,816
Dwarka,2025-04-28,13,Monday,0,0,0,Sunny,35.1,816,2590,783
Dwarka,2025-04-28,14,Monday,0,0,0,Sunny,34.3,783,2553,1024
Dwarka,2025-04-28,15,Monday,0,0,0,Sunny,33.6,1024,3013,1269
Dwarka,2025-04-28,16,Monday,0,0,0,Sunny,32.9,1269,3098,1250
Dwarka,2025-04-28,17,Monday,0,0,0,Sunny,33.1,1250,3609,1637
Dwarka,2025-04-28,18,Monday,0,0,0,Sunny,31.5,1637,4639,2115
Dwarka,2025-04-28,19,Monday,0,0,0,Sunny,29.4,2115,4645,1693
Dwarka,2025-04-28,20,Monday,0,0,0,Sunny,28.1,1693,4238,1576
Dwarka,2025-04-28,21,Monday,0,0,0,Sunny,28.0,1576,2911,736
Dwarka,2025-04-28,22,Monday,0,0,0,Sunny,25.9,736,1872,352
Dwarka,2025-04-28,23,Monday,0,0,0,Sunny,25.8,352,1022,131
Dwarka,2025-04-29,0,Tuesday,0,0,0,Clear,22.0,131,552,35
Dwarka,2025-04-29,1,Tuesday,0,0,0,Clear,21.7,35,311,20
Dwarka,2025-04-29,2,Tuesday,0,0,0,Clear,23.0,20,158,21
Dwarka,2025-04-29,3,Tuesday,0,0,0,Clear,22.2,21,154,57
Dwarka,2025-04-29,4,Tuesday,0,0,0,Clear,23.0,57,569,370
Dwarka,2025-04-29,5,Tuesday,0,0,0,Clear,22.9,370,1273,730
Dwarka,2025-04-29,6,Tuesday,0,0,0,Clear,24.0,730,2568,1443
Dwarka,2025-04-29,7,Tuesday,0,0,0,Clear,26.7,1443,3436,1712
Dwarka,2025-04-29,8,Tuesday,0,0,0,Clear,27.5,1712,4975,2420
Dwarka,2025-04-29,9,Tuesday,0,0,0,Clear,28.0,2420,4253,1466
Dwarka,2025-04-29,10,Tuesday,0,0,0,Clear,31.0,1466,3813,1362
Dwarka,2025-04-29,11,Tuesday,0,0,0,Clear,30.7,1362,3486,1120
Dwarka,2025-04-29,12,Tuesday,0,0,0,Clear,31.1,1120,2943,933
Dwarka,2025-04-29,13,Tuesday,0,0,0,Clear,32.9,933,2576,857
Dwarka,2025-04-29,14,Tuesday,0,0,0,Clear,32.2,857,2401,867
Dwarka,2025-04-29,15,Tuesday,0,0,0,Clear,31.2,867,2977,1341
Dwarka,2025-04-29,16,Tuesday,0,0,0,Clear,31.0,1341,2808,1145
Dwarka,2025-04-29,17,Tuesday,0,0,0,Clear,31.3,1145,3600,1691
Dwarka,2025-04-29,18,Tuesday,0,0,0,Clear,30.0,1691,4279,1855
Dwarka,2025-04-29,19,Tuesday,0,0,0,Clear,28.5,1855,4056,1603
Dwarka,2025-04-29,20,Tuesday,0,0,0,Clear,26.6,1603,3642,1305
Dwarka,2025-04-29,21,Tuesday,0,0,0,Clear,26.5,1305,3073,939
Dwarka,2025-04-29,22,Tuesday,0,0,0,Clear,25.4,939,1882,331
Dwarka,2025-04-29,23,Tuesday,0,0,0,Clear,23.5,331,1054,129
Dwarka,2025-04-30,0,Wednesday,0,0,0,Clear,22.1,129,586,28
Dwarka,2025-04-30,1,Wednesday,0,0,0,Clear,21.9,28,308,23
Dwarka,2025-04-30,2,Wednesday,0,0,0,Clear,20.9,23,165,18
Dwarka,2025-04-30,3,Wednesday,0,0,0,Clear,22.0,18,156,55
Dwarka,2025-04-30,4,Wednesday,0,0,0,Clear,21.4,55,560,362
Dwarka,2025-04-30,5,Wednesday,0,0,0,Clear,23.3,362,1361,821
Dwarka,2025-04-30,6,Wednesday,0,0,0,Clear,24.8,821,3175,1848
Dwarka,2025-04-30,7,Wednesday,0,0,0,Clear,25.4,1848,3792,1692
Dwarka,2025-04-30,8,Wednesday,0,0,0,Clear,26.4,1692,4379,1972
Dwarka,2025-04-30,9,Wednesday,0,0,0,Clear,27.0,1972,4469,1752
Dwarka,2025-04-30,10,Wednesday,0,0,0,Clear,29.1,1752,3852,1241
Dwarka,2025-04-30,11,Wednesday,0,0,0,Clear,29.9,1241,3590,1169
Dwarka,2025-04-30,12,Wednesday,0,0,0,Clear,31.8,1169,2561,702
Dwarka,2025-04-30,13,Wednesday,0,0,0,Clear,32.0,702,1935,614
Dwarka,2025-04-30,14,Wednesday,0,0,0,Clear,32.4,614,2182,913
Dwarka,2025-04-30,15,Wednesday,0,0,0,Clear,32.0,913,2537,1129
Dwarka,2025-04-30,16,Wednesday,0,0,0,Clear,31.7,1129,3619,1801
Dwarka,2025-04-30,17,Wednesday,0,0,0,Clear,29.9,1801,3854,1624
Dwarka,2025-04-30,18,Wednesday,0,0,0,Clear,29.6,1624,3997,1560
Dwarka,2025-04-30,19,Wednesday,0,0,0,Clear,28.6,1560,3624,1333
Dwarka,2025-04-30,20,Wednesday,0,0,0,Clear,26.9,1333,3432,1220
Dwarka,2025-04-30,21,Wednesday,0,0,0,Clear,25.4,1220,2758,842
Dwarka,2025-04-30,22,Wednesday,0,0,0,Clear,23.6,842,1741,273
Dwarka,2025-04-30,23,Wednesday,0,0,0,Clear,23.1,273,1012,112
Dwarka,2025-05-01,0,Thursday,0,0,0,Clear,22.3,112,515,29
Dwarka,2025-05-01,1,Thursday,0,0,0,Clear,23.0,29,277,25
Dwarka,2025-05-01,2,Thursday,0,0,0,Clear,22.1,25,161,20
Dwarka,2025-05-01,3,Thursday,0,0,0,Clear,22.5,20,160,59
Dwarka,2025-05-01,4,Thursday,0,0,0,Clear,21.6,59,582,370
Dwarka,2025-05-01,5,Thursday,0,0,0,Clear,23.5,370,1527,927
Dwarka,2025-05-01,6,Thursday,0,0,0,Clear,25.0,927,2407,1270
Dwarka,2025-05-01,7,Thursday,0,0,0,Clear,26.6,1270,3907,2037
Dwarka,2025-05-01,8,Thursday,0,0,0,Clear,26.7,2037,4700,2005
Dwarka,2025-05-01,9,Thursday,0,0,0,Clear,29.9,2005,4380,1712
Dwarka,2025-05-01,10,Thursday,0,0,0,Clear,30.6,1712,4173,1460
Dwarka,2025-05-01,11,Thursday,0,0,0,Clear,31.4,1460,3514,1115
Dwarka,2025-05-01,12,Thursday,0,0,0,Clear,32.8,1115,2743,847
Dwarka,2025-05-01,13,Thursday,0,0,0,Clear,31.6,847,2218,688
Dwarka,2025-05-01,14,Thursday,0,0,0,Clear,33.2,688,2229,801
Dwarka,2025-05-01,15,Thursday,0,0,0,Clear,31.7,801,3280,1569
Dwarka,2025-05-01,16,Thursday,0,0,0,Clear,32.1,1569,3302,1283
Dwarka,2025-05-01,17,Thursday,0,0,0,Clear,31.0,1283,3856,1665
Dwarka,2025-05-01,18,Thursday,0,0,0,Clear,29.6,1665,4436,1929
Dwarka,2025-05-01,19,Thursday,0,0,0,Clear,28.5,1929,5060,2213
Dwarka,2025-05-01,20,Thursday,0,0,0,Clear,27.7,2213,4248,1316
Dwarka,2025-05-01,21,Thursday,0,0,0,Clear,26.4,1316,3199,839
Dwarka,2025-05-01,22,Thursday,0,0,0,Clear,25.0,839,1965,326
Dwarka,2025-05-01,23,Thursday,0,0,0,Clear,23.2,326,1099,107
Dwarka,2025-05-02,0,Friday,0,0,0,Sunny,20.0,107,574,39
Dwarka,2025-05-02,1,Friday,0,0,0,Sunny,19.2,39,312,24
Dwarka,2025-05-02,2,Friday,0,0,0,Sunny,19.0,24,192,26
Dwarka,2025-05-02,3,Friday,0,0,0,Sunny,19.0,26,184,68
Dwarka,2025-05-02,4,Friday,0,0,0,Sunny,20.9,68,673,431
Dwarka,2025-05-02,5,Friday,0,0,0,Sunny,20.6,431,1399,803
Dwarka,2025-05-02,6,Friday,0,0,0,Sunny,22.2,803,2785,1621
Dwarka,2025-05-02,7,Friday,0,0,0,Sunny,22.9,1621,3892,1886
Dwarka,2025-05-02,8,Friday,0,0,0,Sunny,25.2,1886,5477,2567
Dwarka,2025-05-02,9,Friday,0,0,0,Sunny,25.3,2567,5262,2052
Dwarka,2025-05-02,10,Friday,0,0,0,Sunny,26.5,2052,4500,1585
Dwarka,2025-05-02,11,Friday,0,0,0,Sunny,28.8,1585,3836,1132
Dwarka,2025-05-02,12,Friday,0,0,0,Sunny,29.6,1132,3190,1075
Dwarka,2025-05-02,13,Friday,0,0,0,Sunny,28.4,1075,2698,829
Dwarka,2025-05-02,14,Friday,0,0,0,Sunny,29.5,829,2651,949
Dwarka,2025-05-02,15,Friday,0,0,0,Sunny,30.4,949,3107,1354
Dwarka,2025-05-02,16,Friday,0,0,0,Sunny,27.9,1354,3885,1745
Dwarka,2025-05-02,17,Friday,0,0,0,Sunny,28.2,1745,4731,2142
Dwarka,2025-05-02,18,Friday,0,0,0,Sunny,26.6,2142,5540,2386
Dwarka,2025-05-02,19,Friday,0,0,0,Sunny,24.5,2386,5414,2006
Dwarka,2025-05-02,20,Friday,0,0,0,Sunny,23.9,2006,4475,1433
Dwarka,2025-05-02,21,Friday,0,0,0,Sunny,22.6,1433,3358,886
Dwarka,2025-05-02,22,Friday,0,0,0,Sunny,20.4,886,2142,410
Dwarka,2025-05-02,23,Friday,0,0,0,Sunny,21.7,410,1132,110
Dwarka,2025-05-03,0,Saturday,1,0,0,Rainy,20.9,110,609,37
Dwarka,2025-05-03,1,Saturday,1,0,0,Rainy,21.0,37,329,32
Dwarka,2025-05-03,2,Saturday,1,0,0,Rainy,20.8,32,211,30
Dwarka,2025-05-03,3,Saturday,1,0,0,Rainy,21.8,30,218,80
Dwarka,2025-05-03,4,Saturday,1,0,0,Rainy,21.5,80,823,538
Dwarka,2025-05-03,5,Saturday,1,0,0,Rainy,23.2,538,1798,1021
Dwarka,2025-05-03,6,Saturday,1,0,0,Rainy,24.7,1021,3554,1984
Dwarka,2025-05-03,7,Saturday,1,0,0,Rainy,25.6,1984,4875,2351
Dwarka,2025-05-03,8,Saturday,1,0,0,Rainy,27.5,2351,6460,3064
Dwarka,2025-05-03,9,Saturday,1,0,0,Rainy,28.1,3064,5938,2287
Dwarka,2025-05-03,10,Saturday,1,0,0,Rainy,29.0,2287,5888,2329
Dwarka,2025-05-03,11,Saturday,1,0,0,Rainy,31.6,2329,5336,1817
Dwarka,2025-05-03,12,Saturday,1,0,0,Rainy,31.5,1817,3856,984
Dwarka,2025-05-03,13,Saturday,1,0,0,Rainy,32.6,984,3155,893
Dwarka,2025-05-03,14,Saturday,1,0,0,Rainy,31.0,893,2955,1011
Dwarka,2025-05-03,15,Saturday,1,0,0,Rainy,32.1,1011,3852,1754
Dwarka,2025-05-03,16,Saturday,1,0,0,Rainy,30.8,1754,4549,1923
Dwarka,2025-05-03,17,Saturday,1,0,0,Heavy Rain,31.1,1923,4218,1403
Dwarka,2025-05-03,18,Saturday,1,0,0,Rainy,29.7,1403,5019,2234
Dwarka,2025-05-03,19,Saturday,1,0,0,Rainy,27.4,2234,5694,2351
Dwarka,2025-05-03,20,Saturday,1,0,0,Rainy,26.7,2351,4896,1595
Dwarka,2025-05-03,21,Saturday,1,0,0,Rainy,25.4,1595,3408,890
Dwarka,2025-05-03,22,Saturday,1,0,0,Rainy,22.8,890,2323,479
Dwarka,2025-05-03,23,Saturday,1,0,0,Rainy,23.1,479,1261,160
Dwarka,2025-05-04,0,Sunday,1,0,0,Clear,22.1,160,694,58
Dwarka,2025-05-04,1,Sunday,1,0,0,Clear,21.2,58,386,43
Dwarka,2025-05-04,2,Sunday,1,0,0,Clear,19.8,43,238,44
Dwarka,2025-05-04,3,Sunday,1,0,0,Clear,21.8,44,274,116
Dwarka,2025-05-04,4,Sunday,1,0,0,Clear,20.4,116,1144,747
Dwarka,2025-05-04,5,Sunday,1,0,0,Clear,22.6,747,3144,1959
Dwarka,2025-05-04,6,Sunday,1,0,0,Clear,24.3,1959,5436,2950
Dwarka,2025-05-04,7,Sunday,1,0,0,Clear,25.7,2950,8969,4611
Dwarka,2025-05-04,8,Sunday,1,0,0,Clear,27.7,4611,10995,5082
Dwarka,2025-05-04,9,Sunday,1,0,0,Clear,27.9,5082,10846,3728
Dwarka,2025-05-04,10,Sunday,1,0,0,Clear,29.8,3728,9794,3229
Dwarka,2025-05-04,11,Sunday,1,0,0,Clear,29.5,3229,8255,2796
Dwarka,2025-05-04,12,Sunday,1,0,0,Clear,30.0,2796,6942,2074
Dwarka,2025-05-04,13,Sunday,1,0,0,Clear,31.9,2074,5303,1616
Dwarka,2025-05-04,14,Sunday,1,0,0,Clear,31.1,1616,4925,1785
Dwarka,2025-05-04,15,Sunday,1,0,0,Clear,32.2,1785,6149,2948
Dwarka,2025-05-04,16,Sunday,1,0,0,Clear,30.6,2948,6814,3138
Dwarka,2025-05-04,17,Sunday,1,0,0,Clear,30.6,3138,8818,4123
Dwarka,2025-05-04,18,Sunday,1,0,0,Clear,29.9,4123,10419,4650
Dwarka,2025-05-04,19,Sunday,1,0,0,Clear,28.2,4650,10863,4287
Dwarka,2025-05-04,20,Sunday,1,0,0,Clear,26.9,4287,8949,2782
Dwarka,2025-05-04,21,Sunday,1,0,0,Clear,25.2,2782,6211,1509
Dwarka,2025-05-04,22,Sunday,1,0,0,Clear,24.7,1509,4435,901
Dwarka,2025-05-04,23,Sunday,1,0,0,Clear,22.0,901,2271,199
Dwarka,2025-05-05,0,Monday,0,0,0,Clear,23.6,199,1196,39
Dwarka,2025-05-05,1,Monday,0,0,0,Clear,23.2,39,619,21
Dwarka,2025-05-05,2,Monday,0,0,0,Clear,23.8,21,322,21
Dwarka,2025-05-05,3,Monday,0,0,0,Clear,23.1,21,216,47
Dwarka,2025-05-05,4,Monday,0,0,0,Clear,23.8,47,554,331
Dwarka,2025-05-05,5,Monday,0,0,0,Clear,25.1,331,1467,897
Dwarka,2025-05-05,6,Monday,0,0,0,Clear,24.7,897,2802,1571
Dwarka,2025-05-05,7,Monday,0,0,0,Clear,26.6,1571,3497,1608
Dwarka,2025-05-05,8,Monday,0,0,0,Clear,29.5,1608,4172,1915
Dwarka,2025-05-05,9,Monday,0,0,0,Clear,30.3,1915,4292,1853
Dwarka,2025-05-05,10,Monday,0,0,0,Clear,31.6,1853,4476,1988
Dwarka,2025-05-05,11,Monday,0,0,0,Clear,31.5,1988,3354,899
Dwarka,2025-05-05,12,Monday,0,0,0,Clear,33.7,899,2925,891
Dwarka,2025-05-05,13,Monday,0,0,0,Clear,34.1,891,2760,944
Dwarka,2025-05-05,14,Monday,0,0,0,Clear,33.5,944,2540,943
Dwarka,2025-05-05,15,Monday,0,0,0,Clear,33.5,943,2860,1219
Dwarka,2025-05-05,16,Monday,0,0,0,Clear,33.9,1219,3378,1533
Dwarka,2025-05-05,17,Monday,0,0,0,Clear,31.7,1533,4399,2142
Dwarka,2025-05-05,18,Monday,0,0,0,Clear,31.0,2142,5538,2515
Dwarka,2025-05-05,19,Monday,0,0,0,Clear,29.8,2515,4887,1752
Dwarka,2025-05-05,20,Monday,0,0,0,Clear,28.0,1752,4118,1289
Dwarka,2025-05-05,21,Monday,0,0,0,Clear,27.7,1289,3162,779
Dwarka,2025-05-05,22,Monday,0,0,0,Clear,26.9,779,2101,363
Dwarka,2025-05-05,23,Monday,0,0,0,Clear,24.2,363,1164,96
Dwarka,2025-05-06,0,Tuesday,0,0,0,Clear,27.2,96,619,29
Dwarka,2025-05-06,1,Tuesday,0,0,0,Clear,28.3,29,314,20
Dwarka,2025-05-06,2,Tuesday,0,0,0,Clear,27.5,20,174,18
Dwarka,2025-05-06,3,Tuesday,0,0,0,Clear,27.4,18,151,50
Dwarka,2025-05-06,4,Tuesday,0,0,0,Clear,27.5,50,509,325
Dwarka,2025-05-06,5,Tuesday,0,0,0,Clear,27.8,325,1323,791
Dwarka,2025-05-06,6,Tuesday,0,0,0,Clear,30.4,791,2397,1324
Dwarka,2025-05-06,7,Tuesday,0,0,0,Clear,31.6,1324,3670,1857
Dwarka,2025-05-06,8,Tuesday,0,0,0,Clear,33.6,1857,4258,1866
Dwarka,2025-05-06,9,Tuesday,0,0,0,Clear,33.6,1866,3981,1385
Dwarka,2025-05-06,10,Tuesday,0,0,0,Clear,35.1,1385,4120,1506
Dwarka,2025-05-06,11,Tuesday,0,0,0,Clear,36.0,1506,3212,879
Dwarka,2025-05-06,12,Tuesday,0,0,0,Clear,37.2,879,2573,741
Dwarka,2025-05-06,13,Tuesday,0,0,0,Clear,38.0,741,2070,632
Dwarka,2025-05-06,14,Tuesday,0,0,0,Clear,38.0,632,2062,789
Dwarka,2025-05-06,15,Tuesday,0,0,0,Clear,36.0,789,2256,932
Dwarka,2025-05-06,16,Tuesday,0,0,0,Clear,37.8,932,2769,1246
Dwarka,2025-05-06,17,Tuesday,0,0,0,Clear,36.0,1246,4005,2042
Dwarka,2025-05-06,18,Tuesday,0,0,0,Clear,35.4,2042,4408,1825
Dwarka,2025-05-06,19,Tuesday,0,0,0,Clear,33.9,1825,4287,1571
Dwarka,2025-05-06,20,Tuesday,0,0,0,Clear,32.5,1571,3634,1195
Dwarka,2025-05-06,21,Tuesday,0,0,0,Clear,31.2,1195,2641,728
Dwarka,2025-05-06,22,Tuesday,0,0,0,Clear,29.7,728,1626,267
Dwarka,2025-05-06,23,Tuesday,0,0,0,Clear,28.4,267,957,111
Dwarka,2025-05-07,0,Wednesday,0,0,0,Clear,20.7,111,483,30
Dwarka,2025-05-07,1,Wednesday,0,0,0,Clear,19.1,30,273,23
Dwarka,2025-05-07,2,Wednesday,0,0,0,Clear,19.5,23,143,23
Dwarka,2025-05-07,3,Wednesday,0,0,0,Clear,20.6,23,138,51
Dwarka,2025-05-07,4,Wednesday,0,0,0,Clear,20.1,51,641,428
Dwarka,2025-05-07,5,Wednesday,0,0,0,Clear,22.0,428,1415,813
Dwarka,2025-05-07,6,Wednesday,0,0,0,Clear,22.0,813,2321,1193
Dwarka,2025-05-07,7,Wednesday,0,0,0,Clear,23.7,1193,3898,2070
Dwarka,2025-05-07,8,Wednesday,0,0,0,Clear,24.6,2070,5101,2260
Dwarka,2025-05-07,9,Wednesday,0,0,0,Clear,26.2,2260,4652,1559
Dwarka,2025-05-07,10,Wednesday,0,0,0,Clear,27.3,1559,4305,1556
Dwarka,2025-05-07,11,Wednesday,0,0,0,Clear,29.5,1556,3592,1093
Dwarka,2025-05-07,12,Wednesday,0,0,0,Clear,29.1,1093,2769,800
Dwarka,2025-05-07,13,Wednesday,0,0,0,Clear,30.4,800,2457,808
Dwarka,2025-05-07,14,Wednesday,0,0,0,Clear,30.0,808,2439,894
Dwarka,2025-05-07,15,Wednesday,0,0,0,Clear,30.5,894,2267,824
Dwarka,2025-05-07,16,Wednesday,0,0,0,Clear,29.3,824,3278,1625
Dwarka,2025-05-07,17,Wednesday,0,0,0,Clear,29.0,1625,3801,1635
Dwarka,2025-05-07,18,Wednesday,0,0,0,Clear,28.0,1635,4334,1689
Dwarka,2025-05-07,19,Wednesday,0,0,0,Clear,26.9,1689,4228,1655
Dwarka,2025-05-07,20,Wednesday,0,0,0,Clear,24.8,1655,3766,1253
Dwarka,2025-05-07,21,Wednesday,0,0,0,Clear,24.4,1253,2782,684
Dwarka,2025-05-07,22,Wednesday,0,0,0,Clear,21.5,684,1759,295
Dwarka,2025-05-07,23,Wednesday,0,0,0,Clear,21.6,295,953,94
Dwarka,2025-05-08,0,Thursday,0,0,0,Sunny,25.6,94,549,25
Dwarka,2025-05-08,1,Thursday,0,0,0,Sunny,24.9,25,285,21
Dwarka,2025-05-08,2,Thursday,0,0,0,Sunny,24.9,21,174,23
Dwarka,2025-05-08,3,Thursday,0,0,0,Sunny,24.3,23,162,52
Dwarka,2025-05-08,4,Thursday,0,0,0,Sunny,25.6,52,574,370
Dwarka,2025-05-08,5,Thursday,0,0,0,Sunny,26.6,370,1523,915
Dwarka,2025-05-08,6,Thursday,0,0,0,Sunny,27.2,915,2844,1520
Dwarka,2025-05-08,7,Thursday,0,0,0,Sunny,29.3,1520,3443,1668
Dwarka,2025-05-08,8,Thursday,0,0,0,Sunny,30.2,1668,4526,2195
Dwarka,2025-05-08,9,Thursday,0,0,0,Sunny,31.3,2195,4510,1723
Dwarka,2025-05-08,10,Thursday,0,0,0,Sunny,32.3,1723,4560,1762
Dwarka,2025-05-08,11,Thursday,0,0,0,Sunny,33.2,1762,3919,1384
Dwarka,2025-05-08,12,Thursday,0,0,0,Sunny,35.3,1384,3323,971
Dwarka,2025-05-08,13,Thursday,0,0,0,Sunny,35.0,971,2562,711
Dwarka,2025-05-08,14,Thursday,0,0,0,Sunny,35.2,711,2339,847
Dwarka,2025-05-08,15,Thursday,0,0,0,Sunny,34.8,847,2551,1030
Dwarka,2025-05-08,16,Thursday,0,0,0,Sunny,34.5,1030,3190,1506
Dwarka,2025-05-08,17,Thursday,0,0,0,Sunny,33.0,1506,4788,2448
Dwarka,2025-05-08,18,Thursday,0,0,0,Sunny,33.0,2448,4874,2144
Dwarka,2025-05-08,19,Thursday,0,0,0,Sunny,32.4,2144,4777,1872
Dwarka,2025-05-08,20,Thursday,0,0,0,Sunny,30.0,1872,4024,1127
Dwarka,2025-05-08,21,Thursday,0,0,0,Sunny,28.1,1127,2818,709
Dwarka,2025-05-08,22,Thursday,0,0,0,Sunny,27.4,709,1988,381
Dwarka,2025-05-08,23,Thursday,0,0,0,Sunny,26.0,381,1111,113
Dwarka,2025-05-09,0,Friday,0,0,0,Sunny,24.5,113,628,39
Dwarka,2025-05-09,1,Friday,0,0,0,Sunny,23.8,39,341,26
Dwarka,2025-05-09,2,Friday,0,0,0,Sunny,23.9,26,208,23
Dwarka,2025-05-09,3,Friday,0,0,0,Sunny,23.0,23,202,76
Dwarka,2025-05-09,4,Friday,0,0,0,Sunny,23.8,76,690,441
Dwarka,2025-05-09,5,Friday,0,0,0,Sunny,24.3,441,1805,1120
Dwarka,2025-05-09,6,Friday,0,0,0,Sunny,24.8,1120,2932,1565
Dwarka,2025-05-09,7,Friday,0,0,0,Sunny,27.7,1565,4825,2501
Dwarka,2025-05-09,8,Friday,0,0,0,Sunny,27.8,2501,5841,2747
Dwarka,2025-05-09,9,Friday,0,0,0,Sunny,30.8,2747,5363,1923
Dwarka,2025-05-09,10,Friday,0,0,0,Sunny,30.6,1923,4924,1557
Dwarka,2025-05-09,11,Friday,0,0,0,Sunny,32.4,1557,4491,1683
Dwarka,2025-05-09,12,Friday,0,0,0,Sunny,32.8,1683,3639,1077
Dwarka,2025-05-09,13,Friday,0,0,0,Sunny,32.6,1077,3117,1007
Dwarka,2025-05-09,14,Friday,0,0,0,Sunny,32.9,1007,2704,861
Dwarka,2025-05-09,15,Friday,0,0,0,Sunny,34.7,861,2972,1232
Dwarka,2025-05-09,16,Friday,0,0,0,Sunny,33.4,1232,3519,1575
Dwarka,2025-05-09,17,Friday,0,0,0,Sunny,31.4,1575,5261,2563
Dwarka,2025-05-09,18,Friday,0,0,0,Sunny,30.9,2563,5480,2230
Dwarka,2025-05-09,19,Friday,0,0,0,Sunny,29.2,2230,5047,1800
Dwarka,2025-05-09,20,Friday,0,0,0,Sunny,28.5,1800,4595,1610
Dwarka,2025-05-09,21,Friday,0,0,0,Sunny,26.9,1610,3246,877
Dwarka,2025-05-09,22,Friday,0,0,0,Sunny,25.7,877,1931,354
Dwarka,2025-05-09,23,Friday,0,0,0,Sunny,24.7,354,1097,118
Dwarka,2025-05-10,0,Saturday,1,0,0,Clear,26.0,118,624,42
Dwarka,2025-05-10,1,Saturday,1,0,0,Clear,24.6,42,364,33
Dwarka,2025-05-10,2,Saturday,1,0,0,Clear,25.1,33,221,30
Dwarka,2025-05-10,3,Saturday,1,0,0,Clear,25.8,30,214,82
Dwarka,2025-05-10,4,Saturday,1,0,0,Clear,25.7,82,904,601
Dwarka,2025-05-10,5,Saturday,1,0,0,Clear,26.7,601,2622,1635
Dwarka,2025-05-10,6,Saturday,1,0,0,Clear,27.5,1635,4079,2061
Dwarka,2025-05-10,7,Saturday,1,0,0,Clear,29.9,2061,6489,3447
Dwarka,2025-05-10,8,Saturday,1,0,0,Clear,30.8,3447,8415,3867
Dwarka,2025-05-10,9,Saturday,1,0,0,Clear,32.1,3867,7788,2744
Dwarka,2025-05-10,10,Saturday,1,0,0,Clear,33.9,2744,6965,2563
Dwarka,2025-05-10,11,Saturday,1,0,0,Clear,33.9,2563,6556,2340
Dwarka,2025-05-10,12,Saturday,1,0,0,Clear,35.1,2340,5112,1317
Dwarka,2025-05-10,13,Saturday,1,0,0,Clear,36.6,1317,4567,1434
Dwarka,2025-05-10,14,Saturday,1,0,0,Clear,35.5,1434,4077,1409
Dwarka,2025-05-10,15,Saturday,1,0,0,Clear,35.6,1409,5175,2299
Dwarka,2025-05-10,16,Saturday,1,0,0,Clear,35.4,2299,5175,2149
Dwarka,2025-05-10,17,Saturday,1,0,0,Clear,34.4,2149,7227,3521
Dwarka,2025-05-10,18,Saturday,1,0,0,Clear,34.3,3521,7328,3014
Dwarka,2025-05-10,19,Saturday,1,0,0,Clear,31.5,3014,7104,2588
Dwarka,2025-05-10,20,Saturday,1,0,0,Clear,30.2,2588,5930,1754
Dwarka,2025-05-10,21,Saturday,1,0,0,Clear,28.1,1754,4078,1083
Dwarka,2025-05-10,22,Saturday,1,0,0,Clear,28.0,1083,2874,540
Dwarka,2025-05-10,23,Saturday,1,0,0,Clear,27.3,540,1682,209
Dwarka,2025-05-11,0,Sunday,1,0,0,Sunny,20.8,209,892,77
Dwarka,2025-05-11,1,Sunday,1,0,0,Sunny,20.2,77,463,42
Dwarka,2025-05-11,2,Sunday,1,0,0,Sunny,19.1,42,273,47
Dwarka,2025-05-11,3,Sunday,1,0,0,Sunny,19.7,47,301,131
Dwarka,2025-05-11,4,Sunday,1,0,0,Sunny,20.2,131,1271,833
Dwarka,2025-05-11,5,Sunday,1,0,0,Sunny,21.0,833,3254,1945
Dwarka,2025-05-11,6,Sunday,1,0,0,Sunny,23.1,1945,5780,3154
Dwarka,2025-05-11,7,Sunday,1,0,0,Sunny,23.2,3154,8341,4162
Dwarka,2025-05-11,8,Sunday,1,0,0,Sunny,24.7,4162,9450,4136
Dwarka,2025-05-11,9,Sunday,1,0,0,Sunny,26.5,4136,9041,3286
Dwarka,2025-05-11,10,Sunday,1,0,0,Sunny,28.0,3286,8916,3081
Dwarka,2025-05-11,11,Sunday,1,0,0,Sunny,28.7,3081,7257,2250
Dwarka,2025-05-11,12,Sunday,1,0,0,Sunny,29.6,2250,6128,1992
Dwarka,2025-05-11,13,Sunday,1,0,0,Sunny,29.5,1992,4800,1448
Dwarka,2025-05-11,14,Sunday,1,0,0,Sunny,29.9,1448,4582,1750
Dwarka,2025-05-11,15,Sunday,1,0,0,Sunny,30.5,1750,6552,3163
Dwarka,2025-05-11,16,Sunday,1,0,0,Sunny,30.3,3163,8468,3846
Dwarka,2025-05-11,17,Sunday,1,0,0,Sunny,28.5,3846,9811,4320
Dwarka,2025-05-11,18,Sunday,1,0,0,Sunny,27.5,4320,11140,4639
Dwarka,2025-05-11,19,Sunday,1,0,0,Sunny,26.6,4639,10361,3703
Dwarka,2025-05-11,20,Sunday,1,0,0,Sunny,25.3,3703,8736,3067
Dwarka,2025-05-11,21,Sunday,1,0,0,Sunny,23.0,3067,6727,1886
Dwarka,2025-05-11,22,Sunday,1,0,0,Sunny,22.1,1886,4112,686
Dwarka,2025-05-11,23,Sunday,1,0,0,Sunny,21.6,686,2256,207
Dwarka,2025-05-12,0,Monday,0,0,0,Cloudy,26.3,207,1098,34
Dwarka,2025-05-12,1,Monday,0,0,0,Cloudy,25.1,34,557,28
Dwarka,2025-05-12,2,Monday,0,0,0,Cloudy,25.4,28,320,23
Dwarka,2025-05-12,3,Monday,0,0,0,Cloudy,25.4,23,208,47
Dwarka,2025-05-12,4,Monday,0,0,0,Cloudy,27.2,47,540,326
Dwarka,2025-05-12,5,Monday,0,0,0,Cloudy,26.4,326,1155,666
Dwarka,2025-05-12,6,Monday,0,0,0,Cloudy,27.6,666,2381,1312
Dwarka,2025-05-12,7,Monday,0,0,0,Cloudy,29.6,1312,3901,2008
Dwarka,2025-05-12,8,Monday,0,0,0,Cloudy,30.7,2008,4397,1853
Dwarka,2025-05-12,9,Monday,0,0,0,Cloudy,32.2,1853,4321,1627
Dwarka,2025-05-12,10,Monday,0,0,0,Cloudy,32.9,1627,3994,1448
Dwarka,2025-05-12,11,Monday,0,0,0,Cloudy,33.7,1448,3064,916
Dwarka,2025-05-12,12,Monday,0,0,0,Cloudy,36.4,916,2627,814
Dwarka,2025-05-12,13,Monday,0,0,0,Cloudy,34.5,814,2060,655
Dwarka,2025-05-12,14,Monday,0,0,0,Cloudy,35.9,655,2676,1200
Dwarka,2025-05-12,15,Monday,0,0,0,Cloudy,36.0,1200,3289,1490
Dwarka,2025-05-12,16,Monday,0,0,0,Cloudy,35.0,1490,3338,1307
Dwarka,2025-05-12,17,Monday,0,0,0,Cloudy,34.2,1307,4041,1914
Dwarka,2025-05-12,18,Monday,0,0,0,Cloudy,33.1,1914,4876,2138
Dwarka,2025-05-12,19,Monday,0,0,0,Cloudy,32.5,2138,4801,1772
Dwarka,2025-05-12,20,Monday,0,0,0,Cloudy,30.8,1772,3599,1117
Dwarka,2025-05-12,21,Monday,0,0,0,Cloudy,29.1,1117,2817,727
Dwarka,2025-05-12,22,Monday,0,0,0,Cloudy,28.1,727,1795,309
Dwarka,2025-05-12,23,Monday,0,0,0,Cloudy,26.9,309,1103,116
Dwarka,2025-05-13,0,Tuesday,0,0,0,Clear,25.5,116,575,37
Dwarka,2025-05-13,1,Tuesday,0,0,0,Clear,25.2,37,296,18
Dwarka,2025-05-13,2,Tuesday,0,0,0,Clear,25.3,18,167,19
Dwarka,2025-05-13,3,Tuesday,0,0,0,Clear,23.8,19,172,64
Dwarka,2025-05-13,4,Tuesday,0,0,0,Clear,25.4,64,592,376
Dwarka,2025-05-13,5,Tuesday,0,0,0,Clear,27.0,376,1257,713
Dwarka,2025-05-13,6,Tuesday,0,0,0,Clear,27.9,713,2670,1581
Dwarka,2025-05-13,7,Tuesday,0,0,0,Clear,28.1,1581,3346,1522
Dwarka,2025-05-13,8,Tuesday,0,0,0,Clear,28.6,1522,3758,1465
Dwarka,2025-05-13,9,Tuesday,0,0,0,Clear,31.6,1465,4124,1694
Dwarka,2025-05-13,10,Tuesday,0,0,0,Clear,32.6,1694,4073,1597
Dwarka,2025-05-13,11,Tuesday,0,0,0,Clear,33.7,1597,3467,1196
Dwarka,2025-05-13,12,Tuesday,0,0,0,Clear,35.2,1196,2784,767
Dwarka,2025-05-13,13,Tuesday,0,0,0,Clear,35.0,767,2430,862
Dwarka,2025-05-13,14,Tuesday,0,0,0,Clear,34.5,862,2216,772
Dwarka,2025-05-13,15,Tuesday,0,0,0,Clear,35.8,772,2761,1348
Dwarka,2025-05-13,16,Tuesday,0,0,0,Clear,34.5,1348,2725,998
Dwarka,2025-05-13,17,Tuesday,0,0,0,Clear,34.2,998,3761,1813
Dwarka,2025-05-13,18,Tuesday,0,0,0,Clear,32.5,1813,4269,1796
Dwarka,2025-05-13,19,Tuesday,0,0,0,Clear,31.1,1796,4481,1810
Dwarka,2025-05-13,20,Tuesday,0,0,0,Clear,29.3,1810,3314,1010
Dwarka,2025-05-13,21,Tuesday,0,0,0,Clear,29.3,1010,2523,671
Dwarka,2025-05-13,22,Tuesday,0,0,0,Clear,28.3,671,1556,284
Dwarka,2025-05-13,23,Tuesday,0,0,0,Clear,26.1,284,955,102
Dwarka,2025-05-14,0,Wednesday,0,0,0,Clear,25.9,102,536,33
Dwarka,2025-05-14,1,Wednesday,0,0,0,Clear,24.3,33,282,21
Dwarka,2025-05-14,2,Wednesday,0,0,0,Clear,23.5,21,171,24
Dwarka,2025-05-14,3,Wednesday,0,0,0,Clear,24.5,24,146,52
Dwarka,2025-05-14,4,Wednesday,0,0,0,Clear,24.4,52,577,377
Dwarka,2025-05-14,5,Wednesday,0,0,0,Clear,25.7,377,1302,766
Dwarka,2025-05-14,6,Wednesday,0,0,0,Clear,26.3,766,2173,1150
Dwarka,2025-05-14,7,Wednesday,0,0,0,Clear,28.5,1150,2990,1443
Dwarka,2025-05-14,8,Wednesday,0,0,0,Clear,29.7,1443,3831,1699
Dwarka,2025-05-14,9,Wednesday,0,0,0,Clear,30.6,1699,4099,1685
Dwarka,2025-05-14,10,Wednesday,0,0,0,Clear,31.1,1685,4079,1634
Dwarka,2025-05-14,11,Wednesday,0,0,0,Clear,33.1,1634,3826,1278
Dwarka,2025-05-14,12,Wednesday,0,0,0,Clear,33.4,1278,3022,784
Dwarka,2025-05-14,13,Wednesday,0,0,0,Clear,34.9,784,2434,785
Dwarka,2025-05-14,14,Wednesday,0,0,0,Clear,34.5,785,2281,861
Dwarka,2025-05-14,15,Wednesday,0,0,0,Clear,33.6,861,2614,1070
Dwarka,2025-05-14,16,Wednesday,0,0,0,Clear,34.1,1070,3653,1768
Dwarka,2025-05-14,17,Wednesday,0,0,0,Clear,32.8,1768,4702,2170
Dwarka,2025-05-14,18,Wednesday,0,0,0,Clear,32.7,2170,4769,1774
Dwarka,2025-05-14,19,Wednesday,0,0,0,Clear,31.5,1774,4509,1713
Dwarka,2025-05-14,20,Wednesday,0,0,0,Clear,29.5,1713,3992,1335
Dwarka,2025-05-14,21,Wednesday,0,0,0,Clear,28.5,1335,2957,817
Dwarka,2025-05-14,22,Wednesday,0,0,0,Clear,26.2,817,1813,309
Dwarka,2025-05-14,23,Wednesday,0,0,0,Clear,26.3,309,1037,91
Dwarka,2025-05-15,0,Thursday,0,0,0,Clear,26.8,91,523,29
Dwarka,2025-05-15,1,Thursday,0,0,0,Clear,26.0,29,285,26
Dwarka,2025-05-15,2,Thursday,0,0,0,Clear,25.3,26,172,22
Dwarka,2025-05-15,3,Thursday,0,0,0,Clear,26.3,22,172,64
Dwarka,2025-05-15,4,Thursday,0,0,0,Clear,26.2,64,560,353
Dwarka,2025-05-15,5,Thursday,0,0,0,Clear,26.6,353,1382,842
Dwarka,2025-05-15,6,Thursday,0,0,0,Clear,29.3,842,2871,1623
Dwarka,2025-05-15,7,Thursday,0,0,0,Clear,29.6,1623,3867,1870
Dwarka,2025-05-15,8,Thursday,0,0,0,Clear,30.7,1870,4506,1915
Dwarka,2025-05-15,9,Thursday,0,0,0,Clear,32.7,1915,5104,2117
Dwarka,2025-05-15,10,Thursday,0,0,0,Clear,34.4,2117,4094,1244
Dwarka,2025-05-15,11,Thursday,0,0,0,Clear,34.4,1244,3535,1213
Dwarka,2025-05-15,12,Thursday,0,0,0,Clear,35.7,1213,3060,980
Dwarka,2025-05-15,13,Thursday,0,0,0,Clear,37.0,980,2314,623
Dwarka,2025-05-15,14,Thursday,0,0,0,Clear,37.2,623,2507,1098
Dwarka,2025-05-15,15,Thursday,0,0,0,Clear,36.2,1098,3003,1342
Dwarka,2025-05-15,16,Thursday,0,0,0,Clear,35.3,1342,3125,1298
Dwarka,2025-05-15,17,Thursday,0,0,0,Clear,34.0,1298,4205,1954
Dwarka,2025-05-15,18,Thursday,0,0,0,Clear,33.2,1954,5031,2168
Dwarka,2025-05-15,19,Thursday,0,0,0,Clear,32.7,2168,4381,1422
Dwarka,2025-05-15,20,Thursday,0,0,0,Clear,31.3,1422,3760,1270
Dwarka,2025-05-15,21,Thursday,0,0,0,Clear,30.0,1270,3103,802
Dwarka,2025-05-15,22,Thursday,0,0,0,Clear,28.8,802,2040,388
Dwarka,2025-05-15,23,Thursday,0,0,0,Clear,27.6,388,1068,110
Dwarka,2025-05-16,0,Friday,0,0,0,Clear,23.7,110,595,38
Dwarka,2025-05-16,1,Friday,0,0,0,Clear,24.5,38,322,25
Dwarka,2025-05-16,2,Friday,0,0,0,Clear,24.1,25,187,22
Dwarka,2025-05-16,3,Friday,0,0,0,Clear,23.2,22,171,62
Dwarka,2025-05-16,4,Friday,0,0,0,Clear,24.5,62,724,473
Dwarka,2025-05-16,5,Friday,0,0,0,Clear,25.2,473,1687,968
Dwarka,2025-05-16,6,Friday,0,0,0,Clear,25.2,968,3624,2093
Dwarka,2025-05-16,7,Friday,0,0,0,Clear,27.7,2093,4470,2068
Dwarka,2025-05-16,8,Friday,0,0,0,Clear,29.0,2068,5777,2652
Dwarka,2025-05-16,9,Friday,0,0,0,Clear,29.8,2652,7285,3219
Dwarka,2025-05-16,10,Friday,0,0,0,Clear,31.9,3219,5680,1698
Dwarka,2025-05-16,11,Friday,0,0,0,Clear,32.3,1698,4827,1656
Dwarka,2025-05-16,12,Friday,0,0,0,Clear,32.7,1656,3812,1080
Dwarka,2025-05-16,13,Friday,0,0,0,Clear,33.4,1080,3010,777
Dwarka,2025-05-16,14,Friday,0,0,0,Clear,34.2,777,2584,913
Dwarka,2025-05-16,15,Friday,0,0,0,Clear,33.6,913,3328,1519
Dwarka,2025-05-16,16,Friday,0,0,0,Clear,34.0,1519,3686,1534
Dwarka,2025-05-16,17,Friday,0,0,0,Clear,33.3,1534,5408,2672
Dwarka,2025-05-16,18,Friday,0,0,0,Clear,32.8,2672,6314,2654
Dwarka,2025-05-16,19,Friday,0,0,0,Clear,30.1,2654,5386,1843
Dwarka,2025-05-16,20,Friday,0,0,0,Clear,28.9,1843,4355,1480
Dwarka,2025-05-16,21,Friday,0,0,0,Clear,26.8,1480,3317,852
Dwarka,2025-05-16,22,Friday,0,0,0,Clear,26.1,852,2021,376
Dwarka,2025-05-16,23,Friday,0,0,0,Clear,25.0,376,1177,148
Dwarka,2025-05-17,0,Saturday,1,0,0,Clear,23.0,148,632,51
Dwarka,2025-05-17,1,Saturday,1,0,0,Clear,21.7,51,349,37
Dwarka,2025-05-17,2,Saturday,1,0,0,Clear,21.8,37,218,32
Dwarka,2025-05-17,3,Saturday,1,0,0,Clear,22.0,32,227,95
Dwarka,2025-05-17,4,Saturday,1,0,0,Clear,23.7,95,1068,718
Dwarka,2025-05-17,5,Saturday,1,0,0,Clear,23.0,718,2366,1398
Dwarka,2025-05-17,6,Saturday,1,0,0,Clear,24.5,1398,4502,2501
Dwarka,2025-05-17,7,Saturday,1,0,0,Clear,26.1,2501,5635,2753
Dwarka,2025-05-17,8,Saturday,1,0,0,Clear,27.8,2753,7984,3660
Dwarka,2025-05-17,9,Saturday,1,0,0,Clear,27.2,3660,7745,3178
Dwarka,2025-05-17,10,Saturday,1,0,0,Clear,30.9,3178,7068,2613
Dwarka,2025-05-17,11,Saturday,1,0,0,Clear,31.4,2613,6001,1894
Dwarka,2025-05-17,12,Saturday,1,0,0,Clear,31.8,1894,5485,1736
Dwarka,2025-05-17,13,Saturday,1,0,0,Clear,31.9,1736,4568,1399
Dwarka,2025-05-17,14,Saturday,1,0,0,Clear,31.6,1399,4306,1376
Dwarka,2025-05-17,15,Saturday,1,0,0,Clear,32.5,1376,4992,2183
Dwarka,2025-05-17,16,Saturday,1,0,0,Clear,31.4,2183,5820,2560
Dwarka,2025-05-17,17,Saturday,1,0,0,Clear,30.0,2560,6685,2809
Dwarka,2025-05-17,18,Saturday,1,0,0,Clear,29.6,2809,7895,3443
Dwarka,2025-05-17,19,Saturday,1,0,0,Clear,28.7,3443,7943,3231
Dwarka,2025-05-17,20,Saturday,1,0,0,Clear,27.5,3231,7122,2312
Dwarka,2025-05-17,21,Saturday,1,0,0,Clear,25.0,2312,5426,1270
Dwarka,2025-05-17,22,Saturday,1,0,0,Clear,24.5,1270,3462,560
Dwarka,2025-05-17,23,Saturday,1,0,0,Clear,22.8,560,1999,219
Dwarka,2025-05-18,0,Sunday,1,0,0,Clear,25.1,219,1139,75
Dwarka,2025-05-18,1,Sunday,1,0,0,Clear,23.9,75,585,42
Dwarka,2025-05-18,2,Sunday,1,0,0,Clear,23.6,42,354,41
Dwarka,2025-05-18,3,Sunday,1,0,0,Clear,24.9,41,322,115
Dwarka,2025-05-18,4,Sunday,1,0,0,Clear,23.5,115,1380,898
Dwarka,2025-05-18,5,Sunday,1,0,0,Clear,25.0,898,3033,1745
Dwarka,2025-05-18,6,Sunday,1,0,0,Clear,27.5,1745,5875,3263
Dwarka,2025-05-18,7,Sunday,1,0,0,Clear,27.9,3263,7180,3381
Dwarka,2025-05-18,8,Sunday,1,0,0,Clear,28.6,3381,10043,4929
Dwarka,2025-05-18,9,Sunday,1,0,0,Clear,30.2,4929,9710,3646
Dwarka,2025-05-18,10,Sunday,1,0,0,Clear,32.8,3646,8857,3244
Dwarka,2025-05-18,11,Sunday,1,0,0,Clear,32.9,3244,8667,3350
Dwarka,2025-05-18,12,Sunday,1,0,0,Clear,33.0,3350,6586,1777
Dwarka,2025-05-18,13,Sunday,1,0,0,Clear,34.6,1777,5512,1864
Dwarka,2025-05-18,14,Sunday,1,0,0,Clear,33.8,1864,5340,1929
Dwarka,2025-05-18,15,Sunday,1,0,0,Clear,33.4,1929,5745,2413
Dwarka,2025-05-18,16,Sunday,1,0,0,Clear,34.2,2413,7803,3645
Dwarka,2025-05-18,17,Sunday,1,0,0,Clear,33.6,3645,9050,4094
Dwarka,2025-05-18,18,Sunday,1,0,0,Clear,31.0,4094,9226,3690
Dwarka,2025-05-18,19,Sunday,1,0,0,Clear,30.3,3690,10033,4149
Dwarka,2025-05-18,20,Sunday,1,0,0,Clear,28.8,4149,8335,2792
Dwarka,2025-05-18,21,Sunday,1,0,0,Clear,28.4,2792,5802,1503
Dwarka,2025-05-18,22,Sunday,1,0,0,Clear,27.0,1503,3568,758
Dwarka,2025-05-18,23,Sunday,1,0,0,Clear,25.9,758,1972,216
Dwarka,2025-05-19,0,Monday,0,0,0,Rainy,25.5,216,962,26
Dwarka,2025-05-19,1,Monday,0,0,0,Rainy,24.9,26,526,17
Dwarka,2025-05-19,2,Monday,0,0,0,Rainy,24.8,17,267,15
Dwarka,2025-05-19,3,Monday,0,0,0,Rainy,24.7,15,205,50
Dwarka,2025-05-19,4,Monday,0,0,0,Rainy,25.0,50,455,268
Dwarka,2025-05-19,5,Monday,0,0,0,Rainy,26.2,268,1369,848
Dwarka,2025-05-19,6,Monday,0,0,0,Rainy,26.2,848,2070,1062
Dwarka,2025-05-19,7,Monday,0,0,0,Rainy,27.9,1062,2891,1392
Dwarka,2025-05-19,8,Monday,0,0,0,Rainy,30.2,1392,3866,1809
Dwarka,2025-05-19,9,Monday,0,0,0,Rainy,29.9,1809,3524,1247
Dwarka,2025-05-19,10,Monday,0,0,0,Rainy,32.5,1247,3493,1332
Dwarka,2025-05-19,11,Monday,0,0,0,Rainy,33.5,1332,3026,1015
Dwarka,2025-05-19,12,Monday,0,0,0,Rainy,34.3,1015,2507,786
Dwarka,2025-05-19,13,Monday,0,0,0,Rainy,34.8,786,2089,598
Dwarka,2025-05-19,14,Monday,0,0,0,Heavy Rain,34.3,598,1708,496
Dwarka,2025-05-19,15,Monday,0,0,0,Rainy,34.4,496,1852,798
Dwarka,2025-05-19,16,Monday,0,0,0,Rainy,34.5,798,3114,1648
Dwarka,2025-05-19,17,Monday,0,0,0,Rainy,34.2,1648,3644,1613
Dwarka,2025-05-19,18,Monday,0,0,0,Rainy,31.9,1613,3968,1705
Dwarka,2025-05-19,19,Monday,0,0,0,Rainy,32.2,1705,4191,1647
Dwarka,2025-05-19,20,Monday,0,0,0,Rainy,29.8,1647,3293,951
Dwarka,2025-05-19,21,Monday,0,0,0,Rainy,29.4,951,2497,667
Dwarka,2025-05-19,22,Monday,0,0,0,Rainy,27.7,667,1594,275
Dwarka,2025-05-19,23,Monday,0,0,0,Rainy,26.6,275,921,91
Dwarka,2025-05-20,0,Tuesday,0,0,0,Clear,26.0,91,444,28
Dwarka,2025-05-20,1,Tuesday,0,0,0,Clear,25.2,28,232,18
Dwarka,2025-05-20,2,Tuesday,0,0,0,Clear,26.5,18,140,20
Dwarka,2025-05-20,3,Tuesday,0,0,0,Clear,26.0,20,148,61
Dwarka,2025-05-20,4,Tuesday,0,0,0,Clear,26.2,61,548,350
Dwarka,2025-05-20,5,Tuesday,0,0,0,Clear,28.0,350,1363,803
Dwarka,2025-05-20,6,Tuesday,0,0,0,Clear,28.3,803,2499,1338
Dwarka,2025-05-20,7,Tuesday,0,0,0,Clear,29.8,1338,3386,1575
Dwarka,2025-05-20,8,Tuesday,0,0,0,Clear,30.7,1575,4126,1799
Dwarka,2025-05-20,9,Tuesday,0,0,0,Clear,32.2,1799,4409,1750
Dwarka,2025-05-20,10,Tuesday,0,0,0,Clear,33.0,1750,4263,1484
Dwarka,2025-05-20,11,Tuesday,0,0,0,Clear,34.0,1484,3619,1228
Dwarka,2025-05-20,12,Tuesday,0,0,0,Clear,36.0,1228,2940,914
Dwarka,2025-05-20,13,Tuesday,0,0,0,Clear,37.3,914,2553,809
Dwarka,2025-05-20,14,Tuesday,0,0,0,Clear,36.5,809,2471,968
Dwarka,2025-05-20,15,Tuesday,0,0,0,Clear,36.0,968,2736,1166
Dwarka,2025-05-20,16,Tuesday,0,0,0,Clear,35.7,1166,3582,1701
Dwarka,2025-05-20,17,Tuesday,0,0,0,Clear,34.5,1701,3795,1651
Dwarka,2025-05-20,18,Tuesday,0,0,0,Clear,34.0,1651,4481,1967
Dwarka,2025-05-20,19,Tuesday,0,0,0,Clear,31.6,1967,4407,1584
Dwarka,2025-05-20,20,Tuesday,0,0,0,Clear,30.9,1584,3783,1219
Dwarka,2025-05-20,21,Tuesday,0,0,0,Clear,28.8,1219,2733,764
Dwarka,2025-05-20,22,Tuesday,0,0,0,Clear,27.7,764,1662,268
Dwarka,2025-05-20,23,Tuesday,0,0,0,Clear,26.9,268,898,101
Dwarka,2025-05-21,0,Wednesday,0,0,0,Sunny,26.1,101,458,29
Dwarka,2025-05-21,1,Wednesday,0,0,0,Sunny,25.5,29,232,17
Dwarka,2025-05-21,2,Wednesday,0,0,0,Sunny,26.0,17,149,21
Dwarka,2025-05-21,3,Wednesday,0,0,0,Sunny,25.5,21,138,50
Dwarka,2025-05-21,4,Wednesday,0,0,0,Sunny,26.0,50,518,334
Dwarka,2025-05-21,5,Wednesday,0,0,0,Sunny,27.1,334,1248,729
Dwarka,2025-05-21,6,Wednesday,0,0,0,Sunny,29.3,729,2784,1606
Dwarka,2025-05-21,7,Wednesday,0,0,0,Sunny,29.9,1606,4352,2196
Dwarka,2025-05-21,8,Wednesday,0,0,0,Sunny,30.4,2196,4861,2005
Dwarka,2025-05-21,9,Wednesday,0,0,0,Sunny,31.5,2005,4688,1649
Dwarka,2025-05-21,10,Wednesday,0,0,0,Sunny,32.3,1649,3912,1246
Dwarka,2025-05-21,11,Wednesday,0,0,0,Sunny,34.7,1246,3229,1010
Dwarka,2025-05-21,12,Wednesday,0,0,0,Sunny,36.0,1010,2749,834
Dwarka,2025-05-21,13,Wednesday,0,0,0,Sunny,35.5,834,2262,657
Dwarka,2025-05-21,14,Wednesday,0,0,0,Sunny,36.2,657,2071,762
Dwarka,2025-05-21,15,Wednesday,0,0,0,Sunny,36.8,762,2415,1018
Dwarka,2025-05-21,16,Wednesday,0,0,0,Sunny,35.0,1018,3200,1499
Dwarka,2025-05-21,17,Wednesday,0,0,0,Sunny,33.2,1499,3651,1562
Dwarka,2025-05-21,18,Wednesday,0,0,0,Sunny,33.0,1562,4679,2272
Dwarka,2025-05-21,19,Wednesday,0,0,0,Sunny,32.5,2272,4100,1403
Dwarka,2025-05-21,20,Wednesday,0,0,0,Sunny,30.1,1403,3941,1559
Dwarka,2025-05-21,21,Wednesday,0,0,0,Sunny,29.3,1559,2837,588
Dwarka,2025-05-21,22,Wednesday,0,0,0,Sunny,28.4,588,1887,315
Dwarka,2025-05-21,23,Wednesday,0,0,0,Sunny,27.1,315,1055,106
Dwarka,2025-05-22,0,Thursday,0,0,0,Clear,26.8,106,562,36
Dwarka,2025-05-22,1,Thursday,0,0,0,Clear,26.3,36,314,18
Dwarka,2025-05-22,2,Thursday,0,0,0,Clear,25.8,18,184,24
Dwarka,2025-05-22,3,Thursday,0,0,0,Clear,25.6,24,174,63
Dwarka,2025-05-22,4,Thursday,0,0,0,Clear,27.7,63,585,369
Dwarka,2025-05-22,5,Thursday,0,0,0,Clear,26.7,369,1290,761
Dwarka,2025-05-22,6,Thursday,0,0,0,Clear,28.6,761,2679,1540
Dwarka,2025-05-22,7,Thursday,0,0,0,Clear,30.6,1540,3576,1654
Dwarka,2025-05-22,8,Thursday,0,0,0,Clear,32.2,1654,4727,2252
Dwarka,2025-05-22,9,Thursday,0,0,0,Clear,31.5,2252,4829,1907
Dwarka,2025-05-22,10,Thursday,0,0,0,Clear,33.5,1907,4390,1412
Dwarka,2025-05-22,11,Thursday,0,0,0,Clear,34.5,1412,3900,1311
Dwarka,2025-05-22,12,Thursday,0,0,0,Clear,35.8,1311,3283,932
Dwarka,2025-05-22,13,Thursday,0,0,0,Clear,36.3,932,2614,733
Dwarka,2025-05-22,14,Thursday,0,0,0,Clear,37.2,733,2453,902
Dwarka,2025-05-22,15,Thursday,0,0,0,Clear,35.2,902,2568,1080
Dwarka,2025-05-22,16,Thursday,0,0,0,Clear,36.4,1080,3264,1518
Dwarka,2025-05-22,17,Thursday,0,0,0,Clear,35.2,1518,4048,1748
Dwarka,2025-05-22,18,Thursday,0,0,0,Clear,34.8,1748,5456,2553
Dwarka,2025-05-22,19,Thursday,0,0,0,Clear,32.8,2553,5357,2094
Dwarka,2025-05-22,20,Thursday,0,0,0,Clear,30.9,2094,4264,1204
Dwarka,2025-05-22,21,Thursday,0,0,0,Clear,29.6,1204,2883,741
Dwarka,2025-05-22,22,Thursday,0,0,0,Clear,29.1,741,1684,270
Dwarka,2025-05-22,23,Thursday,0,0,0,Clear,28.5,270,991,124
Dwarka,2025-05-23,0,Friday,0,0,0,Clear,25.4,124,488,36
Dwarka,2025-05-23,1,Friday,0,0,0,Clear,25.5,36,257,25
Dwarka,2025-05-23,2,Friday,0,0,0,Clear,26.1,25,164,27
Dwarka,2025-05-23,3,Friday,0,0,0,Clear,25.0,27,166,63
Dwarka,2025-05-23,4,Friday,0,0,0,Clear,25.9,63,804,537
Dwarka,2025-05-23,5,Friday,0,0,0,Clear,26.4,537,1744,1024
Dwarka,2025-05-23,6,Friday,0,0,0,Clear,28.3,1024,2836,1461
Dwarka,2025-05-23,7,Friday,0,0,0,Clear,28.6,1461,4497,2277
Dwarka,2025-05-23,8,Friday,0,0,0,Clear,30.5,2277,4797,2026
Dwarka,2025-05-23,9,Friday,0,0,0,Clear,31.3,2026,4677,1663
Dwarka,2025-05-23,10,Friday,0,0,0,Clear,33.1,1663,4494,1545
Dwarka,2025-05-23,11,Friday,0,0,0,Clear,33.7,1545,4092,1499
Dwarka,2025-05-23,12,Friday,0,0,0,Clear,33.7,1499,3080,859
Dwarka,2025-05-23,13,Friday,0,0,0,Clear,36.0,859,2735,923
Dwarka,2025-05-23,14,Friday,0,0,0,Clear,34.4,923,3018,1252
Dwarka,2025-05-23,15,Friday,0,0,0,Clear,35.4,1252,3691,1594
Dwarka,2025-05-23,16,Friday,0,0,0,Clear,35.6,1594,4087,1781
Dwarka,2025-05-23,17,Friday,0,0,0,Clear,34.7,1781,4762,1933
Dwarka,2025-05-23,18,Friday,0,0,0,Clear,33.0,1933,5077,2172
Dwarka,2025-05-23,19,Friday,0,0,0,Clear,31.0,2172,5214,2058
Dwarka,2025-05-23,20,Friday,0,0,0,Clear,29.7,2058,4294,1454
Dwarka,2025-05-23,21,Friday,0,0,0,Clear,29.4,1454,3210,880
Dwarka,2025-05-23,22,Friday,0,0,0,Clear,27.0,880,2003,366
Dwarka,2025-05-23,23,Friday,0,0,0,Clear,26.9,366,1174,129
Dwarka,2025-05-24,0,Saturday,1,0,0,Clear,27.8,129,648,42
Dwarka,2025-05-24,1,Saturday,1,0,0,Clear,27.0,42,352,31
Dwarka,2025-05-24,2,Saturday,1,0,0,Clear,27.6,31,209,33
Dwarka,2025-05-24,3,Saturday,1,0,0,Clear,27.4,33,241,104
Dwarka,2025-05-24,4,Saturday,1,0,0,Clear,27.5,104,855,549
Dwarka,2025-05-24,5,Saturday,1,0,0,Clear,29.1,549,2302,1399
Dwarka,2025-05-24,6,Saturday,1,0,0,Clear,29.5,1399,4194,2258
Dwarka,2025-05-24,7,Saturday,1,0,0,Clear,30.6,2258,5892,2829
Dwarka,2025-05-24,8,Saturday,1,0,0,Clear,33.2,2829,7064,3181
Dwarka,2025-05-24,9,Saturday,1,0,0,Clear,33.2,3181,7790,3093
Dwarka,2025-05-24,10,Saturday,1,0,0,Clear,36.8,3093,7214,2581
Dwarka,2025-05-24,11,Saturday,1,0,0,Clear,35.8,2581,5674,1615
Dwarka,2025-05-24,12,Saturday,1,0,0,Clear,38.0,1615,5090,1640
Dwarka,2025-05-24,13,Saturday,1,0,0,Clear,37.9,1640,3883,1286
Dwarka,2025-05-24,14,Saturday,1,0,0,Clear,38.0,1286,3683,1396
Dwarka,2025-05-24,15,Saturday,1,0,0,Clear,37.5,1396,4209,1855
Dwarka,2025-05-24,16,Saturday,1,0,0,Clear,37.2,1855,5253,2387
Dwarka,2025-05-24,17,Saturday,1,0,0,Clear,35.5,2387,6552,3088
Dwarka,2025-05-24,18,Saturday,1,0,0,Clear,34.9,3088,7607,3492
Dwarka,2025-05-24,19,Saturday,1,0,0,Clear,33.5,3492,7464,3015
Dwarka,2025-05-24,20,Saturday,1,0,0,Clear,33.7,3015,6788,2440
Dwarka,2025-05-24,21,Saturday,1,0,0,Clear,30.8,2440,4726,1262
Dwarka,2025-05-24,22,Saturday,1,0,0,Clear,28.8,1262,2928,500
Dwarka,2025-05-24,23,Saturday,1,0,0,Clear,29.0,500,1715,163
Dwarka,2025-05-25,0,Sunday,1,0,0,Cloudy,19.2,163,923,59
Dwarka,2025-05-25,1,Sunday,1,0,0,Cloudy,19.0,59,498,39
Dwarka,2025-05-25,2,Sunday,1,0,0,Cloudy,19.0,39,291,45
Dwarka,2025-05-25,3,Sunday,1,0,0,Cloudy,19.1,45,259,88
Dwarka,2025-05-25,4,Sunday,1,0,0,Cloudy,19.4,88,1170,777
Dwarka,2025-05-25,5,Sunday,1,0,0,Cloudy,20.8,777,2820,1669
Dwarka,2025-05-25,6,Sunday,1,0,0,Cloudy,21.6,1669,6021,3550
Dwarka,2025-05-25,7,Sunday,1,0,0,Cloudy,23.2,3550,8706,4257
Dwarka,2025-05-25,8,Sunday,1,0,0,Cloudy,24.1,4257,9103,3803
Dwarka,2025-05-25,9,Sunday,1,0,0,Cloudy,26.4,3803,9042,3420
Dwarka,2025-05-25,10,Sunday,1,0,0,Cloudy,27.5,3420,10097,4214
Dwarka,2025-05-25,11,Sunday,1,0,0,Cloudy,27.9,4214,7731,2186
Dwarka,2025-05-25,12,Sunday,1,0,0,Cloudy,29.1,2186,5455,1390
Dwarka,2025-05-25,13,Sunday,1,0,0,Cloudy,29.9,1390,4753,1487
Dwarka,2025-05-25,14,Sunday,1,0,0,Cloudy,29.0,1487,5146,2088
Dwarka,2025-05-25,15,Sunday,1,0,0,Rainy,30.8,2088,4818,1868
Dwarka,2025-05-25,16,Sunday,1,0,0,Cloudy,29.0,1868,6233,2946
Dwarka,2025-05-25,17,Sunday,1,0,0,Rainy,29.0,2946,7254,3165
Dwarka,2025-05-25,18,Sunday,1,0,0,Cloudy,27.9,3165,9970,4799
Dwarka,2025-05-25,19,Sunday,1,0,0,Cloudy,25.9,4799,9049,2929
Dwarka,2025-05-25,20,Sunday,1,0,0,Cloudy,24.4,2929,8809,3276
Dwarka,2025-05-25,21,Sunday,1,0,0,Cloudy,24.5,3276,6227,1705
Dwarka,2025-05-25,22,Sunday,1,0,0,Cloudy,21.7,1705,3757,666
Dwarka,2025-05-25,23,Sunday,1,0,0,Cloudy,20.7,666,2063,192
Dwarka,2025-05-26,0,Monday,0,0,0,Clear,25.9,192,994,33
Dwarka,2025-05-26,1,Monday,0,0,0,Clear,23.2,33,501,22
Dwarka,2025-05-26,2,Monday,0,0,0,Clear,24.5,22,256,22
Dwarka,2025-05-26,3,Monday,0,0,0,Clear,25.2,22,200,58
Dwarka,2025-05-26,4,Monday,0,0,0,Clear,24.8,58,640,408
Dwarka,2025-05-26,5,Monday,0,0,0,Clear,25.7,408,1371,782
Dwarka,2025-05-26,6,Monday,0,0,0,Clear,26.2,782,2577,1381
Dwarka,2025-05-26,7,Monday,0,0,0,Clear,28.7,1381,3008,1259
Dwarka,2025-05-26,8,Monday,0,0,0,Clear,29.2,1259,3894,1869
Dwarka,2025-05-26,9,Monday,0,0,0,Clear,30.1,1869,4022,1673
Dwarka,2025-05-26,10,Monday,0,0,0,Clear,31.1,1673,3796,1359
Dwarka,2025-05-26,11,Monday,0,0,0,Clear,33.0,1359,3641,1352
Dwarka,2025-05-26,12,Monday,0,0,0,Clear,33.1,1352,2921,934
Dwarka,2025-05-26,13,Monday,0,0,0,Clear,34.8,934,2257,669
Dwarka,2025-05-26,14,Monday,0,0,0,Clear,34.3,669,2462,1014
Dwarka,2025-05-26,15,Monday,0,0,0,Clear,34.4,1014,3121,1517
Dwarka,2025-05-26,16,Monday,0,0,0,Clear,33.2,1517,3257,1401
Dwarka,2025-05-26,17,Monday,0,0,0,Clear,32.6,1401,4420,2150
Dwarka,2025-05-26,18,Monday,0,0,0,Clear,31.7,2150,4392,1744
Dwarka,2025-05-26,19,Monday,0,0,0,Clear,30.4,1744,4498,1901
Dwarka,2025-05-26,20,Monday,0,0,0,Clear,29.0,1901,4141,1504
Dwarka,2025-05-26,21,Monday,0,0,0,Clear,26.7,1504,3273,898
Dwarka,2025-05-26,22,Monday,0,0,0,Clear,27.2,898,2052,268
Dwarka,2025-05-26,23,Monday,0,0,0,Clear,25.1,268,1089,103
Dwarka,2025-05-27,0,Tuesday,0,0,0,Clear,27.7,103,562,31
Dwarka,2025-05-27,1,Tuesday,0,0,0,Clear,26.4,31,284,25
Dwarka,2025-05-27,2,Tuesday,0,0,0,Clear,27.0,25,173,21
Dwarka,2025-05-27,3,Tuesday,0,0,0,Clear,27.8,21,153,50
Dwarka,2025-05-27,4,Tuesday,0,0,0,Clear,28.5,50,543,351
Dwarka,2025-05-27,5,Tuesday,0,0,0,Clear,28.1,351,1142,649
Dwarka,2025-05-27,6,Tuesday,0,0,0,Clear,30.0,649,2321,1346
Dwarka,2025-05-27,7,Tuesday,0,0,0,Clear,31.3,1346,2904,1390
Dwarka,2025-05-27,8,Tuesday,0,0,0,Clear,31.9,1390,4029,1930
Dwarka,2025-05-27,9,Tuesday,0,0,0,Clear,33.3,1930,4724,2062
Dwarka,2025-05-27,10,Tuesday,0,0,0,Clear,35.3,2062,4223,1557
Dwarka,2025-05-27,11,Tuesday,0,0,0,Clear,35.6,1557,4004,1502
Dwarka,2025-05-27,12,Tuesday,0,0,0,Clear,36.1,1502,2992,826
Dwarka,2025-05-27,13,Tuesday,0,0,0,Clear,36.6,826,2441,668
Dwarka,2025-05-27,14,Tuesday,0,0,0,Clear,37.2,668,2073,733
Dwarka,2025-05-27,15,Tuesday,0,0,0,Clear,38.0,733,2480,1084
Dwarka,2025-05-27,16,Tuesday,0,0,0,Clear,36.1,1084,3336,1525
Dwarka,2025-05-27,17,Tuesday,0,0,0,Clear,35.3,1525,4087,1925
Dwarka,2025-05-27,18,Tuesday,0,0,0,Clear,35.8,1925,4673,2038
Dwarka,2025-05-27,19,Tuesday,0,0,0,Clear,33.2,2038,4248,1523
Dwarka,2025-05-27,20,Tuesday,0,0,0,Clear,30.5,1523,3645,1200
Dwarka,2025-05-27,21,Tuesday,0,0,0,Clear,30.9,1200,2580,665
Dwarka,2025-05-27,22,Tuesday,0,0,0,Clear,29.4,665,1585,250
Dwarka,2025-05-27,23,Tuesday,0,0,0,Clear,27.2,250,943,116
Dwarka,2025-05-28,0,Wednesday,0,0,0,Sunny,21.4,116,443,27
Dwarka,2025-05-28,1,Wednesday,0,0,0,Sunny,21.0,27,250,19
Dwarka,2025-05-28,2,Wednesday,0,0,0,Sunny,20.6,19,156,19
Dwarka,2025-05-28,3,Wednesday,0,0,0,Sunny,21.1,19,118,33
Dwarka,2025-05-28,4,Wednesday,0,0,0,Sunny,20.5,33,500,329
Dwarka,2025-05-28,5,Wednesday,0,0,0,Sunny,22.4,329,1333,800
Dwarka,2025-05-28,6,Wednesday,0,0,0,Sunny,23.6,800,2666,1496
Dwarka,2025-05-28,7,Wednesday,0,0,0,Sunny,25.3,1496,3545,1692
Dwarka,2025-05-28,8,Wednesday,0,0,0,Sunny,24.7,1692,4626,2171
Dwarka,2025-05-28,9,Wednesday,0,0,0,Sunny,29.0,2171,4424,1625
Dwarka,2025-05-28,10,Wednesday,0,0,0,Sunny,28.8,1625,3873,1268
Dwarka,2025-05-28,11,Wednesday,0,0,0,Sunny,29.6,1268,3516,1147
Dwarka,2025-05-28,12,Wednesday,0,0,0,Sunny,29.9,1147,2965,855
Dwarka,2025-05-28,13,Wednesday,0,0,0,Sunny,30.5,855,2532,698
Dwarka,2025-05-28,14,Wednesday,0,0,0,Sunny,31.4,698,2381,827
Dwarka,2025-05-28,15,Wednesday,0,0,0,Sunny,30.6,827,2494,943
Dwarka,2025-05-28,16,Wednesday,0,0,0,Sunny,29.7,943,3884,2012
Dwarka,2025-05-28,17,Wednesday,0,0,0,Sunny,30.8,2012,4092,1579
Dwarka,2025-05-28,18,Wednesday,0,0,0,Sunny,28.8,1579,5070,2230
Dwarka,2025-05-28,19,Wednesday,0,0,0,Sunny,26.9,2230,4336,1414
Dwarka,2025-05-28,20,Wednesday,0,0,0,Sunny,26.0,1414,3692,1172
Dwarka,2025-05-28,21,Wednesday,0,0,0,Sunny,24.7,1172,2683,649
Dwarka,2025-05-28,22,Wednesday,0,0,0,Sunny,23.1,649,1723,285
Dwarka,2025-05-28,23,Wednesday,0,0,0,Sunny,21.7,285,962,98
Dwarka,2025-05-29,0,Thursday,0,0,0,Clear,27.0,98,502,31
Dwarka,2025-05-29,1,Thursday,0,0,0,Clear,26.2,31,267,22
Dwarka,2025-05-29,2,Thursday,0,0,0,Clear,26.8,22,146,21
Dwarka,2025-05-29,3,Thursday,0,0,0,Clear,27.8,21,145,52
Dwarka,2025-05-29,4,Thursday,0,0,0,Clear,27.5,52,640,423
Dwarka,2025-05-29,5,Thursday,0,0,0,Clear,27.7,423,1275,694
Dwarka,2025-05-29,6,Thursday,0,0,0,Clear,28.1,694,2521,1412
Dwarka,2025-05-29,7,Thursday,0,0,0,Clear,29.8,1412,3581,1694
Dwarka,2025-05-29,8,Thursday,0,0,0,Clear,31.8,1694,4483,2073
Dwarka,2025-05-29,9,Thursday,0,0,0,Clear,33.3,2073,4592,1682
Dwarka,2025-05-29,10,Thursday,0,0,0,Clear,33.9,1682,4553,1749
Dwarka,2025-05-29,11,Thursday,0,0,0,Clear,35.0,1749,4364,1436
Dwarka,2025-05-29,12,Thursday,0,0,0,Clear,36.7,1436,3450,958
Dwarka,2025-05-29,13,Thursday,0,0,0,Clear,36.0,958,2636,782
Dwarka,2025-05-29,14,Thursday,0,0,0,Clear,36.7,782,2445,966
Dwarka,2025-05-29,15,Thursday,0,0,0,Clear,36.3,966,2851,1246
Dwarka,2025-05-29,16,Thursday,0,0,0,Clear,36.0,1246,3112,1331
Dwarka,2025-05-29,17,Thursday,0,0,0,Clear,35.6,1331,4139,1941
Dwarka,2025-05-29,18,Thursday,0,0,0,Clear,33.6,1941,4602,2107
Dwarka,2025-05-29,19,Thursday,0,0,0,Clear,33.1,2107,4984,2143
Dwarka,2025-05-29,20,Thursday,0,0,0,Clear,30.7,2143,4410,1364
Dwarka,2025-05-29,21,Thursday,0,0,0,Clear,29.9,1364,2974,651
Dwarka,2025-05-29,22,Thursday,0,0,0,Clear,28.0,651,1808,298
Dwarka,2025-05-29,23,Thursday,0,0,0,Clear,27.0,298,1003,98
Dwarka,2025-05-30,0,Friday,0,0,0,Sunny,28.5,98,534,32
Dwarka,2025-05-30,1,Friday,0,0,0,Sunny,27.6,32,304,28
Dwarka,2025-05-30,2,Friday,0,0,0,Sunny,27.4,28,176,27
Dwarka,2025-05-30,3,Friday,0,0,0,Sunny,28.7,27,163,57
Dwarka,2025-05-30,4,Friday,0,0,0,Sunny,28.3,57,611,392
Dwarka,2025-05-30,5,Friday,0,0,0,Sunny,28.9,392,1296,774
Dwarka,2025-05-30,6,Friday,0,0,0,Sunny,29.8,774,3380,2014
Dwarka,2025-05-30,7,Friday,0,0,0,Sunny,31.1,2014,4360,2056
Dwarka,2025-05-30,8,Friday,0,0,0,Sunny,32.1,2056,5014,2088
Dwarka,2025-05-30,9,Friday,0,0,0,Sunny,34.6,2088,5158,2157
Dwarka,2025-05-30,10,Friday,0,0,0,Sunny,35.6,2157,4393,1343
Dwarka,2025-05-30,11,Friday,0,0,0,Sunny,36.8,1343,3950,1238
Dwarka,2025-05-30,12,Friday,0,0,0,Sunny,36.4,1238,3404,1078
Dwarka,2025-05-30,13,Friday,0,0,0,Sunny,37.3,1078,2690,881
Dwarka,2025-05-30,14,Friday,0,0,0,Sunny,36.5,881,2528,946
Dwarka,2025-05-30,15,Friday,0,0,0,Sunny,38.0,946,3113,1403
Dwarka,2025-05-30,16,Friday,0,0,0,Sunny,36.9,1403,3748,1721
Dwarka,2025-05-30,17,Friday,0,0,0,Sunny,35.9,1721,4668,2120
Dwarka,2025-05-30,18,Friday,0,0,0,Sunny,35.2,2120,5522,2373
Dwarka,2025-05-30,19,Friday,0,0,0,Sunny,34.0,2373,5054,1725
Dwarka,2025-05-30,20,Friday,0,0,0,Sunny,33.1,1725,4633,1579
Dwarka,2025-05-30,21,Friday,0,0,0,Sunny,31.9,1579,3690,889
Dwarka,2025-05-30,22,Friday,0,0,0,Sunny,29.5,889,2335,354
Dwarka,2025-05-30,23,Friday,0,0,0,Sunny,29.3,354,1318,139
Ambaji,2025-01-01,0,Wednesday,0,1,0,Clear,26.1,70,231,66
Ambaji,2025-01-01,1,Wednesday,0,1,0,Clear,24.4,66,170,40
Ambaji,2025-01-01,2,Wednesday,0,1,0,Clear,23.3,40,137,35
Ambaji,2025-01-01,3,Wednesday,0,1,0,Clear,24.8,35,211,103
Ambaji,2025-01-01,4,Wednesday,0,1,0,Clear,24.8,103,968,634
Ambaji,2025-01-01,5,Wednesday,0,1,0,Clear,26.5,634,2667,1628
Ambaji,2025-01-01,6,Wednesday,0,1,0,Clear,27.4,1628,4042,1974
Ambaji,2025-01-01,7,Wednesday,0,1,0,Clear,29.4,1974,7137,3823
Ambaji,2025-01-01,8,Wednesday,0,1,0,Clear,31.5,3823,8260,3273
Ambaji,2025-01-01,9,Wednesday,0,1,0,Clear,32.3,3273,8110,3028
Ambaji,2025-01-01,10,Wednesday,0,1,0,Clear,34.1,3028,7704,2569
Ambaji,2025-01-01,11,Wednesday,0,1,0,Clear,36.6,2569,6702,2200
Ambaji,2025-01-01,12,Wednesday,0,1,0,Clear,37.1,2200,5609,1463
Ambaji,2025-01-01,13,Wednesday,0,1,0,Clear,37.4,1463,4640,1404
Ambaji,2025-01-01,14,Wednesday,0,1,0,Clear,36.6,1404,4533,1711
Ambaji,2025-01-01,15,Wednesday,0,1,0,Clear,37.0,1711,5222,1950
Ambaji,2025-01-01,16,Wednesday,0,1,0,Clear,35.8,1950,5723,2250
Ambaji,2025-01-01,17,Wednesday,0,1,0,Clear,35.5,2250,8306,3919
Ambaji,2025-01-01,18,Wednesday,0,1,0,Clear,34.7,3919,9758,3804
Ambaji,2025-01-01,19,Wednesday,0,1,0,Clear,33.8,3804,9584,3050
Ambaji,2025-01-01,20,Wednesday,0,1,0,Clear,32.2,3050,7410,2247
Ambaji,2025-01-01,21,Wednesday,0,1,0,Clear,29.7,2247,5726,1324
Ambaji,2025-01-01,22,Wednesday,0,1,0,Clear,27.6,1324,3856,570
Ambaji,2025-01-01,23,Wednesday,0,1,0,Clear,27.1,570,2464,197
Ambaji,2025-01-02,0,Thursday,0,0,0,Clear,25.0,197,1332,37
Ambaji,2025-01-02,1,Thursday,0,0,0,Clear,23.9,37,696,23
Ambaji,2025-01-02,2,Thursday,0,0,0,Clear,25.1,23,397,28
Ambaji,2025-01-02,3,Thursday,0,0,0,Clear,25.1,28,293,65
Ambaji,2025-01-02,4,Thursday,0,0,0,Clear,25.2,65,765,458
Ambaji,2025-01-02,5,Thursday,0,0,0,Clear,24.3,458,1621,920
Ambaji,2025-01-02,6,Thursday,0,0,0,Clear,27.2,920,3257,1721
Ambaji,2025-01-02,7,Thursday,0,0,0,Clear,28.0,1721,5437,2759
Ambaji,2025-01-02,8,Thursday,0,0,0,Clear,30.9,2759,6261,2776
Ambaji,2025-01-02,9,Thursday,0,0,0,Clear,32.1,2776,6033,2194
Ambaji,2025-01-02,10,Thursday,0,0,0,Clear,34.0,2194,5904,2360
Ambaji,2025-01-02,11,Thursday,0,0,0,Clear,34.8,2360,4916,1359
Ambaji,2025-01-02,12,Thursday,0,0,0,Clear,36.0,1359,4023,1021
Ambaji,2025-01-02,13,Thursday,0,0,0,Clear,37.8,1021,3799,1322
Ambaji,2025-01-02,14,Thursday,0,0,0,Clear,36.0,1322,3818,1247
Ambaji,2025-01-02,15,Thursday,0,0,0,Clear,37.3,1247,4433,1830
Ambaji,2025-01-02,16,Thursday,0,0,0,Clear,35.8,1830,4990,2017
Ambaji,2025-01-02,17,Thursday,0,0,0,Clear,35.5,2017,6476,2774
Ambaji,2025-01-02,18,Thursday,0,0,0,Clear,34.0,2774,7221,2755
Ambaji,2025-01-02,19,Thursday,0,0,0,Clear,30.9,2755,6804,2251
Ambaji,2025-01-02,20,Thursday,0,0,0,Clear,30.5,2251,5814,1629
Ambaji,2025-01-02,21,Thursday,0,0,0,Clear,28.3,1629,4580,1100
Ambaji,2025-01-02,22,Thursday,0,0,0,Clear,27.2,1100,2990,379
Ambaji,2025-01-02,23,Thursday,0,0,0,Clear,25.8,379,1719,125
Ambaji,2025-01-03,0,Friday,0,0,0,Clear,17.0,125,986,52
Ambaji,2025-01-03,1,Friday,0,0,0,Clear,17.0,52,593,36
Ambaji,2025-01-03,2,Friday,0,0,0,Clear,17.0,36,333,30
Ambaji,2025-01-03,3,Friday,0,0,0,Clear,17.0,30,313,102
Ambaji,2025-01-03,4,Friday,0,0,0,Clear,17.6,102,910,555
Ambaji,2025-01-03,5,Friday,0,0,0,Clear,17.4,555,2067,1194
Ambaji,2025-01-03,6,Friday,0,0,0,Clear,18.1,1194,4247,2308
Ambaji,2025-01-03,7,Friday,0,0,0,Clear,21.9,2308,5677,2598
Ambaji,2025-01-03,8,Friday,0,0,0,Clear,21.6,2598,7674,3409
Ambaji,2025-01-03,9,Friday,0,0,0,Clear,23.3,3409,7399,2384
Ambaji,2025-01-03,10,Friday,0,0,0,Clear,25.7,2384,7011,2469
Ambaji,2025-01-03,11,Friday,0,0,0,Clear,25.7,2469,6022,1667
Ambaji,2025-01-03,12,Friday,0,0,0,Clear,29.1,1667,5139,1223
Ambaji,2025-01-03,13,Friday,0,0,0,Clear,29.0,1223,3989,954
Ambaji,2025-01-03,14,Friday,0,0,0,Clear,29.3,954,3522,1023
Ambaji,2025-01-03,15,Friday,0,0,0,Clear,29.2,1023,4334,1858
Ambaji,2025-01-03,16,Friday,0,0,0,Clear,27.8,1858,5187,2271
Ambaji,2025-01-03,17,Friday,0,0,0,Clear,26.4,2271,6434,2757
Ambaji,2025-01-03,18,Friday,0,0,0,Clear,25.1,2757,7292,2829
Ambaji,2025-01-03,19,Friday,0,0,0,Clear,24.0,2829,7148,2415
Ambaji,2025-01-03,20,Friday,0,0,0,Clear,21.8,2415,6527,1947
Ambaji,2025-01-03,21,Friday,0,0,0,Clear,20.0,1947,4691,979
Ambaji,2025-01-03,22,Friday,0,0,0,Clear,18.0,979,3036,467
Ambaji,2025-01-03,23,Friday,0,0,0,Clear,17.0,467,1796,172
Ambaji,2025-01-04,0,Saturday,1,0,0,Sunny,27.6,172,1033,78
Ambaji,2025-01-04,1,Saturday,1,0,0,Sunny,26.5,78,620,37
Ambaji,2025-01-04,2,Saturday,1,0,0,Sunny,26.2,37,388,40
Ambaji,2025-01-04,3,Saturday,1,0,0,Sunny,25.2,40,354,106
Ambaji,2025-01-04,4,Saturday,1,0,0,Sunny,26.9,106,1151,719
Ambaji,2025-01-04,5,Saturday,1,0,0,Sunny,27.0,719,3067,1831
Ambaji,2025-01-04,6,Saturday,1,0,0,Sunny,29.5,1831,5549,2928
Ambaji,2025-01-04,7,Saturday,1,0,0,Sunny,31.6,2928,7797,3784
Ambaji,2025-01-04,8,Saturday,1,0,0,Sunny,33.3,3784,10035,4399
Ambaji,2025-01-04,9,Saturday,1,0,0,Sunny,35.3,4399,10515,3709
Ambaji,2025-01-04,10,Saturday,1,0,0,Sunny,37.1,3709,9803,3363
Ambaji,2025-01-04,11,Saturday,1,0,0,Sunny,37.6,3363,8751,2989
Ambaji,2025-01-04,12,Saturday,1,0,0,Sunny,38.5,2989,6676,1720
Ambaji,2025-01-04,13,Saturday,1,0,0,Sunny,39.9,1720,5563,1641
Ambaji,2025-01-04,14,Saturday,1,0,0,Sunny,40.0,1641,5286,1868
Ambaji,2025-01-04,15,Saturday,1,0,0,Sunny,39.0,1868,6382,2596
Ambaji,2025-01-04,16,Saturday,1,0,0,Sunny,38.4,2596,8262,3467
Ambaji,2025-01-04,17,Saturday,1,0,0,Sunny,36.9,3467,10155,4208
Ambaji,2025-01-04,18,Saturday,1,0,0,Sunny,36.2,4208,12703,5068
Ambaji,2025-01-04,19,Saturday,1,0,0,Sunny,34.9,5068,11633,3485
Ambaji,2025-01-04,20,Saturday,1,0,0,Sunny,33.5,3485,8731,1987
Ambaji,2025-01-04,21,Saturday,1,0,0,Sunny,31.0,1987,6716,1644
Ambaji,2025-01-04,22,Saturday,1,0,0,Sunny,29.6,1644,4439,606
Ambaji,2025-01-04,23,Saturday,1,0,0,Sunny,29.2,606,2420,202
Ambaji,2025-01-05,0,Sunday,1,0,0,Clear,27.2,202,1338,84
Ambaji,2025-01-05,1,Sunday,1,0,0,Clear,24.5,84,807,76
Ambaji,2025-01-05,2,Sunday,1,0,0,Clear,25.3,76,468,55
Ambaji,2025-01-05,3,Sunday,1,0,0,Clear,26.0,55,436,142
Ambaji,2025-01-05,4,Sunday,1,0,0,Clear,27.7,142,1682,1086
Ambaji,2025-01-05,5,Sunday,1,0,0,Clear,27.7,1086,3777,2094
Ambaji,2025-01-05,6,Sunday,1,0,0,Clear,29.7,2094,7655,4281
Ambaji,2025-01-05,7,Sunday,1,0,0,Clear,30.2,4281,11220,5306
Ambaji,2025-01-05,8,Sunday,1,0,0,Clear,32.8,5306,13261,5283
Ambaji,2025-01-05,9,Sunday,1,0,0,Clear,34.3,5283,13299,5021
Ambaji,2025-01-05,10,Sunday,1,0,0,Clear,35.6,5021,12652,3987
Ambaji,2025-01-05,11,Sunday,1,0,0,Clear,36.2,3987,11915,3972
Ambaji,2025-01-05,12,Sunday,1,0,0,Clear,37.6,3972,9980,2555
Ambaji,2025-01-05,13,Sunday,1,0,0,Clear,37.9,2555,7904,2155
Ambaji,2025-01-05,14,Sunday,1,0,0,Clear,38.8,2155,7165,2532
Ambaji,2025-01-05,15,Sunday,1,0,0,Clear,38.0,2532,9617,4330
Ambaji,2025-01-05,16,Sunday,1,0,0,Clear,38.1,4330,11107,4533
Ambaji,2025-01-05,17,Sunday,1,0,0,Clear,36.7,4533,14176,6201
Ambaji,2025-01-05,18,Sunday,1,0,0,Clear,34.8,6201,15242,6501
Ambaji,2025-01-05,19,Sunday,1,0,0,Clear,34.2,6501,13786,4369
Ambaji,2025-01-05,20,Sunday,1,0,0,Clear,31.5,4369,12617,3882
Ambaji,2025-01-05,21,Sunday,1,0,0,Clear,31.4,3882,9422,1882
Ambaji,2025-01-05,22,Sunday,1,0,0,Clear,29.0,1882,6326,919
Ambaji,2025-01-05,23,Sunday,1,0,0,Clear,27.4,919,3602,352
Ambaji,2025-01-06,0,Monday,0,0,0,Cloudy,17.2,352,2073,45
Ambaji,2025-01-06,1,Monday,0,0,0,Cloudy,17.0,45,1093,19
Ambaji,2025-01-06,2,Monday,0,0,0,Cloudy,17.0,19,613,26
Ambaji,2025-01-06,3,Monday,0,0,0,Cloudy,17.0,26,400,74
Ambaji,2025-01-06,4,Monday,0,0,0,Cloudy,18.3,74,964,567
Ambaji,2025-01-06,5,Monday,0,0,0,Cloudy,18.1,567,1901,1059
Ambaji,2025-01-06,6,Monday,0,0,0,Cloudy,19.7,1059,3821,2071
Ambaji,2025-01-06,7,Monday,0,0,0,Cloudy,22.8,2071,5074,2332
Ambaji,2025-01-06,8,Monday,0,0,0,Cloudy,23.3,2332,5917,2442
Ambaji,2025-01-06,9,Monday,0,0,0,Cloudy,25.0,2442,5797,1983
Ambaji,2025-01-06,10,Monday,0,0,0,Cloudy,25.8,1983,5328,1727
Ambaji,2025-01-06,11,Monday,0,0,0,Cloudy,26.7,1727,4774,1695
Ambaji,2025-01-06,12,Monday,0,0,0,Cloudy,29.5,1695,3676,921
Ambaji,2025-01-06,13,Monday,0,0,0,Cloudy,30.0,921,3576,1225
Ambaji,2025-01-06,14,Monday,0,0,0,Cloudy,28.8,1225,3582,1281
Ambaji,2025-01-06,15,Monday,0,0,0,Cloudy,29.6,1281,3822,1480
Ambaji,2025-01-06,16,Monday,0,0,0,Rainy,29.8,1480,3951,1551
Ambaji,2025-01-06,17,Monday,0,0,0,Cloudy,27.6,1551,5448,2435
Ambaji,2025-01-06,18,Monday,0,0,0,Cloudy,25.9,2435,6793,3092
Ambaji,2025-01-06,19,Monday,0,0,0,Cloudy,24.6,3092,6368,1920
Ambaji,2025-01-06,20,Monday,0,0,0,Cloudy,23.0,1920,5279,1403
Ambaji,2025-01-06,21,Monday,0,0,0,Cloudy,22.0,1403,4083,1019
Ambaji,2025-01-06,22,Monday,0,0,0,Cloudy,20.1,1019,2805,373
Ambaji,2025-01-06,23,Monday,0,0,0,Cloudy,19.3,373,1723,153
Ambaji,2025-01-07,0,Tuesday,0,0,0,Clear,24.7,153,1005,39
Ambaji,2025-01-07,1,Tuesday,0,0,0,Clear,24.2,39,516,28
Ambaji,2025-01-07,2,Tuesday,0,0,0,Clear,23.4,28,304,24
Ambaji,2025-01-07,3,Tuesday,0,0,0,Clear,23.4,24,245,62
Ambaji,2025-01-07,4,Tuesday,0,0,0,Clear,24.1,62,735,457
Ambaji,2025-01-07,5,Tuesday,0,0,0,Clear,24.9,457,1769,1045
Ambaji,2025-01-07,6,Tuesday,0,0,0,Clear,27.5,1045,3545,1954
Ambaji,2025-01-07,7,Tuesday,0,0,0,Clear,30.2,1954,5188,2542
Ambaji,2025-01-07,8,Tuesday,0,0,0,Clear,30.5,2542,5836,2402
Ambaji,2025-01-07,9,Tuesday,0,0,0,Clear,31.2,2402,6177,2395
Ambaji,2025-01-07,10,Tuesday,0,0,0,Clear,33.4,2395,5272,1615
Ambaji,2025-01-07,11,Tuesday,0,0,0,Clear,34.7,1615,4482,1552
Ambaji,2025-01-07,12,Tuesday,0,0,0,Clear,35.9,1552,3766,942
Ambaji,2025-01-07,13,Tuesday,0,0,0,Clear,38.3,942,2956,864
Ambaji,2025-01-07,14,Tuesday,0,0,0,Clear,36.8,864,3130,1068
Ambaji,2025-01-07,15,Tuesday,0,0,0,Clear,37.5,1068,3702,1572
Ambaji,2025-01-07,16,Tuesday,0,0,0,Clear,36.3,1572,4551,1928
Ambaji,2025-01-07,17,Tuesday,0,0,0,Clear,33.9,1928,5934,2633
Ambaji,2025-01-07,18,Tuesday,0,0,0,Clear,33.4,2633,6118,2337
Ambaji,2025-01-07,19,Tuesday,0,0,0,Clear,32.0,2337,5563,1671
Ambaji,2025-01-07,20,Tuesday,0,0,0,Clear,29.5,1671,4786,1207
Ambaji,2025-01-07,21,Tuesday,0,0,0,Clear,27.9,1207,3746,827
Ambaji,2025-01-07,22,Tuesday,0,0,0,Clear,27.9,827,2288,321
Ambaji,2025-01-07,23,Tuesday,0,0,0,Clear,24.9,321,1482,144
Ambaji,2025-01-08,0,Wednesday,0,0,0,Clear,27.1,144,807,47
Ambaji,2025-01-08,1,Wednesday,0,0,0,Clear,27.3,47,448,23
Ambaji,2025-01-08,2,Wednesday,0,0,0,Clear,26.8,23,271,25
Ambaji,2025-01-08,3,Wednesday,0,0,0,Clear,26.5,25,224,59
Ambaji,2025-01-08,4,Wednesday,0,0,0,Clear,28.5,59,739,459
Ambaji,2025-01-08,5,Wednesday,0,0,0,Clear,29.3,459,1837,1090
Ambaji,2025-01-08,6,Wednesday,0,0,0,Clear,29.7,1090,3255,1635
Ambaji,2025-01-08,7,Wednesday,0,0,0,Clear,32.1,1635,4916,2365
Ambaji,2025-01-08,8,Wednesday,0,0,0,Clear,32.7,2365,6765,3072
Ambaji,2025-01-08,9,Wednesday,0,0,0,Clear,35.7,3072,6027,1757
Ambaji,2025-01-08,10,Wednesday,0,0,0,Clear,36.6,1757,5107,1572
Ambaji,2025-01-08,11,Wednesday,0,0,0,Clear,37.4,1572,4416,1298
Ambaji,2025-01-08,12,Wednesday,0,0,0,Clear,39.0,1298,3968,1096
Ambaji,2025-01-08,13,Wednesday,0,0,0,Clear,39.8,1096,2989,704
Ambaji,2025-01-08,14,Wednesday,0,0,0,Clear,40.0,704,3168,1107
Ambaji,2025-01-08,15,Wednesday,0,0,0,Clear,40.0,1107,3224,1161
Ambaji,2025-01-08,16,Wednesday,0,0,0,Clear,39.4,1161,4761,2172
Ambaji,2025-01-08,17,Wednesday,0,0,0,Clear,38.7,2172,5930,2497
Ambaji,2025-01-08,18,Wednesday,0,0,0,Clear,36.7,2497,5997,2153
Ambaji,2025-01-08,19,Wednesday,0,0,0,Clear,35.4,2153,5785,1822
Ambaji,2025-01-08,20,Wednesday,0,0,0,Clear,34.1,1822,5023,1340
Ambaji,2025-01-08,21,Wednesday,0,0,0,Clear,31.6,1340,3886,839
Ambaji,2025-01-08,22,Wednesday,0,0,0,Clear,30.1,839,2604,496
Ambaji,2025-01-08,23,Wednesday,0,0,0,Clear,27.8,496,1579,127
Ambaji,2025-01-09,0,Thursday,0,0,0,Clear,21.0,127,881,35
Ambaji,2025-01-09,1,Thursday,0,0,0,Clear,19.9,35,466,29
Ambaji,2025-01-09,2,Thursday,0,0,0,Clear,20.7,29,288,27
Ambaji,2025-01-09,3,Thursday,0,0,0,Clear,20.7,27,237,60
Ambaji,2025-01-09,4,Thursday,0,0,0,Clear,20.0,60,685,407
Ambaji,2025-01-09,5,Thursday,0,0,0,Clear,22.5,407,2132,1320
Ambaji,2025-01-09,6,Thursday,0,0,0,Clear,23.3,1320,3772,1973
Ambaji,2025-01-09,7,Thursday,0,0,0,Clear,24.4,1973,4811,2095
Ambaji,2025-01-09,8,Thursday,0,0,0,Clear,25.9,2095,5556,2226
Ambaji,2025-01-09,9,Thursday,0,0,0,Clear,28.2,2226,6247,2533
Ambaji,2025-01-09,10,Thursday,0,0,0,Clear,29.5,2533,5845,2021
Ambaji,2025-01-09,11,Thursday,0,0,0,Clear,30.9,2021,4985,1465
Ambaji,2025-01-09,12,Thursday,0,0,0,Clear,33.4,1465,4016,930
Ambaji,2025-01-09,13,Thursday,0,0,0,Clear,33.4,930,3980,1159
Ambaji,2025-01-09,14,Thursday,0,0,0,Clear,34.1,1159,3693,1303
Ambaji,2025-01-09,15,Thursday,0,0,0,Clear,32.3,1303,3885,1576
Ambaji,2025-01-09,16,Thursday,0,0,0,Clear,32.7,1576,4216,1540
Ambaji,2025-01-09,17,Thursday,0,0,0,Clear,31.1,1540,5495,2507
Ambaji,2025-01-09,18,Thursday,0,0,0,Clear,28.8,2507,7237,3103
Ambaji,2025-01-09,19,Thursday,0,0,0,Clear,28.1,3103,6899,2377
Ambaji,2025-01-09,20,Thursday,0,0,0,Clear,26.7,2377,6121,1803
Ambaji,2025-01-09,21,Thursday,0,0,0,Clear,25.7,1803,4567,1022
Ambaji,2025-01-09,22,Thursday,0,0,0,Clear,22.8,1022,2996,389
Ambaji,2025-01-09,23,Thursday,0,0,0,Clear,21.0,389,1748,157
Ambaji,2025-01-10,0,Friday,0,0,0,Clear,20.7,157,1046,48
Ambaji,2025-01-10,1,Friday,0,0,0,Clear,18.9,48,582,30
Ambaji,2025-01-10,2,Friday,0,0,0,Clear,19.0,30,351,32
Ambaji,2025-01-10,3,Friday,0,0,0,Clear,19.9,32,300,96
Ambaji,2025-01-10,4,Friday,0,0,0,Clear,20.5,96,863,521
Ambaji,2025-01-10,5,Friday,0,0,0,Clear,21.6,521,1877,1073
Ambaji,2025-01-10,6,Friday,0,0,0,Clear,23.1,1073,3908,2180
Ambaji,2025-01-10,7,Friday,0,0,0,Clear,24.7,2180,6012,2988
Ambaji,2025-01-10,8,Friday,0,0,0,Clear,25.6,2988,6587,2560
Ambaji,2025-01-10,9,Friday,0,0,0,Clear,26.9,2560,7262,2688
Ambaji,2025-01-10,10,Friday,0,0,0,Clear,29.2,2688,7007,2114
Ambaji,2025-01-10,11,Friday,0,0,0,Clear,31.7,2114,5949,1689
Ambaji,2025-01-10,12,Friday,0,0,0,Clear,32.0,1689,5156,1320
Ambaji,2025-01-10,13,Friday,0,0,0,Clear,32.5,1320,4339,1160
Ambaji,2025-01-10,14,Friday,0,0,0,Clear,33.4,1160,4384,1531
Ambaji,2025-01-10,15,Friday,0,0,0,Clear,31.6,1531,4628,1670
Ambaji,2025-01-10,16,Friday,0,0,0,Clear,32.0,1670,6114,2578
Ambaji,2025-01-10,17,Friday,0,0,0,Clear,30.1,2578,7611,3322
Ambaji,2025-01-10,18,Friday,0,0,0,Clear,30.0,3322,8596,3124
Ambaji,2025-01-10,19,Friday,0,0,0,Clear,27.9,3124,7784,2385
Ambaji,2025-01-10,20,Friday,0,0,0,Clear,26.3,2385,7129,2215
Ambaji,2025-01-10,21,Friday,0,0,0,Clear,25.8,2215,5190,1112
Ambaji,2025-01-10,22,Friday,0,0,0,Clear,22.4,1112,3389,488
Ambaji,2025-01-10,23,Friday,0,0,0,Clear,21.5,488,1927,162
Ambaji,2025-01-11,0,Saturday,1,0,0,Rainy,20.2,162,1120,45
Ambaji,2025-01-11,1,Saturday,1,0,0,Rainy,20.8,45,597,31
Ambaji,2025-01-11,2,Saturday,1,0,0,Rainy,19.8,31,380,40
Ambaji,2025-01-11,3,Saturday,1,0,0,Rainy,20.4,40,332,88
Ambaji,2025-01-11,4,Saturday,1,0,0,Heavy Rain,20.0,88,557,288
Ambaji,2025-01-11,5,Saturday,1,0,0,Heavy Rain,22.1,288,1190,659
Ambaji,2025-01-11,6,Saturday,1,0,0,Heavy Rain,22.8,659,2470,1373
Ambaji,2025-01-11,7,Saturday,1,0,0,Heavy Rain,25.1,1373,3640,1692
Ambaji,2025-01-11,8,Saturday,1,0,0,Heavy Rain,26.7,1692,4434,1760
Ambaji,2025-01-11,9,Saturday,1,0,0,Heavy Rain,28.5,1760,4133,1304
Ambaji,2025-01-11,10,Saturday,1,0,0,Heavy Rain,29.8,1304,3429,911
Ambaji,2025-01-11,11,Saturday,1,0,0,Heavy Rain,31.2,911,3254,1139
Ambaji,2025-01-11,12,Saturday,1,0,0,Heavy Rain,31.3,1139,2675,704
Ambaji,2025-01-11,13,Saturday,1,0,0,Heavy Rain,32.9,704,2133,605
Ambaji,2025-01-11,14,Saturday,1,0,0,Heavy Rain,33.0,605,2118,703
Ambaji,2025-01-11,15,Saturday,1,0,0,Heavy Rain,33.1,703,2436,918
Ambaji,2025-01-11,16,Saturday,1,0,0,Heavy Rain,32.0,918,3061,1337
Ambaji,2025-01-11,17,Saturday,1,0,0,Heavy Rain,32.1,1337,3719,1569
Ambaji,2025-01-11,18,Saturday,1,0,0,Heavy Rain,29.7,1569,4375,1722
Ambaji,2025-01-11,19,Saturday,1,0,0,Heavy Rain,28.7,1722,4337,1384
Ambaji,2025-01-11,20,Saturday,1,0,0,Heavy Rain,27.0,1384,3425,982
Ambaji,2025-01-11,21,Saturday,1,0,0,Heavy Rain,24.5,982,2690,634
Ambaji,2025-01-11,22,Saturday,1,0,0,Rainy,23.9,634,1926,413
Ambaji,2025-01-11,23,Saturday,1,0,0,Rainy,21.0,413,1151,134
Ambaji,2025-01-12,0,Sunday,1,0,0,Cloudy,24.5,134,660,85
Ambaji,2025-01-12,1,Sunday,1,0,0,Cloudy,24.5,85,449,57
Ambaji,2025-01-12,2,Sunday,1,0,0,Cloudy,24.4,57,308,61
Ambaji,2025-01-12,3,Sunday,1,0,0,Cloudy,23.5,61,333,132
Ambaji,2025-01-12,4,Sunday,1,0,0,Cloudy,24.6,132,1478,964
Ambaji,2025-01-12,5,Sunday,1,0,0,Cloudy,26.4,964,3818,2204
Ambaji,2025-01-12,6,Sunday,1,0,0,Cloudy,26.5,2204,7662,4221
Ambaji,2025-01-12,7,Sunday,1,0,0,Cloudy,28.8,4221,10536,4854
Ambaji,2025-01-12,8,Sunday,1,0,0,Cloudy,30.7,4854,12521,5480
Ambaji,2025-01-12,9,Sunday,1,0,0,Cloudy,31.6,5480,13060,4948
Ambaji,2025-01-12,10,Sunday,1,0,0,Cloudy,34.0,4948,12405,4290
Ambaji,2025-01-12,11,Sunday,1,0,0,Cloudy,35.4,4290,11293,3223
Ambaji,2025-01-12,12,Sunday,1,0,0,Cloudy,36.1,3223,8867,2376
Ambaji,2025-01-12,13,Sunday,1,0,0,Cloudy,36.8,2376,7530,2180
Ambaji,2025-01-12,14,Sunday,1,0,0,Cloudy,37.2,2180,7327,2551
Ambaji,2025-01-12,15,Sunday,1,0,0,Cloudy,36.6,2551,8652,3580
Ambaji,2025-01-12,16,Sunday,1,0,0,Cloudy,37.0,3580,10912,4894
Ambaji,2025-01-12,17,Sunday,1,0,0,Cloudy,35.2,4894,13014,5204
Ambaji,2025-01-12,18,Sunday,1,0,0,Cloudy,34.2,5204,16362,6739
Ambaji,2025-01-12,19,Sunday,1,0,0,Cloudy,32.4,6739,15255,5093
Ambaji,2025-01-12,20,Sunday,1,0,0,Cloudy,30.3,5093,12753,3323
Ambaji,2025-01-12,21,Sunday,1,0,0,Cloudy,29.2,3323,10615,2712
Ambaji,2025-01-12,22,Sunday,1,0,0,Cloudy,27.1,2712,6826,1030
Ambaji,2025-01-12,23,Sunday,1,0,0,Cloudy,26.9,1030,3758,293
Ambaji,2025-01-13,0,Monday,0,0,0,Clear,18.7,293,2091,39
Ambaji,2025-01-13,1,Monday,0,0,0,Clear,19.6,39,1188,24
Ambaji,2025-01-13,2,Monday,0,0,0,Clear,18.0,24,606,29
Ambaji,2025-01-13,3,Monday,0,0,0,Clear,18.9,29,394,55
Ambaji,2025-01-13,4,Monday,0,0,0,Clear,19.4,55,874,501
Ambaji,2025-01-13,5,Monday,0,0,0,Clear,20.6,501,1935,1100
Ambaji,2025-01-13,6,Monday,0,0,0,Clear,22.1,1100,3555,1868
Ambaji,2025-01-13,7,Monday,0,0,0,Clear,23.2,1868,5200,2443
Ambaji,2025-01-13,8,Monday,0,0,0,Clear,24.7,2443,5757,2234
Ambaji,2025-01-13,9,Monday,0,0,0,Clear,27.4,2234,6273,2394
Ambaji,2025-01-13,10,Monday,0,0,0,Clear,28.3,2394,6123,2142
Ambaji,2025-01-13,11,Monday,0,0,0,Clear,29.4,2142,5581,1838
Ambaji,2025-01-13,12,Monday,0,0,0,Clear,31.3,1838,4711,1279
Ambaji,2025-01-13,13,Monday,0,0,0,Clear,30.6,1279,3752,983
Ambaji,2025-01-13,14,Monday,0,0,0,Clear,31.3,983,3661,1211
Ambaji,2025-01-13,15,Monday,0,0,0,Clear,31.1,1211,3918,1509
Ambaji,2025-01-13,16,Monday,0,0,0,Clear,31.4,1509,4568,1968
Ambaji,2025-01-13,17,Monday,0,0,0,Clear,28.7,1968,5838,2632
Ambaji,2025-01-13,18,Monday,0,0,0,Clear,28.7,2632,6095,2327
Ambaji,2025-01-13,19,Monday,0,0,0,Clear,25.9,2327,6458,2360
Ambaji,2025-01-13,20,Monday,0,0,0,Clear,25.2,2360,5224,1475
Ambaji,2025-01-13,21,Monday,0,0,0,Clear,23.4,1475,3764,800
Ambaji,2025-01-13,22,Monday,0,0,0,Clear,22.6,800,2366,411
Ambaji,2025-01-13,23,Monday,0,0,0,Clear,19.9,411,1537,130
Ambaji,2025-01-14,0,Tuesday,0,1,1,Rainy,20.1,130,961,70
Ambaji,2025-01-14,1,Tuesday,0,1,1,Rainy,17.9,70,551,41
Ambaji,2025-01-14,2,Tuesday,0,1,1,Rainy,18.9,41,334,32
Ambaji,2025-01-14,3,Tuesday,0,1,1,Rainy,18.0,32,302,91
Ambaji,2025-01-14,4,Tuesday,0,1,1,Rainy,20.2,91,1063,680
Ambaji,2025-01-14,5,Tuesday,0,1,1,Rainy,20.1,680,2454,1419
Ambaji,2025-01-14,6,Tuesday,0,1,1,Rainy,21.1,1419,5478,3107
Ambaji,2025-01-14,7,Tuesday,0,1,1,Rainy,23.1,3107,6475,2694
Ambaji,2025-01-14,8,Tuesday,0,1,1,Rainy,23.6,2694,7929,3510
Ambaji,2025-01-14,9,Tuesday,0,1,1,Rainy,26.8,3510,9349,3847
Ambaji,2025-01-14,10,Tuesday,0,1,1,Rainy,28.4,3847,8266,2376
Ambaji,2025-01-14,11,Tuesday,0,1,1,Rainy,29.9,2376,7467,2292
Ambaji,2025-01-14,12,Tuesday,0,1,1,Rainy,30.2,2292,6309,1679
Ambaji,2025-01-14,13,Tuesday,0,1,1,Rainy,30.4,1679,5618,1782
Ambaji,2025-01-14,14,Tuesday,0,1,1,Rainy,30.3,1782,4676,1481
Ambaji,2025-01-14,15,Tuesday,0,1,1,Rainy,30.7,1481,5761,2327
Ambaji,2025-01-14,16,Tuesday,0,1,1,Rainy,30.0,2327,7068,2930
Ambaji,2025-01-14,17,Tuesday,0,1,1,Heavy Rain,30.2,2930,6704,2128
Ambaji,2025-01-14,18,Tuesday,0,1,1,Rainy,27.6,2128,7677,3158
Ambaji,2025-01-14,19,Tuesday,0,1,1,Rainy,25.1,3158,7606,2641
Ambaji,2025-01-14,20,Tuesday,0,1,1,Rainy,24.2,2641,6738,2185
Ambaji,2025-01-14,21,Tuesday,0,1,1,Rainy,23.0,2185,4723,1056
Ambaji,2025-01-14,22,Tuesday,0,1,1,Rainy,21.4,1056,3417,661
Ambaji,2025-01-14,23,Tuesday,0,1,1,Rainy,20.5,661,2053,175
Ambaji,2025-01-15,0,Wednesday,0,0,1,Clear,17.0,175,1228,101
Ambaji,2025-01-15,1,Wednesday,0,0,1,Clear,17.0,101,751,64
Ambaji,2025-01-15,2,Wednesday,0,0,1,Clear,17.0,64,477,49
Ambaji,2025-01-15,3,Wednesday,0,0,1,Clear,17.0,49,397,110
Ambaji,2025-01-15,4,Wednesday,0,0,1,Clear,17.0,110,1552,993
Ambaji,2025-01-15,5,Wednesday,0,0,1,Clear,17.6,993,3412,1930
Ambaji,2025-01-15,6,Wednesday,0,0,1,Clear,19.1,1930,5532,2743
Ambaji,2025-01-15,7,Wednesday,0,0,1,Clear,20.9,2743,9152,4640
Ambaji,2025-01-15,8,Wednesday,0,0,1,Clear,22.3,4640,13678,6608
Ambaji,2025-01-15,9,Wednesday,0,0,1,Clear,24.7,6608,11724,3656
Ambaji,2025-01-15,10,Wednesday,0,0,1,Clear,26.2,3656,10548,3503
Ambaji,2025-01-15,11,Wednesday,0,0,1,Clear,27.2,3503,10047,3044
Ambaji,2025-01-15,12,Wednesday,0,0,1,Clear,28.2,3044,7958,2325
Ambaji,2025-01-15,13,Wednesday,0,0,1,Clear,29.8,2325,6917,2014
Ambaji,2025-01-15,14,Wednesday,0,0,1,Clear,29.9,2014,7213,2605
Ambaji,2025-01-15,15,Wednesday,0,0,1,Clear,29.2,2605,8430,3348
Ambaji,2025-01-15,16,Wednesday,0,0,1,Clear,28.5,3348,11247,5067
Ambaji,2025-01-15,17,Wednesday,0,0,1,Clear,27.1,5067,13708,6041
Ambaji,2025-01-15,18,Wednesday,0,0,1,Clear,25.6,6041,15493,6001
Ambaji,2025-01-15,19,Wednesday,0,0,1,Clear,25.9,6001,12523,3554
Ambaji,2025-01-15,20,Wednesday,0,0,1,Clear,22.9,3554,12551,4480
Ambaji,2025-01-15,21,Wednesday,0,0,1,Clear,20.4,4480,9491,2007
Ambaji,2025-01-15,22,Wednesday,0,0,1,Clear,19.5,2007,7276,1164
Ambaji,2025-01-15,23,Wednesday,0,0,1,Clear,18.2,1164,4243,214
Ambaji,2025-01-16,0,Thursday,0,0,0,Clear,17.0,214,2230,43
Ambaji,2025-01-16,1,Thursday,0,0,0,Clear,17.0,43,1141,29
Ambaji,2025-01-16,2,Thursday,0,0,0,Clear,17.0,29,649,27
Ambaji,2025-01-16,3,Thursday,0,0,0,Clear,17.6,27,450,71
Ambaji,2025-01-16,4,Thursday,0,0,0,Clear,17.0,71,1066,611
Ambaji,2025-01-16,5,Thursday,0,0,0,Clear,18.1,611,1886,1009
Ambaji,2025-01-16,6,Thursday,0,0,0,Clear,19.0,1009,4076,2329
Ambaji,2025-01-16,7,Thursday,0,0,0,Clear,20.5,2329,4887,2144
Ambaji,2025-01-16,8,Thursday,0,0,0,Clear,22.9,2144,6369,2893
Ambaji,2025-01-16,9,Thursday,0,0,0,Clear,23.8,2893,6467,2344
Ambaji,2025-01-16,10,Thursday,0,0,0,Clear,26.8,2344,5775,1819
Ambaji,2025-01-16,11,Thursday,0,0,0,Clear,27.5,1819,5097,1595
Ambaji,2025-01-16,12,Thursday,0,0,0,Clear,28.3,1595,3762,879
Ambaji,2025-01-16,13,Thursday,0,0,0,Clear,29.7,879,3347,1064
Ambaji,2025-01-16,14,Thursday,0,0,0,Clear,30.3,1064,3193,1162
Ambaji,2025-01-16,15,Thursday,0,0,0,Clear,28.3,1162,3988,1747
Ambaji,2025-01-16,16,Thursday,0,0,0,Clear,27.9,1747,4081,1517
Ambaji,2025-01-16,17,Thursday,0,0,0,Clear,27.8,1517,5076,2271
Ambaji,2025-01-16,18,Thursday,0,0,0,Clear,25.9,2271,6649,3106
Ambaji,2025-01-16,19,Thursday,0,0,0,Clear,24.2,3106,6969,2538
Ambaji,2025-01-16,20,Thursday,0,0,0,Clear,23.0,2538,5685,1523
Ambaji,2025-01-16,21,Thursday,0,0,0,Clear,20.8,1523,3966,866
Ambaji,2025-01-16,22,Thursday,0,0,0,Clear,20.0,866,2647,409
Ambaji,2025-01-16,23,Thursday,0,0,0,Clear,18.3,409,1555,145
Ambaji,2025-01-17,0,Friday,0,0,0,Sunny,28.7,145,811,44
Ambaji,2025-01-17,1,Friday,0,0,0,Sunny,27.7,44,430,31
Ambaji,2025-01-17,2,Friday,0,0,0,Sunny,27.3,31,275,36
Ambaji,2025-01-17,3,Friday,0,0,0,Sunny,28.1,36,274,106
Ambaji,2025-01-17,4,Friday,0,0,0,Sunny,29.6,106,899,556
Ambaji,2025-01-17,5,Friday,0,0,0,Sunny,30.1,556,1772,965
Ambaji,2025-01-17,6,Friday,0,0,0,Sunny,31.6,965,3267,1671
Ambaji,2025-01-17,7,Friday,0,0,0,Sunny,33.2,1671,5605,2967
Ambaji,2025-01-17,8,Friday,0,0,0,Sunny,35.2,2967,7535,3395
Ambaji,2025-01-17,9,Friday,0,0,0,Sunny,36.5,3395,7097,2386
Ambaji,2025-01-17,10,Friday,0,0,0,Sunny,37.8,2386,6793,2414
Ambaji,2025-01-17,11,Friday,0,0,0,Sunny,39.8,2414,5746,1674
Ambaji,2025-01-17,12,Friday,0,0,0,Sunny,40.0,1674,4684,1184
Ambaji,2025-01-17,13,Friday,0,0,0,Sunny,40.0,1184,4050,1091
Ambaji,2025-01-17,14,Friday,0,0,0,Sunny,40.0,1091,4404,1562
Ambaji,2025-01-17,15,Friday,0,0,0,Sunny,40.0,1562,4801,1914
Ambaji,2025-01-17,16,Friday,0,0,0,Sunny,39.9,1914,5404,2280
Ambaji,2025-01-17,17,Friday,0,0,0,Sunny,38.9,2280,6938,3111
Ambaji,2025-01-17,18,Friday,0,0,0,Sunny,38.5,3111,8335,3254
Ambaji,2025-01-17,19,Friday,0,0,0,Sunny,36.8,3254,8397,2945
Ambaji,2025-01-17,20,Friday,0,0,0,Sunny,34.9,2945,7512,2222
Ambaji,2025-01-17,21,Friday,0,0,0,Sunny,33.2,2222,5571,1155
Ambaji,2025-01-17,22,Friday,0,0,0,Sunny,31.0,1155,3701,443
Ambaji,2025-01-17,23,Friday,0,0,0,Sunny,31.2,443,2055,144
Ambaji,2025-01-18,0,Saturday,1,0,0,Sunny,29.1,144,1202,72
Ambaji,2025-01-18,1,Saturday,1,0,0,Sunny,28.3,72,695,44
Ambaji,2025-01-18,2,Saturday,1,0,0,Sunny,27.7,44,421,40
Ambaji,2025-01-18,3,Saturday,1,0,0,Sunny,28.5,40,366,108
Ambaji,2025-01-18,4,Saturday,1,0,0,Sunny,28.5,108,1220,758
Ambaji,2025-01-18,5,Saturday,1,0,0,Sunny,29.1,758,3315,1971
Ambaji,2025-01-18,6,Saturday,1,0,0,Sunny,30.3,1971,6743,3707
Ambaji,2025-01-18,7,Saturday,1,0,0,Sunny,32.0,3707,9463,4348
Ambaji,2025-01-18,8,Saturday,1,0,0,Sunny,33.1,4348,10242,3891
Ambaji,2025-01-18,9,Saturday,1,0,0,Sunny,34.6,3891,10409,3734
Ambaji,2025-01-18,10,Saturday,1,0,0,Sunny,36.8,3734,9789,3240
Ambaji,2025-01-18,11,Saturday,1,0,0,Sunny,38.1,3240,9187,2877
Ambaji,2025-01-18,12,Saturday,1,0,0,Sunny,39.7,2877,7313,1750
Ambaji,2025-01-18,13,Saturday,1,0,0,Sunny,40.0,1750,5575,1244
Ambaji,2025-01-18,14,Saturday,1,0,0,Sunny,40.0,1244,5563,1817
Ambaji,2025-01-18,15,Saturday,1,0,0,Sunny,40.0,1817,6294,2465
Ambaji,2025-01-18,16,Saturday,1,0,0,Sunny,40.0,2465,7190,2909
Ambaji,2025-01-18,17,Saturday,1,0,0,Sunny,38.9,2909,9417,4166
Ambaji,2025-01-18,18,Saturday,1,0,0,Sunny,39.0,4166,10257,3793
Ambaji,2025-01-18,19,Saturday,1,0,0,Sunny,36.6,3793,10293,3802
Ambaji,2025-01-18,20,Saturday,1,0,0,Sunny,35.2,3802,7959,2066
Ambaji,2025-01-18,21,Saturday,1,0,0,Sunny,33.1,2066,6494,1500
Ambaji,2025-01-18,22,Saturday,1,0,0,Sunny,29.9,1500,4081,588
Ambaji,2025-01-18,23,Saturday,1,0,0,Sunny,29.7,588,2364,218
Ambaji,2025-01-19,0,Sunday,1,0,0,Sunny,24.0,218,1203,79
Ambaji,2025-01-19,1,Sunday,1,0,0,Sunny,23.7,79,722,70
Ambaji,2025-01-19,2,Sunday,1,0,0,Sunny,23.3,70,467,59
Ambaji,2025-01-19,3,Sunday,1,0,0,Sunny,24.6,59,409,124
Ambaji,2025-01-19,4,Sunday,1,0,0,Sunny,23.7,124,1479,947
Ambaji,2025-01-19,5,Sunday,1,0,0,Sunny,25.5,947,4262,2546
Ambaji,2025-01-19,6,Sunday,1,0,0,Sunny,26.7,2546,6962,3535
Ambaji,2025-01-19,7,Sunday,1,0,0,Sunny,27.5,3535,10147,4757
Ambaji,2025-01-19,8,Sunday,1,0,0,Sunny,30.1,4757,13849,6420
Ambaji,2025-01-19,9,Sunday,1,0,0,Sunny,32.2,6420,14459,5078
Ambaji,2025-01-19,10,Sunday,1,0,0,Sunny,33.5,5078,13561,4417
Ambaji,2025-01-19,11,Sunday,1,0,0,Sunny,34.7,4417,13219,4504
Ambaji,2025-01-19,12,Sunday,1,0,0,Sunny,35.8,4504,10558,2514
Ambaji,2025-01-19,13,Sunday,1,0,0,Sunny,36.9,2514,8131,2191
Ambaji,2025-01-19,14,Sunday,1,0,0,Sunny,36.1,2191,8143,2689
Ambaji,2025-01-19,15,Sunday,1,0,0,Sunny,36.3,2689,8334,3313
Ambaji,2025-01-19,16,Sunday,1,0,0,Sunny,36.7,3313,11285,5021
Ambaji,2025-01-19,17,Sunday,1,0,0,Sunny,35.3,5021,13597,5707
Ambaji,2025-01-19,18,Sunday,1,0,0,Sunny,34.2,5707,15978,6444
Ambaji,2025-01-19,19,Sunday,1,0,0,Sunny,32.3,6444,15800,5589
Ambaji,2025-01-19,20,Sunday,1,0,0,Sunny,30.0,5589,14286,4260
Ambaji,2025-01-19,21,Sunday,1,0,0,Sunny,29.0,4260,10916,2419
Ambaji,2025-01-19,22,Sunday,1,0,0,Sunny,26.4,2419,7120,905
Ambaji,2025-01-19,23,Sunday,1,0,0,Sunny,25.0,905,4394,323
Ambaji,2025-01-20,0,Monday,0,0,0,Sunny,26.8,323,2439,41
Ambaji,2025-01-20,1,Monday,0,0,0,Sunny,26.3,41,1380,26
Ambaji,2025-01-20,2,Monday,0,0,0,Sunny,26.2,26,770,26
Ambaji,2025-01-20,3,Monday,0,0,0,Sunny,26.9,26,480,62
Ambaji,2025-01-20,4,Monday,0,0,0,Sunny,26.8,62,955,517
Ambaji,2025-01-20,5,Monday,0,0,0,Sunny,27.7,517,1708,878
Ambaji,2025-01-20,6,Monday,0,0,0,Sunny,28.8,878,3519,1953
Ambaji,2025-01-20,7,Monday,0,0,0,Sunny,31.1,1953,6026,2902
Ambaji,2025-01-20,8,Monday,0,0,0,Sunny,31.8,2902,7044,2915
Ambaji,2025-01-20,9,Monday,0,0,0,Sunny,35.1,2915,7419,2591
Ambaji,2025-01-20,10,Monday,0,0,0,Sunny,36.2,2591,6416,1762
Ambaji,2025-01-20,11,Monday,0,0,0,Sunny,37.5,1762,5370,1565
Ambaji,2025-01-20,12,Monday,0,0,0,Sunny,39.1,1565,4459,1358
Ambaji,2025-01-20,13,Monday,0,0,0,Sunny,39.5,1358,3414,937
Ambaji,2025-01-20,14,Monday,0,0,0,Sunny,39.5,937,3089,1077
Ambaji,2025-01-20,15,Monday,0,0,0,Sunny,38.7,1077,3392,1361
Ambaji,2025-01-20,16,Monday,0,0,0,Sunny,37.7,1361,4315,1936
Ambaji,2025-01-20,17,Monday,0,0,0,Sunny,37.7,1936,5926,2706
Ambaji,2025-01-20,18,Monday,0,0,0,Sunny,35.9,2706,6523,2645
Ambaji,2025-01-20,19,Monday,0,0,0,Sunny,34.0,2645,6383,2437
Ambaji,2025-01-20,20,Monday,0,0,0,Sunny,32.7,2437,5600,1616
Ambaji,2025-01-20,21,Monday,0,0,0,Sunny,30.2,1616,4286,981
Ambaji,2025-01-20,22,Monday,0,0,0,Sunny,28.3,981,2717,369
Ambaji,2025-01-20,23,Monday,0,0,0,Sunny,28.4,369,1645,143
Ambaji,2025-01-21,0,Tuesday,0,0,0,Clear,25.3,143,902,32
Ambaji,2025-01-21,1,Tuesday,0,0,0,Clear,24.6,32,522,23
Ambaji,2025-01-21,2,Tuesday,0,0,0,Clear,25.2,23,294,24
Ambaji,2025-01-21,3,Tuesday,0,0,0,Clear,25.7,24,233,66
Ambaji,2025-01-21,4,Tuesday,0,0,0,Clear,24.8,66,877,565
Ambaji,2025-01-21,5,Tuesday,0,0,0,Clear,27.3,565,2023,1158
Ambaji,2025-01-21,6,Tuesday,0,0,0,Clear,28.0,1158,2954,1465
Ambaji,2025-01-21,7,Tuesday,0,0,0,Clear,30.2,1465,5024,2606
Ambaji,2025-01-21,8,Tuesday,0,0,0,Clear,31.4,2606,6021,2591
Ambaji,2025-01-21,9,Tuesday,0,0,0,Clear,33.6,2591,5950,2136
Ambaji,2025-01-21,10,Tuesday,0,0,0,Clear,35.0,2136,6195,2228
Ambaji,2025-01-21,11,Tuesday,0,0,0,Clear,37.1,2228,5189,1327
Ambaji,2025-01-21,12,Tuesday,0,0,0,Clear,37.9,1327,3933,861
Ambaji,2025-01-21,13,Tuesday,0,0,0,Clear,37.8,861,3070,749
Ambaji,2025-01-21,14,Tuesday,0,0,0,Clear,38.7,749,3093,1115
Ambaji,2025-01-21,15,Tuesday,0,0,0,Clear,38.0,1115,4085,1905
Ambaji,2025-01-21,16,Tuesday,0,0,0,Clear,38.0,1905,4559,1871
Ambaji,2025-01-21,17,Tuesday,0,0,0,Clear,36.4,1871,4949,1962
Ambaji,2025-01-21,18,Tuesday,0,0,0,Clear,35.0,1962,5453,2085
Ambaji,2025-01-21,19,Tuesday,0,0,0,Clear,32.9,2085,5019,1731
Ambaji,2025-01-21,20,Tuesday,0,0,0,Clear,33.0,1731,4312,1219
Ambaji,2025-01-21,21,Tuesday,0,0,0,Clear,29.6,1219,3478,865
Ambaji,2025-01-21,22,Tuesday,0,0,0,Clear,28.7,865,2166,356
Ambaji,2025-01-21,23,Tuesday,0,0,0,Clear,27.4,356,1297,138
Ambaji,2025-01-22,0,Wednesday,0,0,0,Clear,26.4,138,745,39
Ambaji,2025-01-22,1,Wednesday,0,0,0,Clear,26.4,39,410,28
Ambaji,2025-01-22,2,Wednesday,0,0,0,Clear,26.9,28,246,25
Ambaji,2025-01-22,3,Wednesday,0,0,0,Clear,25.4,25,218,64
Ambaji,2025-01-22,4,Wednesday,0,0,0,Clear,27.3,64,867,556
Ambaji,2025-01-22,5,Wednesday,0,0,0,Clear,28.1,556,1700,936
Ambaji,2025-01-22,6,Wednesday,0,0,0,Clear,29.9,936,3524,1991
Ambaji,2025-01-22,7,Wednesday,0,0,0,Clear,31.4,1991,4996,2419
Ambaji,2025-01-22,8,Wednesday,0,0,0,Clear,33.0,2419,5179,2146
Ambaji,2025-01-22,9,Wednesday,0,0,0,Clear,34.3,2146,5702,2240
Ambaji,2025-01-22,10,Wednesday,0,0,0,Clear,37.7,2240,5590,1928
Ambaji,2025-01-22,11,Wednesday,0,0,0,Clear,37.6,1928,4979,1435
Ambaji,2025-01-22,12,Wednesday,0,0,0,Clear,38.6,1435,3984,1093
Ambaji,2025-01-22,13,Wednesday,0,0,0,Clear,38.1,1093,3271,867
Ambaji,2025-01-22,14,Wednesday,0,0,0,Clear,39.0,867,3244,1158
Ambaji,2025-01-22,15,Wednesday,0,0,0,Clear,39.3,1158,3441,1287
Ambaji,2025-01-22,16,Wednesday,0,0,0,Clear,38.0,1287,3917,1587
Ambaji,2025-01-22,17,Wednesday,0,0,0,Clear,38.3,1587,4733,1988
Ambaji,2025-01-22,18,Wednesday,0,0,0,Clear,36.5,1988,6966,3382
Ambaji,2025-01-22,19,Wednesday,0,0,0,Clear,34.0,3382,6301,1831
Ambaji,2025-01-22,20,Wednesday,0,0,0,Clear,32.1,1831,5013,1511
Ambaji,2025-01-22,21,Wednesday,0,0,0,Clear,31.5,1511,4147,1059
Ambaji,2025-01-22,22,Wednesday,0,0,0,Clear,28.4,1059,2550,425
Ambaji,2025-01-22,23,Wednesday,0,0,0,Clear,28.0,425,1529,135
Ambaji,2025-01-23,0,Thursday,0,0,0,Clear,27.6,135,858,44
Ambaji,2025-01-23,1,Thursday,0,0,0,Clear,27.6,44,512,23
Ambaji,2025-01-23,2,Thursday,0,0,0,Clear,28.6,23,298,30
Ambaji,2025-01-23,3,Thursday,0,0,0,Clear,26.6,30,259,75
Ambaji,2025-01-23,4,Thursday,0,0,0,Clear,28.6,75,883,550
Ambaji,2025-01-23,5,Thursday,0,0,0,Clear,30.0,550,1855,1033
Ambaji,2025-01-23,6,Thursday,0,0,0,Clear,31.6,1033,3241,1671
Ambaji,2025-01-23,7,Thursday,0,0,0,Clear,32.3,1671,5426,2738
Ambaji,2025-01-23,8,Thursday,0,0,0,Clear,34.1,2738,6161,2563
Ambaji,2025-01-23,9,Thursday,0,0,0,Clear,37.2,2563,7029,2751
Ambaji,2025-01-23,10,Thursday,0,0,0,Clear,38.8,2751,6435,1956
Ambaji,2025-01-23,11,Thursday,0,0,0,Clear,40.0,1956,5487,1577
Ambaji,2025-01-23,12,Thursday,0,0,0,Clear,40.0,1577,4347,1186
Ambaji,2025-01-23,13,Thursday,0,0,0,Clear,39.7,1186,3292,940
Ambaji,2025-01-23,14,Thursday,0,0,0,Clear,40.0,940,3081,1050
Ambaji,2025-01-23,15,Thursday,0,0,0,Clear,40.0,1050,3950,1709
Ambaji,2025-01-23,16,Thursday,0,0,0,Clear,40.0,1709,4703,2152
Ambaji,2025-01-23,17,Thursday,0,0,0,Clear,39.3,2152,5196,1991
Ambaji,2025-01-23,18,Thursday,0,0,0,Clear,36.6,1991,6310,2618
Ambaji,2025-01-23,19,Thursday,0,0,0,Clear,35.6,2618,6691,2464
Ambaji,2025-01-23,20,Thursday,0,0,0,Clear,34.8,2464,5833,1790
Ambaji,2025-01-23,21,Thursday,0,0,0,Clear,32.9,1790,4330,962
Ambaji,2025-01-23,22,Thursday,0,0,0,Clear,30.8,962,2693,355
Ambaji,2025-01-23,23,Thursday,0,0,0,Clear,29.6,355,1630,126
Ambaji,2025-01-24,0,Friday,0,0,0,Clear,18.9,126,972,54
Ambaji,2025-01-24,1,Friday,0,0,0,Clear,17.2,54,526,35
Ambaji,2025-01-24,2,Friday,0,0,0,Clear,17.2,35,309,32
Ambaji,2025-01-24,3,Friday,0,0,0,Clear,17.3,32,255,76
Ambaji,2025-01-24,4,Friday,0,0,0,Clear,18.7,76,878,551
Ambaji,2025-01-24,5,Friday,0,0,0,Clear,19.4,551,2099,1215
Ambaji,2025-01-24,6,Friday,0,0,0,Clear,20.5,1215,4612,2577
Ambaji,2025-01-24,7,Friday,0,0,0,Clear,22.3,2577,5886,2594
Ambaji,2025-01-24,8,Friday,0,0,0,Clear,24.2,2594,7665,3566
Ambaji,2025-01-24,9,Friday,0,0,0,Clear,26.1,3566,7795,3041
Ambaji,2025-01-24,10,Friday,0,0,0,Clear,27.2,3041,6819,1984
Ambaji,2025-01-24,11,Friday,0,0,0,Clear,28.5,1984,5934,1823
Ambaji,2025-01-24,12,Friday,0,0,0,Clear,30.2,1823,4909,1324
Ambaji,2025-01-24,13,Friday,0,0,0,Clear,30.5,1324,4149,1207
Ambaji,2025-01-24,14,Friday,0,0,0,Clear,31.6,1207,3564,1180
Ambaji,2025-01-24,15,Friday,0,0,0,Clear,29.3,1180,3779,1380
Ambaji,2025-01-24,16,Friday,0,0,0,Clear,30.1,1380,5505,2699
Ambaji,2025-01-24,17,Friday,0,0,0,Clear,29.1,2699,6826,2918
Ambaji,2025-01-24,18,Friday,0,0,0,Clear,27.7,2918,7879,2867
Ambaji,2025-01-24,19,Friday,0,0,0,Clear,26.5,2867,7137,2417
Ambaji,2025-01-24,20,Friday,0,0,0,Clear,23.9,2417,6575,1975
Ambaji,2025-01-24,21,Friday,0,0,0,Clear,21.5,1975,4732,1166
Ambaji,2025-01-24,22,Friday,0,0,0,Clear,20.9,1166,3343,477
Ambaji,2025-01-24,23,Friday,0,0,0,Clear,18.3,477,1847,190
Ambaji,2025-01-25,0,Saturday,1,0,0,Clear,21.6,190,974,58
Ambaji,2025-01-25,1,Saturday,1,0,0,Clear,20.9,58,571,47
Ambaji,2025-01-25,2,Saturday,1,0,0,Clear,20.5,47,375,56
Ambaji,2025-01-25,3,Saturday,1,0,0,Clear,21.3,56,338,114
Ambaji,2025-01-25,4,Saturday,1,0,0,Clear,21.8,114,1154,725
Ambaji,2025-01-25,5,Saturday,1,0,0,Clear,22.7,725,2349,1331
Ambaji,2025-01-25,6,Saturday,1,0,0,Clear,24.4,1331,4953,2792
Ambaji,2025-01-25,7,Saturday,1,0,0,Clear,25.6,2792,7538,3636
Ambaji,2025-01-25,8,Saturday,1,0,0,Clear,27.2,3636,9512,4244
Ambaji,2025-01-25,9,Saturday,1,0,0,Clear,29.1,4244,10503,4220
Ambaji,2025-01-25,10,Saturday,1,0,0,Clear,31.1,4220,9870,3117
Ambaji,2025-01-25,11,Saturday,1,0,0,Clear,32.0,3117,8686,2566
Ambaji,2025-01-25,12,Saturday,1,0,0,Clear,33.7,2566,7113,1843
Ambaji,2025-01-25,13,Saturday,1,0,0,Clear,33.4,1843,6373,1893
Ambaji,2025-01-25,14,Saturday,1,0,0,Clear,33.9,1893,6009,1876
Ambaji,2025-01-25,15,Saturday,1,0,0,Clear,33.3,1876,5821,1989
Ambaji,2025-01-25,16,Saturday,1,0,0,Clear,33.7,1989,8318,3931
Ambaji,2025-01-25,17,Saturday,1,0,0,Clear,31.9,3931,10061,4291
Ambaji,2025-01-25,18,Saturday,1,0,0,Clear,30.8,4291,11332,4323
Ambaji,2025-01-25,19,Saturday,1,0,0,Clear,29.4,4323,11165,3950
Ambaji,2025-01-25,20,Saturday,1,0,0,Clear,28.4,3950,9724,2849
Ambaji,2025-01-25,21,Saturday,1,0,0,Clear,25.0,2849,7178,1550
Ambaji,2025-01-25,22,Saturday,1,0,0,Clear,23.4,1550,4578,649
Ambaji,2025-01-25,23,Saturday,1,0,0,Clear,22.5,649,2609,181
Ambaji,2025-01-26,0,Sunday,1,1,1,Clear,17.1,181,1748,248
Ambaji,2025-01-26,1,Sunday,1,1,1,Clear,17.0,248,1141,139
Ambaji,2025-01-26,2,Sunday,1,1,1,Clear,17.0,139,748,135
Ambaji,2025-01-26,3,Sunday,1,1,1,Clear,17.0,135,898,356
Ambaji,2025-01-26,4,Sunday,1,1,1,Clear,17.0,356,2807,1748
Ambaji,2025-01-26,5,Sunday,1,1,1,Clear,17.9,1748,8712,5387
Ambaji,2025-01-26,6,Sunday,1,1,1,Clear,18.6,5387,21255,12377
Ambaji,2025-01-26,7,Sunday,1,1,1,Clear,20.7,12377,27917,12336
Ambaji,2025-01-26,8,Sunday,1,1,1,Clear,23.0,12336,34666,15171
Ambaji,2025-01-26,9,Sunday,1,1,1,Clear,24.4,15171,33775,11029
Ambaji,2025-01-26,10,Sunday,1,1,1,Clear,26.3,11029,29182,9426
Ambaji,2025-01-26,11,Sunday,1,1,1,Clear,26.7,9426,24347,6806
Ambaji,2025-01-26,12,Sunday,1,1,1,Clear,27.5,6806,18676,5097
Ambaji,2025-01-26,13,Sunday,1,1,1,Clear,27.6,5097,14819,4224
Ambaji,2025-01-26,14,Sunday,1,1,1,Clear,28.7,4224,15865,5840
Ambaji,2025-01-26,15,Sunday,1,1,1,Clear,28.0,5840,15713,5868
Ambaji,2025-01-26,16,Sunday,1,1,1,Clear,27.9,5868,23549,11706
Ambaji,2025-01-26,17,Sunday,1,1,1,Clear,27.1,11706,30650,13691
Ambaji,2025-01-26,18,Sunday,1,1,1,Clear,24.9,13691,28710,10364
Ambaji,2025-01-26,19,Sunday,1,1,1,Clear,24.7,10364,30906,12391
Ambaji,2025-01-26,20,Sunday,1,1,1,Clear,21.7,12391,26449,7960
Ambaji,2025-01-26,21,Sunday,1,1,1,Clear,20.1,7960,20413,4024
Ambaji,2025-01-26,22,Sunday,1,1,1,Clear,18.5,4024,13551,2353
Ambaji,2025-01-26,23,Sunday,1,1,1,Clear,17.0,2353,7611,643
Ambaji,2025-01-27,0,Monday,0,0,0,Sunny,25.4,643,3423,42
Ambaji,2025-01-27,1,Monday,0,0,0,Sunny,24.6,42,1794,27
Ambaji,2025-01-27,2,Monday,0,0,0,Sunny,23.0,27,906,30
Ambaji,2025-01-27,3,Monday,0,0,0,Sunny,24.4,30,565,78
Ambaji,2025-01-27,4,Monday,0,0,0,Sunny,25.8,78,907,448
Ambaji,2025-01-27,5,Monday,0,0,0,Sunny,25.3,448,2096,1188
Ambaji,2025-01-27,6,Monday,0,0,0,Sunny,27.8,1188,3448,1803
Ambaji,2025-01-27,7,Monday,0,0,0,Sunny,28.8,1803,5475,2719
Ambaji,2025-01-27,8,Monday,0,0,0,Sunny,29.9,2719,6080,2263
Ambaji,2025-01-27,9,Monday,0,0,0,Sunny,32.8,2263,5572,1992
Ambaji,2025-01-27,10,Monday,0,0,0,Sunny,33.8,1992,4994,1570
Ambaji,2025-01-27,11,Monday,0,0,0,Sunny,37.0,1570,4367,1329
Ambaji,2025-01-27,12,Monday,0,0,0,Sunny,37.3,1329,3908,1225
Ambaji,2025-01-27,13,Monday,0,0,0,Sunny,37.1,1225,3157,853
Ambaji,2025-01-27,14,Monday,0,0,0,Sunny,37.6,853,3425,1359
Ambaji,2025-01-27,15,Monday,0,0,0,Sunny,37.1,1359,3656,1374
Ambaji,2025-01-27,16,Monday,0,0,0,Sunny,37.0,1374,4745,2189
Ambaji,2025-01-27,17,Monday,0,0,0,Sunny,35.6,2189,5728,2323
Ambaji,2025-01-27,18,Monday,0,0,0,Sunny,34.0,2323,6017,2275
Ambaji,2025-01-27,19,Monday,0,0,0,Sunny,32.8,2275,6163,2307
Ambaji,2025-01-27,20,Monday,0,0,0,Sunny,30.4,2307,5156,1492
Ambaji,2025-01-27,21,Monday,0,0,0,Sunny,28.6,1492,4047,1101
Ambaji,2025-01-27,22,Monday,0,0,0,Sunny,27.5,1101,2775,423
Ambaji,2025-01-27,23,Monday,0,0,0,Sunny,26.8,423,1674,152
Ambaji,2025-01-28,0,Tuesday,0,0,0,Clear,19.6,152,930,42
Ambaji,2025-01-28,1,Tuesday,0,0,0,Clear,20.0,42,505,29
Ambaji,2025-01-28,2,Tuesday,0,0,0,Clear,19.3,29,293,26
Ambaji,2025-01-28,3,Tuesday,0,0,0,Clear,19.2,26,253,74
Ambaji,2025-01-28,4,Tuesday,0,0,0,Clear,20.2,74,688,409
Ambaji,2025-01-28,5,Tuesday,0,0,0,Clear,20.6,409,1743,1020
Ambaji,2025-01-28,6,Tuesday,0,0,0,Clear,22.3,1020,3353,1806
Ambaji,2025-01-28,7,Tuesday,0,0,0,Clear,24.2,1806,4709,2193
Ambaji,2025-01-28,8,Tuesday,0,0,0,Clear,26.0,2193,5554,2400
Ambaji,2025-01-28,9,Tuesday,0,0,0,Clear,27.5,2400,5864,2194
Ambaji,2025-01-28,10,Tuesday,0,0,0,Clear,29.8,2194,5538,1942
Ambaji,2025-01-28,11,Tuesday,0,0,0,Clear,30.5,1942,4806,1427
Ambaji,2025-01-28,12,Tuesday,0,0,0,Clear,31.7,1427,4018,1109
Ambaji,2025-01-28,13,Tuesday,0,0,0,Clear,33.1,1109,3255,928
Ambaji,2025-01-28,14,Tuesday,0,0,0,Clear,32.3,928,3145,1177
Ambaji,2025-01-28,15,Tuesday,0,0,0,Clear,31.5,1177,3629,1419
Ambaji,2025-01-28,16,Tuesday,0,0,0,Clear,32.4,1419,4444,1820
Ambaji,2025-01-28,17,Tuesday,0,0,0,Clear,30.6,1820,4914,1929
Ambaji,2025-01-28,18,Tuesday,0,0,0,Clear,28.9,1929,6337,2804
Ambaji,2025-01-28,19,Tuesday,0,0,0,Clear,26.9,2804,5615,1721
Ambaji,2025-01-28,20,Tuesday,0,0,0,Clear,24.4,1721,4914,1452
Ambaji,2025-01-28,21,Tuesday,0,0,0,Clear,23.5,1452,4079,1016
Ambaji,2025-01-28,22,Tuesday,0,0,0,Clear,22.0,1016,2730,373
Ambaji,2025-01-28,23,Tuesday,0,0,0,Clear,21.2,373,1557,109
Ambaji,2025-01-29,0,Wednesday,0,0,0,Clear,28.0,109,895,45
Ambaji,2025-01-29,1,Wednesday,0,0,0,Clear,27.7,45,471,27
Ambaji,2025-01-29,2,Wednesday,0,0,0,Clear,27.2,27,289,32
Ambaji,2025-01-29,3,Wednesday,0,0,0,Clear,28.4,32,252,68
Ambaji,2025-01-29,4,Wednesday,0,0,0,Clear,27.3,68,749,450
Ambaji,2025-01-29,5,Wednesday,0,0,0,Clear,30.1,450,1951,1157
Ambaji,2025-01-29,6,Wednesday,0,0,0,Clear,30.6,1157,3080,1571
Ambaji,2025-01-29,7,Wednesday,0,0,0,Clear,33.0,1571,4808,2379
Ambaji,2025-01-29,8,Wednesday,0,0,0,Clear,34.6,2379,5964,2477
Ambaji,2025-01-29,9,Wednesday,0,0,0,Clear,36.6,2477,5724,1911
Ambaji,2025-01-29,10,Wednesday,0,0,0,Clear,36.6,1911,5594,1872
Ambaji,2025-01-29,11,Wednesday,0,0,0,Clear,38.2,1872,4854,1440
Ambaji,2025-01-29,12,Wednesday,0,0,0,Clear,40.0,1440,3750,1018
Ambaji,2025-01-29,13,Wednesday,0,0,0,Clear,40.0,1018,2948,756
Ambaji,2025-01-29,14,Wednesday,0,0,0,Clear,40.0,756,2976,1101
Ambaji,2025-01-29,15,Wednesday,0,0,0,Clear,39.8,1101,3489,1385
Ambaji,2025-01-29,16,Wednesday,0,0,0,Clear,40.0,1385,5420,2557
Ambaji,2025-01-29,17,Wednesday,0,0,0,Clear,38.3,2557,5859,2255
Ambaji,2025-01-29,18,Wednesday,0,0,0,Clear,37.5,2255,6907,2588
Ambaji,2025-01-29,19,Wednesday,0,0,0,Clear,35.3,2588,6496,1933
Ambaji,2025-01-29,20,Wednesday,0,0,0,Clear,33.9,1933,5788,1656
Ambaji,2025-01-29,21,Wednesday,0,0,0,Clear,32.8,1656,4424,943
Ambaji,2025-01-29,22,Wednesday,0,0,0,Clear,30.4,943,2864,372
Ambaji,2025-01-29,23,Wednesday,0,0,0,Clear,28.3,372,1722,156
Ambaji,2025-01-30,0,Thursday,0,0,0,Clear,22.3,156,984,39
Ambaji,2025-01-30,1,Thursday,0,0,0,Clear,21.1,39,543,30
Ambaji,2025-01-30,2,Thursday,0,0,0,Clear,22.0,30,324,28
Ambaji,2025-01-30,3,Thursday,0,0,0,Clear,22.0,28,249,74
Ambaji,2025-01-30,4,Thursday,0,0,0,Clear,22.8,74,787,489
Ambaji,2025-01-30,5,Thursday,0,0,0,Clear,23.0,489,1905,1127
Ambaji,2025-01-30,6,Thursday,0,0,0,Clear,25.4,1127,3539,1887
Ambaji,2025-01-30,7,Thursday,0,0,0,Clear,27.8,1887,5009,2318
Ambaji,2025-01-30,8,Thursday,0,0,0,Clear,28.8,2318,6474,2732
Ambaji,2025-01-30,9,Thursday,0,0,0,Clear,30.6,2732,6968,2486
Ambaji,2025-01-30,10,Thursday,0,0,0,Clear,32.9,2486,6287,1834
Ambaji,2025-01-30,11,Thursday,0,0,0,Clear,33.7,1834,5798,1804
Ambaji,2025-01-30,12,Thursday,0,0,0,Clear,34.7,1804,4614,1156
Ambaji,2025-01-30,13,Thursday,0,0,0,Clear,35.4,1156,3641,942
Ambaji,2025-01-30,14,Thursday,0,0,0,Clear,36.5,942,3506,1235
Ambaji,2025-01-30,15,Thursday,0,0,0,Clear,35.1,1235,4069,1713
Ambaji,2025-01-30,16,Thursday,0,0,0,Clear,33.7,1713,4201,1680
Ambaji,2025-01-30,17,Thursday,0,0,0,Clear,32.7,1680,5229,2143
Ambaji,2025-01-30,18,Thursday,0,0,0,Clear,32.1,2143,5980,2561
Ambaji,2025-01-30,19,Thursday,0,0,0,Clear,30.4,2561,5458,1782
Ambaji,2025-01-30,20,Thursday,0,0,0,Clear,30.0,1782,5215,1783
Ambaji,2025-01-30,21,Thursday,0,0,0,Clear,27.5,1783,3821,902
Ambaji,2025-01-30,22,Thursday,0,0,0,Clear,26.5,902,2436,359
Ambaji,2025-01-30,23,Thursday,0,0,0,Clear,24.3,359,1474,123
Ambaji,2025-01-31,0,Friday,0,0,0,Cloudy,20.7,123,893,45
Ambaji,2025-01-31,1,Friday,0,0,0,Cloudy,19.3,45,540,36
Ambaji,2025-01-31,2,Friday,0,0,0,Cloudy,20.5,36,313,32
Ambaji,2025-01-31,3,Friday,0,0,0,Cloudy,20.9,32,256,74
Ambaji,2025-01-31,4,Friday,0,0,0,Cloudy,20.2,74,786,481
Ambaji,2025-01-31,5,Friday,0,0,0,Cloudy,21.1,481,1940,1120
Ambaji,2025-01-31,6,Friday,0,0,0,Cloudy,23.2,1120,3839,2090
Ambaji,2025-01-31,7,Friday,0,0,0,Cloudy,24.4,2090,5364,2495
Ambaji,2025-01-31,8,Friday,0,0,0,Cloudy,26.4,2495,6649,2816
Ambaji,2025-01-31,9,Friday,0,0,0,Cloudy,27.3,2816,6533,2372
Ambaji,2025-01-31,10,Friday,0,0,0,Cloudy,29.1,2372,6929,2525
Ambaji,2025-01-31,11,Friday,0,0,0,Cloudy,30.2,2525,6061,1873
Ambaji,2025-01-31,12,Friday,0,0,0,Cloudy,31.5,1873,4702,1035
Ambaji,2025-01-31,13,Friday,0,0,0,Cloudy,31.7,1035,3781,1075
Ambaji,2025-01-31,14,Friday,0,0,0,Rainy,33.2,1075,3172,920
Ambaji,2025-01-31,15,Friday,0,0,0,Rainy,32.8,920,3288,1220
Ambaji,2025-01-31,16,Friday,0,0,0,Rainy,32.1,1220,3727,1637
Ambaji,2025-01-31,17,Friday,0,0,0,Rainy,30.4,1637,4893,2211
Ambaji,2025-01-31,18,Friday,0,0,0,Cloudy,29.0,2211,5763,2546
Ambaji,2025-01-31,19,Friday,0,0,0,Cloudy,27.4,2546,6627,2751
Ambaji,2025-01-31,20,Friday,0,0,0,Cloudy,26.4,2751,5885,1725
Ambaji,2025-01-31,21,Friday,0,0,0,Cloudy,24.2,1725,4279,933
Ambaji,2025-01-31,22,Friday,0,0,0,Cloudy,23.9,933,3055,575
Ambaji,2025-01-31,23,Friday,0,0,0,Cloudy,21.3,575,1830,160
Ambaji,2025-02-01,0,Saturday,1,0,0,Rainy,22.3,160,955,45
Ambaji,2025-02-01,1,Saturday,1,0,0,Rainy,21.2,45,543,35
Ambaji,2025-02-01,2,Saturday,1,0,0,Rainy,21.5,35,308,30
Ambaji,2025-02-01,3,Saturday,1,0,0,Rainy,21.4,30,245,69
Ambaji,2025-02-01,4,Saturday,1,0,0,Rainy,22.9,69,827,522
Ambaji,2025-02-01,5,Saturday,1,0,0,Rainy,24.2,522,2173,1297
Ambaji,2025-02-01,6,Saturday,1,0,0,Rainy,24.9,1297,3869,2058
Ambaji,2025-02-01,7,Saturday,1,0,0,Rainy,26.5,2058,5481,2564
Ambaji,2025-02-01,8,Saturday,1,0,0,Rainy,28.6,2564,7140,3236
Ambaji,2025-02-01,9,Saturday,1,0,0,Rainy,30.0,3236,6847,2260
Ambaji,2025-02-01,10,Saturday,1,0,0,Rainy,31.4,2260,6608,2297
Ambaji,2025-02-01,11,Saturday,1,0,0,Rainy,33.9,2297,5787,1618
Ambaji,2025-02-01,12,Saturday,1,0,0,Rainy,33.1,1618,4895,1333
Ambaji,2025-02-01,13,Saturday,1,0,0,Rainy,34.4,1333,3959,1034
Ambaji,2025-02-01,14,Saturday,1,0,0,Heavy Rain,34.8,1034,3242,909
Ambaji,2025-02-01,15,Saturday,1,0,0,Rainy,34.1,909,4076,1704
Ambaji,2025-02-01,16,Saturday,1,0,0,Rainy,32.0,1704,5022,2116
Ambaji,2025-02-01,17,Saturday,1,0,0,Rainy,31.3,2116,6872,3164
Ambaji,2025-02-01,18,Saturday,1,0,0,Rainy,31.7,3164,7099,2474
Ambaji,2025-02-01,19,Saturday,1,0,0,Rainy,29.2,2474,6963,2354
Ambaji,2025-02-01,20,Saturday,1,0,0,Rainy,28.1,2354,5940,1901
Ambaji,2025-02-01,21,Saturday,1,0,0,Rainy,26.3,1901,4670,1232
Ambaji,2025-02-01,22,Saturday,1,0,0,Rainy,25.4,1232,3002,424
Ambaji,2025-02-01,23,Saturday,1,0,0,Rainy,24.2,424,1838,144
Ambaji,2025-02-02,0,Sunday,1,0,0,Clear,24.8,144,1137,88
Ambaji,2025-02-02,1,Sunday,1,0,0,Clear,25.3,88,694,77
Ambaji,2025-02-02,2,Sunday,1,0,0,Clear,24.9,77,431,64
Ambaji,2025-02-02,3,Sunday,1,0,0,Clear,25.2,64,479,197
Ambaji,2025-02-02,4,Sunday,1,0,0,Clear,24.5,197,1796,1137
Ambaji,2025-02-02,5,Sunday,1,0,0,Clear,25.5,1137,4271,2492
Ambaji,2025-02-02,6,Sunday,1,0,0,Clear,28.0,2492,7662,3967
Ambaji,2025-02-02,7,Sunday,1,0,0,Clear,29.1,3967,10629,4913
Ambaji,2025-02-02,8,Sunday,1,0,0,Clear,29.8,4913,13174,5595
Ambaji,2025-02-02,9,Sunday,1,0,0,Clear,31.6,5595,11340,3919
Ambaji,2025-02-02,10,Sunday,1,0,0,Clear,35.0,3919,11796,4486
Ambaji,2025-02-02,11,Sunday,1,0,0,Clear,36.2,4486,10999,3543
Ambaji,2025-02-02,12,Sunday,1,0,0,Clear,36.7,3543,9104,2445
Ambaji,2025-02-02,13,Sunday,1,0,0,Clear,37.8,2445,7614,2214
Ambaji,2025-02-02,14,Sunday,1,0,0,Clear,37.4,2214,6831,2086
Ambaji,2025-02-02,15,Sunday,1,0,0,Clear,36.6,2086,8716,3837
Ambaji,2025-02-02,16,Sunday,1,0,0,Clear,36.7,3837,11207,5100
Ambaji,2025-02-02,17,Sunday,1,0,0,Clear,35.8,5100,13889,6011
Ambaji,2025-02-02,18,Sunday,1,0,0,Clear,33.7,6011,16620,6773
Ambaji,2025-02-02,19,Sunday,1,0,0,Clear,32.7,6773,14558,4551
Ambaji,2025-02-02,20,Sunday,1,0,0,Clear,30.9,4551,12661,4215
Ambaji,2025-02-02,21,Sunday,1,0,0,Clear,28.9,4215,9468,2157
Ambaji,2025-02-02,22,Sunday,1,0,0,Clear,26.8,2157,6123,945
Ambaji,2025-02-02,23,Sunday,1,0,0,Clear,25.6,945,3528,319
Ambaji,2025-02-03,0,Monday,0,0,0,Clear,25.2,319,1831,38
Ambaji,2025-02-03,1,Monday,0,0,0,Clear,24.7,38,971,29
Ambaji,2025-02-03,2,Monday,0,0,0,Clear,24.1,29,573,24
Ambaji,2025-02-03,3,Monday,0,0,0,Clear,24.9,24,377,76
Ambaji,2025-02-03,4,Monday,0,0,0,Clear,24.8,76,813,471
Ambaji,2025-02-03,5,Monday,0,0,0,Clear,26.8,471,2154,1250
Ambaji,2025-02-03,6,Monday,0,0,0,Clear,27.0,1250,3782,1917
Ambaji,2025-02-03,7,Monday,0,0,0,Clear,29.1,1917,4784,2223
Ambaji,2025-02-03,8,Monday,0,0,0,Clear,31.6,2223,5885,2584
Ambaji,2025-02-03,9,Monday,0,0,0,Clear,32.8,2584,6262,2353
Ambaji,2025-02-03,10,Monday,0,0,0,Clear,34.1,2353,6449,2381
Ambaji,2025-02-03,11,Monday,0,0,0,Clear,36.6,2381,5738,1723
Ambaji,2025-02-03,12,Monday,0,0,0,Clear,36.6,1723,4700,1259
Ambaji,2025-02-03,13,Monday,0,0,0,Clear,36.8,1259,3674,873
Ambaji,2025-02-03,14,Monday,0,0,0,Clear,37.1,873,3606,1181
Ambaji,2025-02-03,15,Monday,0,0,0,Clear,37.6,1181,3914,1412
Ambaji,2025-02-03,16,Monday,0,0,0,Clear,37.0,1412,4901,2294
Ambaji,2025-02-03,17,Monday,0,0,0,Clear,35.9,2294,6529,2788
Ambaji,2025-02-03,18,Monday,0,0,0,Clear,33.4,2788,7933,3155
Ambaji,2025-02-03,19,Monday,0,0,0,Clear,31.5,3155,7455,2372
Ambaji,2025-02-03,20,Monday,0,0,0,Clear,30.8,2372,6144,1584
Ambaji,2025-02-03,21,Monday,0,0,0,Clear,28.9,1584,4614,955
Ambaji,2025-02-03,22,Monday,0,0,0,Clear,28.7,955,3020,448
Ambaji,2025-02-03,23,Monday,0,0,0,Clear,25.9,448,1825,124
Ambaji,2025-02-04,0,Tuesday,0,0,0,Cloudy,21.9,124,1015,34
Ambaji,2025-02-04,1,Tuesday,0,0,0,Cloudy,21.4,34,604,21
Ambaji,2025-02-04,2,Tuesday,0,0,0,Cloudy,20.9,21,365,28
Ambaji,2025-02-04,3,Tuesday,0,0,0,Cloudy,20.7,28,261,55
Ambaji,2025-02-04,4,Tuesday,0,0,0,Cloudy,21.6,55,853,532
Ambaji,2025-02-04,5,Tuesday,0,0,0,Cloudy,23.7,532,1781,986
Ambaji,2025-02-04,6,Tuesday,0,0,0,Cloudy,24.6,986,3502,1936
Ambaji,2025-02-04,7,Tuesday,0,0,0,Cloudy,27.2,1936,4324,1801
Ambaji,2025-02-04,8,Tuesday,0,0,0,Cloudy,27.0,1801,5232,2202
Ambaji,2025-02-04,9,Tuesday,0,0,0,Cloudy,29.3,2202,5227,1996
Ambaji,2025-02-04,10,Tuesday,0,0,0,Cloudy,30.6,1996,5203,1838
Ambaji,2025-02-04,11,Tuesday,0,0,0,Cloudy,32.2,1838,4791,1667
Ambaji,2025-02-04,12,Tuesday,0,0,0,Cloudy,33.4,1667,3825,931
Ambaji,2025-02-04,13,Tuesday,0,0,0,Cloudy,34.3,931,2958,854
Ambaji,2025-02-04,14,Tuesday,0,0,0,Rainy,35.1,854,2636,747
Ambaji,2025-02-04,15,Tuesday,0,0,0,Cloudy,34.4,747,3120,1220
Ambaji,2025-02-04,16,Tuesday,0,0,0,Cloudy,32.6,1220,3817,1580
Ambaji,2025-02-04,17,Tuesday,0,0,0,Cloudy,32.9,1580,5178,2348
Ambaji,2025-02-04,18,Tuesday,0,0,0,Cloudy,31.3,2348,6203,2550
Ambaji,2025-02-04,19,Tuesday,0,0,0,Cloudy,30.9,2550,5809,1933
Ambaji,2025-02-04,20,Tuesday,0,0,0,Cloudy,27.1,1933,5293,1475
Ambaji,2025-02-04,21,Tuesday,0,0,0,Cloudy,26.8,1475,3851,811
Ambaji,2025-02-04,22,Tuesday,0,0,0,Cloudy,23.8,811,2463,330
Ambaji,2025-02-04,23,Tuesday,0,0,0,Cloudy,22.9,330,1459,109
Ambaji,2025-02-05,0,Wednesday,0,0,0,Cloudy,26.6,109,722,31
Ambaji,2025-02-05,1,Wednesday,0,0,0,Cloudy,25.6,31,369,21
Ambaji,2025-02-05,2,Wednesday,0,0,0,Cloudy,26.4,21,223,25
Ambaji,2025-02-05,3,Wednesday,0,0,0,Cloudy,25.9,25,193,55
Ambaji,2025-02-05,4,Wednesday,0,0,0,Cloudy,26.6,55,643,404
Ambaji,2025-02-05,5,Wednesday,0,0,0,Cloudy,27.0,404,1548,902
Ambaji,2025-02-05,6,Wednesday,0,0,0,Cloudy,28.8,902,3120,1717
Ambaji,2025-02-05,7,Wednesday,0,0,0,Cloudy,30.8,1717,4917,2405
Ambaji,2025-02-05,8,Wednesday,0,0,0,Cloudy,33.0,2405,5342,2111
Ambaji,2025-02-05,9,Wednesday,0,0,0,Cloudy,34.5,2111,5733,2259
Ambaji,2025-02-05,10,Wednesday,0,0,0,Cloudy,36.1,2259,5185,1579
Ambaji,2025-02-05,11,Wednesday,0,0,0,Cloudy,37.1,1579,4298,1230
Ambaji,2025-02-05,12,Wednesday,0,0,0,Cloudy,39.5,1230,3891,1036
Ambaji,2025-02-05,13,Wednesday,0,0,0,Cloudy,38.0,1036,3074,968
Ambaji,2025-02-05,14,Wednesday,0,0,0,Rainy,39.1,968,2680,845
Ambaji,2025-02-05,15,Wednesday,0,0,0,Cloudy,39.5,845,3203,1363
Ambaji,2025-02-05,16,Wednesday,0,0,0,Cloudy,37.5,1363,4495,2212
Ambaji,2025-02-05,17,Wednesday,0,0,0,Cloudy,37.2,2212,5948,2631
Ambaji,2025-02-05,18,Wednesday,0,0,0,Cloudy,35.1,2631,6445,2600
Ambaji,2025-02-05,19,Wednesday,0,0,0,Cloudy,35.1,2600,6349,2229
Ambaji,2025-02-05,20,Wednesday,0,0,0,Cloudy,33.2,2229,4871,1254
Ambaji,2025-02-05,21,Wednesday,0,0,0,Cloudy,30.5,1254,3958,1156
Ambaji,2025-02-05,22,Wednesday,0,0,0,Cloudy,28.1,1156,2582,319
Ambaji,2025-02-05,23,Wednesday,0,0,0,Cloudy,27.3,319,1561,124
Ambaji,2025-02-06,0,Thursday,0,0,0,Cloudy,19.1,124,856,38
Ambaji,2025-02-06,1,Thursday,0,0,0,Cloudy,18.3,38,467,29
Ambaji,2025-02-06,2,Thursday,0,0,0,Cloudy,17.0,29,293,29
Ambaji,2025-02-06,3,Thursday,0,0,0,Cloudy,18.3,29,240,68
Ambaji,2025-02-06,4,Thursday,0,0,0,Cloudy,19.1,68,815,511
Ambaji,2025-02-06,5,Thursday,0,0,0,Cloudy,21.4,511,1533,819
Ambaji,2025-02-06,6,Thursday,0,0,0,Cloudy,20.6,819,3402,1976
Ambaji,2025-02-06,7,Thursday,0,0,0,Cloudy,22.1,1976,4594,2075
Ambaji,2025-02-06,8,Thursday,0,0,0,Cloudy,24.2,2075,5433,2271
Ambaji,2025-02-06,9,Thursday,0,0,0,Cloudy,26.2,2271,6429,2598
Ambaji,2025-02-06,10,Thursday,0,0,0,Cloudy,27.7,2598,6627,2372
Ambaji,2025-02-06,11,Thursday,0,0,0,Cloudy,28.7,2372,5647,1562
Ambaji,2025-02-06,12,Thursday,0,0,0,Cloudy,29.9,1562,4203,929
Ambaji,2025-02-06,13,Thursday,0,0,0,Cloudy,30.8,929,3753,1101
Ambaji,2025-02-06,14,Thursday,0,0,0,Rainy,30.9,1101,3105,859
Ambaji,2025-02-06,15,Thursday,0,0,0,Rainy,32.4,859,3043,1061
Ambaji,2025-02-06,16,Thursday,0,0,0,Cloudy,30.2,1061,4180,1837
Ambaji,2025-02-06,17,Thursday,0,0,0,Cloudy,30.2,1837,6368,3000
Ambaji,2025-02-06,18,Thursday,0,0,0,Cloudy,28.3,3000,7675,3268
Ambaji,2025-02-06,19,Thursday,0,0,0,Cloudy,25.8,3268,6461,1978
Ambaji,2025-02-06,20,Thursday,0,0,0,Cloudy,24.7,1978,5605,1638
Ambaji,2025-02-06,21,Thursday,0,0,0,Cloudy,22.9,1638,4433,937
Ambaji,2025-02-06,22,Thursday,0,0,0,Cloudy,21.6,937,2923,441
Ambaji,2025-02-06,23,Thursday,0,0,0,Cloudy,18.9,441,1821,106
Ambaji,2025-02-07,0,Friday,0,0,0,Clear,19.3,106,1049,52
Ambaji,2025-02-07,1,Friday,0,0,0,Clear,19.5,52,576,39
Ambaji,2025-02-07,2,Friday,0,0,0,Clear,18.8,39,339,31
Ambaji,2025-02-07,3,Friday,0,0,0,Clear,17.8,31,265,66
Ambaji,2025-02-07,4,Friday,0,0,0,Clear,18.6,66,986,630
Ambaji,2025-02-07,5,Friday,0,0,0,Clear,20.4,630,2396,1423
Ambaji,2025-02-07,6,Friday,0,0,0,Clear,21.1,1423,4264,2221
Ambaji,2025-02-07,7,Friday,0,0,0,Clear,23.8,2221,6328,3037
Ambaji,2025-02-07,8,Friday,0,0,0,Clear,25.1,3037,7232,3099
Ambaji,2025-02-07,9,Friday,0,0,0,Clear,26.5,3099,7542,2737
Ambaji,2025-02-07,10,Friday,0,0,0,Clear,27.7,2737,6489,1936
Ambaji,2025-02-07,11,Friday,0,0,0,Clear,30.8,1936,5838,1678
Ambaji,2025-02-07,12,Friday,0,0,0,Clear,31.6,1678,4681,1295
Ambaji,2025-02-07,13,Friday,0,0,0,Clear,31.6,1295,3887,1154
Ambaji,2025-02-07,14,Friday,0,0,0,Clear,31.2,1154,4066,1445
Ambaji,2025-02-07,15,Friday,0,0,0,Clear,31.1,1445,4556,1756
Ambaji,2025-02-07,16,Friday,0,0,0,Clear,30.6,1756,5320,2252
Ambaji,2025-02-07,17,Friday,0,0,0,Clear,29.1,2252,8128,3992
Ambaji,2025-02-07,18,Friday,0,0,0,Clear,29.0,3992,9376,3843
Ambaji,2025-02-07,19,Friday,0,0,0,Clear,26.8,3843,8003,2608
Ambaji,2025-02-07,20,Friday,0,0,0,Clear,24.0,2608,6696,1943
Ambaji,2025-02-07,21,Friday,0,0,0,Clear,24.3,1943,5300,1095
Ambaji,2025-02-07,22,Friday,0,0,0,Clear,21.3,1095,3647,608
Ambaji,2025-02-07,23,Friday,0,0,0,Clear,20.5,608,2155,151
Ambaji,2025-02-08,0,Saturday,1,0,0,Clear,20.1,151,1191,66
Ambaji,2025-02-08,1,Saturday,1,0,0,Clear,18.3,66,719,54
Ambaji,2025-02-08,2,Saturday,1,0,0,Clear,19.0,54,438,47
Ambaji,2025-02-08,3,Saturday,1,0,0,Clear,18.7,47,396,127
Ambaji,2025-02-08,4,Saturday,1,0,0,Clear,19.9,127,1287,819
Ambaji,2025-02-08,5,Saturday,1,0,0,Clear,20.7,819,2645,1442
Ambaji,2025-02-08,6,Saturday,1,0,0,Clear,22.0,1442,5660,3146
Ambaji,2025-02-08,7,Saturday,1,0,0,Clear,23.8,3146,7904,3588
Ambaji,2025-02-08,8,Saturday,1,0,0,Clear,25.5,3588,10793,5119
Ambaji,2025-02-08,9,Saturday,1,0,0,Clear,26.8,5119,9776,3293
Ambaji,2025-02-08,10,Saturday,1,0,0,Clear,28.4,3293,9647,3165
Ambaji,2025-02-08,11,Saturday,1,0,0,Clear,29.3,3165,8492,2535
Ambaji,2025-02-08,12,Saturday,1,0,0,Clear,30.1,2535,6880,1643
Ambaji,2025-02-08,13,Saturday,1,0,0,Clear,30.9,1643,6126,1807
Ambaji,2025-02-08,14,Saturday,1,0,0,Clear,30.6,1807,6008,2029
Ambaji,2025-02-08,15,Saturday,1,0,0,Clear,31.5,2029,6247,2422
Ambaji,2025-02-08,16,Saturday,1,0,0,Clear,31.4,2422,7437,3209
Ambaji,2025-02-08,17,Saturday,1,0,0,Clear,29.8,3209,8663,3688
Ambaji,2025-02-08,18,Saturday,1,0,0,Clear,27.9,3688,9744,4033
Ambaji,2025-02-08,19,Saturday,1,0,0,Clear,27.0,4033,10156,3535
Ambaji,2025-02-08,20,Saturday,1,0,0,Clear,24.3,3535,8270,2185
Ambaji,2025-02-08,21,Saturday,1,0,0,Clear,24.2,2185,7248,1671
Ambaji,2025-02-08,22,Saturday,1,0,0,Clear,21.7,1671,4296,691
Ambaji,2025-02-08,23,Saturday,1,0,0,Clear,20.4,691,2498,229
Ambaji,2025-02-09,0,Sunday,1,0,0,Clear,17.0,229,1444,125
Ambaji,2025-02-09,1,Sunday,1,0,0,Clear,17.0,125,864,62
Ambaji,2025-02-09,2,Sunday,1,0,0,Clear,17.0,62,491,63
Ambaji,2025-02-09,3,Sunday,1,0,0,Clear,17.0,63,465,156
Ambaji,2025-02-09,4,Sunday,1,0,0,Clear,17.0,156,2067,1344
Ambaji,2025-02-09,5,Sunday,1,0,0,Clear,18.9,1344,4864,2783
Ambaji,2025-02-09,6,Sunday,1,0,0,Clear,18.7,2783,9765,5447
Ambaji,2025-02-09,7,Sunday,1,0,0,Clear,20.8,5447,13350,5985
Ambaji,2025-02-09,8,Sunday,1,0,0,Clear,23.1,5985,14429,5702
Ambaji,2025-02-09,9,Sunday,1,0,0,Clear,26.0,5702,14612,5311
Ambaji,2025-02-09,10,Sunday,1,0,0,Clear,25.6,5311,13969,4663
Ambaji,2025-02-09,11,Sunday,1,0,0,Clear,27.4,4663,13160,3893
Ambaji,2025-02-09,12,Sunday,1,0,0,Clear,28.1,3893,10133,2601
Ambaji,2025-02-09,13,Sunday,1,0,0,Clear,29.3,2601,7986,2115
Ambaji,2025-02-09,14,Sunday,1,0,0,Clear,28.5,2115,7996,2781
Ambaji,2025-02-09,15,Sunday,1,0,0,Clear,30.3,2781,9146,3764
Ambaji,2025-02-09,16,Sunday,1,0,0,Clear,27.7,3764,9915,4050
Ambaji,2025-02-09,17,Sunday,1,0,0,Clear,28.5,4050,13141,6026
Ambaji,2025-02-09,18,Sunday,1,0,0,Clear,25.5,6026,14308,5691
Ambaji,2025-02-09,19,Sunday,1,0,0,Clear,25.2,5691,13862,5156
Ambaji,2025-02-09,20,Sunday,1,0,0,Clear,24.1,5156,11565,3385
Ambaji,2025-02-09,21,Sunday,1,0,0,Clear,21.8,3385,9084,2379
Ambaji,2025-02-09,22,Sunday,1,0,0,Clear,18.7,2379,5676,864
Ambaji,2025-02-09,23,Sunday,1,0,0,Clear,18.0,864,3376,331
Ambaji,2025-02-10,0,Monday,0,0,0,Rainy,25.3,331,1816,26
Ambaji,2025-02-10,1,Monday,0,0,0,Rainy,25.4,26,961,19
Ambaji,2025-02-10,2,Monday,0,0,0,Rainy,24.5,19,507,22
Ambaji,2025-02-10,3,Monday,0,0,0,Rainy,25.5,22,334,52
Ambaji,2025-02-10,4,Monday,0,0,0,Rainy,26.0,52,581,298
Ambaji,2025-02-10,5,Monday,0,0,0,Rainy,26.6,298,1196,657
Ambaji,2025-02-10,6,Monday,0,0,0,Rainy,27.9,657,2397,1295
Ambaji,2025-02-10,7,Monday,0,0,0,Rainy,29.0,1295,3562,1721
Ambaji,2025-02-10,8,Monday,0,0,0,Rainy,30.7,1721,4433,1926
Ambaji,2025-02-10,9,Monday,0,0,0,Rainy,31.9,1926,4155,1303
Ambaji,2025-02-10,10,Monday,0,0,0,Rainy,33.7,1303,4082,1419
Ambaji,2025-02-10,11,Monday,0,0,0,Rainy,35.6,1419,4065,1425
Ambaji,2025-02-10,12,Monday,0,0,0,Rainy,37.3,1425,3184,811
Ambaji,2025-02-10,13,Monday,0,0,0,Rainy,37.5,811,2849,817
Ambaji,2025-02-10,14,Monday,0,0,0,Heavy Rain,38.9,817,2148,470
Ambaji,2025-02-10,15,Monday,0,0,0,Heavy Rain,36.9,470,1693,553
Ambaji,2025-02-10,16,Monday,0,0,0,Heavy Rain,38.3,553,1808,730
Ambaji,2025-02-10,17,Monday,0,0,0,Heavy Rain,35.6,730,2126,839
Ambaji,2025-02-10,18,Monday,0,0,0,Rainy,34.0,839,3400,1630
Ambaji,2025-02-10,19,Monday,0,0,0,Rainy,33.3,1630,4164,1751
Ambaji,2025-02-10,20,Monday,0,0,0,Rainy,31.4,1751,3546,1014
Ambaji,2025-02-10,21,Monday,0,0,0,Rainy,28.8,1014,2666,581
Ambaji,2025-02-10,22,Monday,0,0,0,Rainy,28.4,581,1751,281
Ambaji,2025-02-10,23,Monday,0,0,0,Rainy,25.7,281,1077,98
Ambaji,2025-02-11,0,Tuesday,0,0,0,Sunny,26.6,98,631,36
Ambaji,2025-02-11,1,Tuesday,0,0,0,Sunny,26.8,36,355,25
Ambaji,2025-02-11,2,Tuesday,0,0,0,Sunny,26.8,25,225,25
Ambaji,2025-02-11,3,Tuesday,0,0,0,Sunny,26.2,25,203,57
Ambaji,2025-02-11,4,Tuesday,0,0,0,Sunny,27.1,57,657,414
Ambaji,2025-02-11,5,Tuesday,0,0,0,Sunny,27.3,414,1622,924
Ambaji,2025-02-11,6,Tuesday,0,0,0,Sunny,29.1,924,3631,2069
Ambaji,2025-02-11,7,Tuesday,0,0,0,Sunny,30.3,2069,4560,2069
Ambaji,2025-02-11,8,Tuesday,0,0,0,Sunny,32.2,2069,5039,2143
Ambaji,2025-02-11,9,Tuesday,0,0,0,Sunny,35.4,2143,5473,2180
Ambaji,2025-02-11,10,Tuesday,0,0,0,Sunny,36.2,2180,4668,1631
Ambaji,2025-02-11,11,Tuesday,0,0,0,Sunny,39.2,1631,4401,1515
Ambaji,2025-02-11,12,Tuesday,0,0,0,Sunny,37.3,1515,3640,861
Ambaji,2025-02-11,13,Tuesday,0,0,0,Sunny,40.0,861,3120,987
Ambaji,2025-02-11,14,Tuesday,0,0,0,Sunny,40.0,987,3236,1156
Ambaji,2025-02-11,15,Tuesday,0,0,0,Sunny,39.4,1156,3178,1182
Ambaji,2025-02-11,16,Tuesday,0,0,0,Sunny,38.2,1182,4263,2018
Ambaji,2025-02-11,17,Tuesday,0,0,0,Sunny,37.3,2018,5369,2270
Ambaji,2025-02-11,18,Tuesday,0,0,0,Sunny,36.5,2270,5998,2225
Ambaji,2025-02-11,19,Tuesday,0,0,0,Sunny,33.8,2225,6204,2349
Ambaji,2025-02-11,20,Tuesday,0,0,0,Sunny,32.8,2349,5402,1588
Ambaji,2025-02-11,21,Tuesday,0,0,0,Sunny,31.4,1588,4195,945
Ambaji,2025-02-11,22,Tuesday,0,0,0,Sunny,29.7,945,2659,332
Ambaji,2025-02-11,23,Tuesday,0,0,0,Sunny,27.7,332,1515,113
Ambaji,2025-02-12,0,Wednesday,0,0,0,Rainy,28.1,113,867,28
Ambaji,2025-02-12,1,Wednesday,0,0,0,Rainy,28.1,28,488,19
Ambaji,2025-02-12,2,Wednesday,0,0,0,Rainy,27.1,19,287,20
Ambaji,2025-02-12,3,Wednesday,0,0,0,Rainy,27.3,20,226,60
Ambaji,2025-02-12,4,Wednesday,0,0,0,Rainy,28.8,60,492,274
Ambaji,2025-02-12,5,Wednesday,0,0,0,Rainy,29.9,274,1000,550
Ambaji,2025-02-12,6,Wednesday,0,0,0,Rainy,30.8,550,2261,1282
Ambaji,2025-02-12,7,Wednesday,0,0,0,Rainy,32.1,1282,3168,1373
Ambaji,2025-02-12,8,Wednesday,0,0,0,Rainy,33.4,1373,4017,1795
Ambaji,2025-02-12,9,Wednesday,0,0,0,Rainy,34.1,1795,3774,1360
Ambaji,2025-02-12,10,Wednesday,0,0,0,Rainy,37.7,1360,3531,1199
Ambaji,2025-02-12,11,Wednesday,0,0,0,Rainy,37.8,1199,3216,1071
Ambaji,2025-02-12,12,Wednesday,0,0,0,Rainy,40.0,1071,2656,764
Ambaji,2025-02-12,13,Wednesday,0,0,0,Rainy,40.0,764,2253,645
Ambaji,2025-02-12,14,Wednesday,0,0,0,Rainy,39.5,645,2332,776
Ambaji,2025-02-12,15,Wednesday,0,0,0,Rainy,40.0,776,2583,1083
Ambaji,2025-02-12,16,Wednesday,0,0,0,Rainy,39.0,1083,3467,1584
Ambaji,2025-02-12,17,Wednesday,0,0,0,Rainy,38.5,1584,4337,1943
Ambaji,2025-02-12,18,Wednesday,0,0,0,Rainy,37.5,1943,5113,2113
Ambaji,2025-02-12,19,Wednesday,0,0,0,Rainy,36.0,2113,5178,1840
Ambaji,2025-02-12,20,Wednesday,0,0,0,Rainy,33.6,1840,4073,1097
Ambaji,2025-02-12,21,Wednesday,0,0,0,Rainy,31.5,1097,3019,680
Ambaji,2025-02-12,22,Wednesday,0,0,0,Rainy,30.6,680,1874,231
Ambaji,2025-02-12,23,Wednesday,0,0,0,Rainy,29.6,231,1085,81
Ambaji,2025-02-13,0,Thursday,0,0,0,Clear,21.8,81,670,40
Ambaji,2025-02-13,1,Thursday,0,0,0,Clear,20.9,40,369,29
Ambaji,2025-02-13,2,Thursday,0,0,0,Clear,20.1,29,215,25
Ambaji,2025-02-13,3,Thursday,0,0,0,Clear,21.0,25,217,76
Ambaji,2025-02-13,4,Thursday,0,0,0,Clear,20.8,76,777,500
Ambaji,2025-02-13,5,Thursday,0,0,0,Clear,23.1,500,1571,881
Ambaji,2025-02-13,6,Thursday,0,0,0,Clear,23.8,881,3376,1898
Ambaji,2025-02-13,7,Thursday,0,0,0,Clear,24.6,1898,5215,2672
Ambaji,2025-02-13,8,Thursday,0,0,0,Clear,26.1,2672,5923,2506
Ambaji,2025-02-13,9,Thursday,0,0,0,Clear,29.5,2506,5972,1965
Ambaji,2025-02-13,10,Thursday,0,0,0,Clear,31.0,1965,6406,2228
Ambaji,2025-02-13,11,Thursday,0,0,0,Clear,31.8,2228,5200,1397
Ambaji,2025-02-13,12,Thursday,0,0,0,Clear,32.5,1397,4085,1008
Ambaji,2025-02-13,13,Thursday,0,0,0,Clear,33.3,1008,3283,878
Ambaji,2025-02-13,14,Thursday,0,0,0,Clear,34.0,878,3336,1308
Ambaji,2025-02-13,15,Thursday,0,0,0,Clear,33.3,1308,3636,1484
Ambaji,2025-02-13,16,Thursday,0,0,0,Clear,32.7,1484,4674,2025
Ambaji,2025-02-13,17,Thursday,0,0,0,Clear,31.8,2025,5675,2222
Ambaji,2025-02-13,18,Thursday,0,0,0,Clear,30.9,2222,6959,2859
Ambaji,2025-02-13,19,Thursday,0,0,0,Clear,28.9,2859,7088,2562
Ambaji,2025-02-13,20,Thursday,0,0,0,Clear,27.0,2562,6375,1777
Ambaji,2025-02-13,21,Thursday,0,0,0,Clear,26.2,1777,4792,1031
Ambaji,2025-02-13,22,Thursday,0,0,0,Clear,24.1,1031,3279,463
Ambaji,2025-02-13,23,Thursday,0,0,0,Clear,22.2,463,1952,161
Ambaji,2025-02-14,0,Friday,0,0,0,Sunny,24.7,161,1068,54
Ambaji,2025-02-14,1,Friday,0,0,0,Sunny,24.5,54,606,35
Ambaji,2025-02-14,2,Friday,0,0,0,Sunny,24.1,35,356,44
Ambaji,2025-02-14,3,Friday,0,0,0,Sunny,23.1,44,339,111
Ambaji,2025-02-14,4,Friday,0,0,0,Sunny,24.4,111,938,556
Ambaji,2025-02-14,5,Friday,0,0,0,Sunny,26.9,556,1991,1115
Ambaji,2025-02-14,6,Friday,0,0,0,Sunny,26.5,1115,4302,2373
Ambaji,2025-02-14,7,Friday,0,0,0,Sunny,29.3,2373,6570,3001
Ambaji,2025-02-14,8,Friday,0,0,0,Sunny,29.7,3001,7306,2695
Ambaji,2025-02-14,9,Friday,0,0,0,Sunny,31.8,2695,6779,2252
Ambaji,2025-02-14,10,Friday,0,0,0,Sunny,33.5,2252,6162,2086
Ambaji,2025-02-14,11,Friday,0,0,0,Sunny,34.6,2086,5505,1629
Ambaji,2025-02-14,12,Friday,0,0,0,Sunny,34.6,1629,4695,1302
Ambaji,2025-02-14,13,Friday,0,0,0,Sunny,36.4,1302,4009,1285
Ambaji,2025-02-14,14,Friday,0,0,0,Sunny,36.3,1285,3934,1315
Ambaji,2025-02-14,15,Friday,0,0,0,Sunny,36.6,1315,5055,2290
Ambaji,2025-02-14,16,Friday,0,0,0,Sunny,35.0,2290,6347,2894
Ambaji,2025-02-14,17,Friday,0,0,0,Sunny,35.2,2894,6438,2577
Ambaji,2025-02-14,18,Friday,0,0,0,Sunny,33.1,2577,7864,3497
Ambaji,2025-02-14,19,Friday,0,0,0,Sunny,32.1,3497,7640,2823
Ambaji,2025-02-14,20,Friday,0,0,0,Sunny,29.9,2823,7254,2335
Ambaji,2025-02-14,21,Friday,0,0,0,Sunny,28.2,2335,5243,1185
Ambaji,2025-02-14,22,Friday,0,0,0,Sunny,27.4,1185,3488,552
Ambaji,2025-02-14,23,Friday,0,0,0,Sunny,25.5,552,1884,143
Ambaji,2025-02-15,0,Saturday,1,0,0,Clear,17.3,143,1090,75
Ambaji,2025-02-15,1,Saturday,1,0,0,Clear,17.0,75,651,40
Ambaji,2025-02-15,2,Saturday,1,0,0,Clear,17.0,40,408,52
Ambaji,2025-02-15,3,Saturday,1,0,0,Clear,17.0,52,385,122
Ambaji,2025-02-15,4,Saturday,1,0,0,Clear,17.0,122,1211,750
Ambaji,2025-02-15,5,Saturday,1,0,0,Clear,17.0,750,2378,1265
Ambaji,2025-02-15,6,Saturday,1,0,0,Clear,18.6,1265,6422,3778
Ambaji,2025-02-15,7,Saturday,1,0,0,Clear,21.6,3778,7826,3522
Ambaji,2025-02-15,8,Saturday,1,0,0,Clear,21.7,3522,8889,3928
Ambaji,2025-02-15,9,Saturday,1,0,0,Clear,23.8,3928,9194,3608
Ambaji,2025-02-15,10,Saturday,1,0,0,Clear,25.1,3608,8989,3054
Ambaji,2025-02-15,11,Saturday,1,0,0,Clear,26.6,3054,8308,2668
Ambaji,2025-02-15,12,Saturday,1,0,0,Clear,28.2,2668,6269,1657
Ambaji,2025-02-15,13,Saturday,1,0,0,Clear,29.8,1657,5707,1691
Ambaji,2025-02-15,14,Saturday,1,0,0,Clear,29.0,1691,5561,1867
Ambaji,2025-02-15,15,Saturday,1,0,0,Clear,27.7,1867,5687,2156
Ambaji,2025-02-15,16,Saturday,1,0,0,Clear,27.9,2156,6952,2923
Ambaji,2025-02-15,17,Saturday,1,0,0,Clear,27.2,2923,10496,4766
Ambaji,2025-02-15,18,Saturday,1,0,0,Clear,25.0,4766,11500,4446
Ambaji,2025-02-15,19,Saturday,1,0,0,Clear,24.1,4446,9954,3147
Ambaji,2025-02-15,20,Saturday,1,0,0,Clear,22.5,3147,8457,2400
Ambaji,2025-02-15,21,Saturday,1,0,0,Clear,20.5,2400,6341,1595
Ambaji,2025-02-15,22,Saturday,1,0,0,Clear,19.2,1595,4141,605
Ambaji,2025-02-15,23,Saturday,1,0,0,Clear,18.5,605,2500,231
Ambaji,2025-02-16,0,Sunday,1,0,0,Clear,25.5,231,1472,85
Ambaji,2025-02-16,1,Sunday,1,0,0,Clear,24.2,85,882,58
Ambaji,2025-02-16,2,Sunday,1,0,0,Clear,23.8,58,572,81
Ambaji,2025-02-16,3,Sunday,1,0,0,Clear,23.7,81,477,152
Ambaji,2025-02-16,4,Sunday,1,0,0,Clear,24.2,152,1730,1095
Ambaji,2025-02-16,5,Sunday,1,0,0,Clear,24.6,1095,4107,2357
Ambaji,2025-02-16,6,Sunday,1,0,0,Clear,27.3,2357,6927,3493
Ambaji,2025-02-16,7,Sunday,1,0,0,Clear,28.3,3493,10435,5377
Ambaji,2025-02-16,8,Sunday,1,0,0,Clear,31.1,5377,13261,6111
Ambaji,2025-02-16,9,Sunday,1,0,0,Clear,32.1,6111,14825,5561
Ambaji,2025-02-16,10,Sunday,1,0,0,Clear,33.3,5561,13582,4534
Ambaji,2025-02-16,11,Sunday,1,0,0,Clear,35.3,4534,11317,3385
Ambaji,2025-02-16,12,Sunday,1,0,0,Clear,35.9,3385,9371,2233
Ambaji,2025-02-16,13,Sunday,1,0,0,Clear,37.8,2233,7429,2144
Ambaji,2025-02-16,14,Sunday,1,0,0,Clear,37.0,2144,7592,2594
Ambaji,2025-02-16,15,Sunday,1,0,0,Clear,36.1,2594,9098,3798
Ambaji,2025-02-16,16,Sunday,1,0,0,Clear,35.5,3798,11454,4826
Ambaji,2025-02-16,17,Sunday,1,0,0,Clear,34.9,4826,13648,5890
Ambaji,2025-02-16,18,Sunday,1,0,0,Clear,34.2,5890,16601,7148
Ambaji,2025-02-16,19,Sunday,1,0,0,Clear,31.8,7148,16420,6131
Ambaji,2025-02-16,20,Sunday,1,0,0,Clear,30.6,6131,14197,3629
Ambaji,2025-02-16,21,Sunday,1,0,0,Clear,28.5,3629,10656,2633
Ambaji,2025-02-16,22,Sunday,1,0,0,Clear,26.1,2633,6887,943
Ambaji,2025-02-16,23,Sunday,1,0,0,Clear,25.2,943,4022,354
Ambaji,2025-02-17,0,Monday,0,0,0,Clear,20.2,354,2308,40
Ambaji,2025-02-17,1,Monday,0,0,0,Clear,21.2,40,1270,26
Ambaji,2025-02-17,2,Monday,0,0,0,Clear,19.5,26,677,27
Ambaji,2025-02-17,3,Monday,0,0,0,Clear,19.1,27,453,71
Ambaji,2025-02-17,4,Monday,0,0,0,Clear,20.4,71,984,558
Ambaji,2025-02-17,5,Monday,0,0,0,Clear,21.4,558,1982,1118
Ambaji,2025-02-17,6,Monday,0,0,0,Clear,23.7,1118,3513,1801
Ambaji,2025-02-17,7,Monday,0,0,0,Clear,25.6,1801,5222,2570
Ambaji,2025-02-17,8,Monday,0,0,0,Clear,25.8,2570,5810,2181
Ambaji,2025-02-17,9,Monday,0,0,0,Clear,28.2,2181,5904,2150
Ambaji,2025-02-17,10,Monday,0,0,0,Clear,30.5,2150,6043,2152
Ambaji,2025-02-17,11,Monday,0,0,0,Clear,31.6,2152,5411,1645
Ambaji,2025-02-17,12,Monday,0,0,0,Clear,32.4,1645,4432,1120
Ambaji,2025-02-17,13,Monday,0,0,0,Clear,33.2,1120,3556,882
Ambaji,2025-02-17,14,Monday,0,0,0,Clear,33.3,882,3569,1281
Ambaji,2025-02-17,15,Monday,0,0,0,Clear,33.4,1281,3987,1529
Ambaji,2025-02-17,16,Monday,0,0,0,Clear,32.0,1529,4752,1938
Ambaji,2025-02-17,17,Monday,0,0,0,Clear,31.0,1938,6974,3284
Ambaji,2025-02-17,18,Monday,0,0,0,Clear,29.9,3284,7606,3012
Ambaji,2025-02-17,19,Monday,0,0,0,Clear,28.8,3012,7570,2494
Ambaji,2025-02-17,20,Monday,0,0,0,Clear,26.3,2494,5775,1451
Ambaji,2025-02-17,21,Monday,0,0,0,Clear,24.6,1451,4949,1197
Ambaji,2025-02-17,22,Monday,0,0,0,Clear,23.4,1197,3095,420
Ambaji,2025-02-17,23,Monday,0,0,0,Clear,22.3,420,1999,182
Ambaji,2025-02-18,0,Tuesday,0,0,0,Sunny,25.7,182,1052,38
Ambaji,2025-02-18,1,Tuesday,0,0,0,Sunny,24.5,38,544,27
Ambaji,2025-02-18,2,Tuesday,0,0,0,Sunny,24.2,27,328,23
Ambaji,2025-02-18,3,Tuesday,0,0,0,Sunny,24.2,23,255,67
Ambaji,2025-02-18,4,Tuesday,0,0,0,Sunny,26.1,67,633,368
Ambaji,2025-02-18,5,Tuesday,0,0,0,Sunny,25.5,368,1560,909
Ambaji,2025-02-18,6,Tuesday,0,0,0,Sunny,27.8,909,3230,1787
Ambaji,2025-02-18,7,Tuesday,0,0,0,Sunny,28.8,1787,4581,2147
Ambaji,2025-02-18,8,Tuesday,0,0,0,Sunny,31.1,2147,5660,2364
Ambaji,2025-02-18,9,Tuesday,0,0,0,Sunny,32.7,2364,5826,2177
Ambaji,2025-02-18,10,Tuesday,0,0,0,Sunny,33.6,2177,5692,1837
Ambaji,2025-02-18,11,Tuesday,0,0,0,Sunny,35.9,1837,4893,1343
Ambaji,2025-02-18,12,Tuesday,0,0,0,Sunny,36.5,1343,4013,1123
Ambaji,2025-02-18,13,Tuesday,0,0,0,Sunny,37.6,1123,3179,847
Ambaji,2025-02-18,14,Tuesday,0,0,0,Sunny,36.7,847,3255,1164
Ambaji,2025-02-18,15,Tuesday,0,0,0,Sunny,37.6,1164,3604,1464
Ambaji,2025-02-18,16,Tuesday,0,0,0,Sunny,37.3,1464,4641,2104
Ambaji,2025-02-18,17,Tuesday,0,0,0,Sunny,36.0,2104,5833,2575
Ambaji,2025-02-18,18,Tuesday,0,0,0,Sunny,34.1,2575,6419,2678
Ambaji,2025-02-18,19,Tuesday,0,0,0,Sunny,32.0,2678,5509,1830
Ambaji,2025-02-18,20,Tuesday,0,0,0,Sunny,31.6,1830,4558,1218
Ambaji,2025-02-18,21,Tuesday,0,0,0,Sunny,29.7,1218,3465,870
Ambaji,2025-02-18,22,Tuesday,0,0,0,Sunny,27.8,870,2413,386
Ambaji,2025-02-18,23,Tuesday,0,0,0,Sunny,24.7,386,1445,115
Ambaji,2025-02-19,0,Wednesday,0,0,0,Rainy,23.3,115,776,27
Ambaji,2025-02-19,1,Wednesday,0,0,0,Rainy,23.8,27,443,22
Ambaji,2025-02-19,2,Wednesday,0,0,0,Rainy,22.3,22,267,20
Ambaji,2025-02-19,3,Wednesday,0,0,0,Rainy,22.7,20,208,42
Ambaji,2025-02-19,4,Wednesday,0,0,0,Rainy,23.3,42,664,411
Ambaji,2025-02-19,5,Wednesday,0,0,0,Rainy,24.0,411,1452,816
Ambaji,2025-02-19,6,Wednesday,0,0,0,Rainy,25.6,816,2234,1077
Ambaji,2025-02-19,7,Wednesday,0,0,0,Rainy,26.9,1077,3137,1484
Ambaji,2025-02-19,8,Wednesday,0,0,0,Rainy,29.1,1484,3527,1417
Ambaji,2025-02-19,9,Wednesday,0,0,0,Rainy,31.2,1417,3617,1309
Ambaji,2025-02-19,10,Wednesday,0,0,0,Rainy,31.8,1309,3696,1229
Ambaji,2025-02-19,11,Wednesday,0,0,0,Rainy,32.6,1229,3443,1161
Ambaji,2025-02-19,12,Wednesday,0,0,0,Rainy,34.3,1161,2729,645
Ambaji,2025-02-19,13,Wednesday,0,0,0,Rainy,35.2,645,2265,621
Ambaji,2025-02-19,14,Wednesday,0,0,0,Rainy,35.4,621,1951,616
Ambaji,2025-02-19,15,Wednesday,0,0,0,Heavy Rain,34.4,616,1693,530
Ambaji,2025-02-19,16,Wednesday,0,0,0,Rainy,34.6,530,2457,1172
Ambaji,2025-02-19,17,Wednesday,0,0,0,Heavy Rain,33.0,1172,2688,986
Ambaji,2025-02-19,18,Wednesday,0,0,0,Rainy,32.0,986,4426,2253
Ambaji,2025-02-19,19,Wednesday,0,0,0,Rainy,31.1,2253,4826,1858
Ambaji,2025-02-19,20,Wednesday,0,0,0,Rainy,28.1,1858,3942,1118
Ambaji,2025-02-19,21,Wednesday,0,0,0,Rainy,27.0,1118,3029,818
Ambaji,2025-02-19,22,Wednesday,0,0,0,Rainy,25.7,818,1887,249
Ambaji,2025-02-19,23,Wednesday,0,0,0,Rainy,24.6,249,1100,96
Ambaji,2025-02-20,0,Thursday,0,0,0,Sunny,18.6,96,677,37
Ambaji,2025-02-20,1,Thursday,0,0,0,Sunny,17.7,37,401,32
Ambaji,2025-02-20,2,Thursday,0,0,0,Sunny,17.4,32,234,24
Ambaji,2025-02-20,3,Thursday,0,0,0,Sunny,17.4,24,217,71
Ambaji,2025-02-20,4,Thursday,0,0,0,Sunny,17.0,71,722,456
Ambaji,2025-02-20,5,Thursday,0,0,0,Sunny,19.0,456,1722,1006
Ambaji,2025-02-20,6,Thursday,0,0,0,Sunny,21.6,1006,3775,2098
Ambaji,2025-02-20,7,Thursday,0,0,0,Sunny,23.0,2098,5354,2568
Ambaji,2025-02-20,8,Thursday,0,0,0,Sunny,22.8,2568,6345,2850
Ambaji,2025-02-20,9,Thursday,0,0,0,Sunny,25.0,2850,5671,1745
Ambaji,2025-02-20,10,Thursday,0,0,0,Sunny,27.2,1745,5768,1986
Ambaji,2025-02-20,11,Thursday,0,0,0,Sunny,29.3,1986,5514,1551
Ambaji,2025-02-20,12,Thursday,0,0,0,Sunny,29.3,1551,4440,1230
Ambaji,2025-02-20,13,Thursday,0,0,0,Sunny,30.8,1230,3947,1088
Ambaji,2025-02-20,14,Thursday,0,0,0,Sunny,30.1,1088,3454,1003
Ambaji,2025-02-20,15,Thursday,0,0,0,Sunny,28.8,1003,3771,1450
Ambaji,2025-02-20,16,Thursday,0,0,0,Sunny,30.6,1450,4765,2067
Ambaji,2025-02-20,17,Thursday,0,0,0,Sunny,28.0,2067,5326,2102
Ambaji,2025-02-20,18,Thursday,0,0,0,Sunny,26.8,2102,5821,2382
Ambaji,2025-02-20,19,Thursday,0,0,0,Sunny,24.8,2382,5944,2212
Ambaji,2025-02-20,20,Thursday,0,0,0,Sunny,22.7,2212,5476,1705
Ambaji,2025-02-20,21,Thursday,0,0,0,Sunny,21.7,1705,4145,898
Ambaji,2025-02-20,22,Thursday,0,0,0,Sunny,19.9,898,2749,357
Ambaji,2025-02-20,23,Thursday,0,0,0,Sunny,18.9,357,1499,135
Ambaji,2025-02-21,0,Friday,0,0,0,Sunny,21.1,135,842,47
Ambaji,2025-02-21,1,Friday,0,0,0,Sunny,21.6,47,478,27
Ambaji,2025-02-21,2,Friday,0,0,0,Sunny,20.1,27,285,33
Ambaji,2025-02-21,3,Friday,0,0,0,Sunny,20.8,33,267,89
Ambaji,2025-02-21,4,Friday,0,0,0,Sunny,22.3,89,956,599
Ambaji,2025-02-21,5,Friday,0,0,0,Sunny,22.4,599,2317,1348
Ambaji,2025-02-21,6,Friday,0,0,0,Sunny,24.2,1348,3798,1894
Ambaji,2025-02-21,7,Friday,0,0,0,Sunny,25.5,1894,6097,2912
Ambaji,2025-02-21,8,Friday,0,0,0,Sunny,28.4,2912,7808,3520
Ambaji,2025-02-21,9,Friday,0,0,0,Sunny,30.0,3520,7139,2316
Ambaji,2025-02-21,10,Friday,0,0,0,Sunny,32.2,2316,6747,2095
Ambaji,2025-02-21,11,Friday,0,0,0,Sunny,33.1,2095,6129,2106
Ambaji,2025-02-21,12,Friday,0,0,0,Sunny,33.9,2106,5067,1264
Ambaji,2025-02-21,13,Friday,0,0,0,Sunny,33.2,1264,4255,1178
Ambaji,2025-02-21,14,Friday,0,0,0,Sunny,33.2,1178,3672,1231
Ambaji,2025-02-21,15,Friday,0,0,0,Sunny,33.8,1231,4482,1892
Ambaji,2025-02-21,16,Friday,0,0,0,Sunny,33.7,1892,5244,2061
Ambaji,2025-02-21,17,Friday,0,0,0,Sunny,32.5,2061,6784,2910
Ambaji,2025-02-21,18,Friday,0,0,0,Sunny,30.5,2910,7959,3227
Ambaji,2025-02-21,19,Friday,0,0,0,Sunny,29.2,3227,7999,2786
Ambaji,2025-02-21,20,Friday,0,0,0,Sunny,27.7,2786,6836,1902
Ambaji,2025-02-21,21,Friday,0,0,0,Sunny,26.5,1902,5287,1136
Ambaji,2025-02-21,22,Friday,0,0,0,Sunny,24.9,1136,3083,390
Ambaji,2025-02-21,23,Friday,0,0,0,Sunny,23.8,390,1827,156
Ambaji,2025-02-22,0,Saturday,1,0,0,Sunny,17.3,156,1042,67
Ambaji,2025-02-22,1,Saturday,1,0,0,Sunny,17.0,67,621,47
Ambaji,2025-02-22,2,Saturday,1,0,0,Sunny,17.0,47,419,40
Ambaji,2025-02-22,3,Saturday,1,0,0,Sunny,17.0,40,365,103
Ambaji,2025-02-22,4,Saturday,1,0,0,Sunny,17.0,103,1123,688
Ambaji,2025-02-22,5,Saturday,1,0,0,Sunny,17.2,688,3339,2030
Ambaji,2025-02-22,6,Saturday,1,0,0,Sunny,18.9,2030,5951,3064
Ambaji,2025-02-22,7,Saturday,1,0,0,Sunny,20.8,3064,9901,4912
Ambaji,2025-02-22,8,Saturday,1,0,0,Sunny,22.7,4912,10110,3703
Ambaji,2025-02-22,9,Saturday,1,0,0,Sunny,24.4,3703,10117,3348
Ambaji,2025-02-22,10,Saturday,1,0,0,Sunny,25.2,3348,9035,2905
Ambaji,2025-02-22,11,Saturday,1,0,0,Sunny,27.6,2905,7433,2339
Ambaji,2025-02-22,12,Saturday,1,0,0,Sunny,28.8,2339,5952,1699
Ambaji,2025-02-22,13,Saturday,1,0,0,Sunny,28.4,1699,5595,1927
Ambaji,2025-02-22,14,Saturday,1,0,0,Sunny,29.0,1927,5167,1805
Ambaji,2025-02-22,15,Saturday,1,0,0,Sunny,28.4,1805,5661,2108
Ambaji,2025-02-22,16,Saturday,1,0,0,Sunny,28.2,2108,8746,4375
Ambaji,2025-02-22,17,Saturday,1,0,0,Sunny,26.6,4375,11332,4847
Ambaji,2025-02-22,18,Saturday,1,0,0,Sunny,26.0,4847,11566,3822
Ambaji,2025-02-22,19,Saturday,1,0,0,Sunny,24.1,3822,10952,3403
Ambaji,2025-02-22,20,Saturday,1,0,0,Sunny,22.4,3403,8861,2337
Ambaji,2025-02-22,21,Saturday,1,0,0,Sunny,20.2,2337,5880,1093
Ambaji,2025-02-22,22,Saturday,1,0,0,Sunny,18.8,1093,3935,585
Ambaji,2025-02-22,23,Saturday,1,0,0,Sunny,17.2,585,2240,237
Ambaji,2025-02-23,0,Sunday,1,0,0,Clear,23.4,237,1268,113
Ambaji,2025-02-23,1,Sunday,1,0,0,Clear,25.2,113,779,69
Ambaji,2025-02-23,2,Sunday,1,0,0,Clear,24.5,69,497,66
Ambaji,2025-02-23,3,Sunday,1,0,0,Clear,24.9,66,470,164
Ambaji,2025-02-23,4,Sunday,1,0,0,Clear,25.1,164,1446,878
Ambaji,2025-02-23,5,Sunday,1,0,0,Clear,26.6,878,4577,2801
Ambaji,2025-02-23,6,Sunday,1,0,0,Clear,27.2,2801,8052,4310
Ambaji,2025-02-23,7,Sunday,1,0,0,Clear,29.9,4310,11261,5187
Ambaji,2025-02-23,8,Sunday,1,0,0,Clear,30.7,5187,12222,5094
Ambaji,2025-02-23,9,Sunday,1,0,0,Clear,32.3,5094,13149,5053
Ambaji,2025-02-23,10,Sunday,1,0,0,Clear,34.5,5053,13376,4651
Ambaji,2025-02-23,11,Sunday,1,0,0,Clear,35.5,4651,11441,3581
Ambaji,2025-02-23,12,Sunday,1,0,0,Clear,36.5,3581,9749,2613
Ambaji,2025-02-23,13,Sunday,1,0,0,Clear,36.9,2613,7960,2184
Ambaji,2025-02-23,14,Sunday,1,0,0,Clear,36.6,2184,8790,3270
Ambaji,2025-02-23,15,Sunday,1,0,0,Clear,36.2,3270,9438,3918
Ambaji,2025-02-23,16,Sunday,1,0,0,Clear,36.9,3918,10819,4313
Ambaji,2025-02-23,17,Sunday,1,0,0,Clear,34.1,4313,12563,5041
Ambaji,2025-02-23,18,Sunday,1,0,0,Clear,33.4,5041,14686,5702
Ambaji,2025-02-23,19,Sunday,1,0,0,Clear,33.6,5702,15036,5790
Ambaji,2025-02-23,20,Sunday,1,0,0,Clear,31.6,5790,12044,3218
Ambaji,2025-02-23,21,Sunday,1,0,0,Clear,28.9,3218,10399,2852
Ambaji,2025-02-23,22,Sunday,1,0,0,Clear,26.9,2852,6848,866
Ambaji,2025-02-23,23,Sunday,1,0,0,Clear,25.5,866,3765,332
Ambaji,2025-02-24,0,Monday,0,0,0,Sunny,26.3,332,2077,48
Ambaji,2025-02-24,1,Monday,0,0,0,Sunny,26.8,48,1126,27
Ambaji,2025-02-24,2,Monday,0,0,0,Sunny,26.2,27,628,28
Ambaji,2025-02-24,3,Monday,0,0,0,Sunny,27.1,28,415,80
Ambaji,2025-02-24,4,Monday,0,0,0,Sunny,27.6,80,977,565
Ambaji,2025-02-24,5,Monday,0,0,0,Sunny,28.4,565,1990,1114
Ambaji,2025-02-24,6,Monday,0,0,0,Sunny,29.2,1114,3801,2068
Ambaji,2025-02-24,7,Monday,0,0,0,Sunny,31.6,2068,5847,2783
Ambaji,2025-02-24,8,Monday,0,0,0,Sunny,34.0,2783,6526,2562
Ambaji,2025-02-24,9,Monday,0,0,0,Sunny,34.7,2562,6581,2293
Ambaji,2025-02-24,10,Monday,0,0,0,Sunny,35.1,2293,5899,2009
Ambaji,2025-02-24,11,Monday,0,0,0,Sunny,36.9,2009,5410,1758
Ambaji,2025-02-24,12,Monday,0,0,0,Sunny,39.0,1758,4442,1091
Ambaji,2025-02-24,13,Monday,0,0,0,Sunny,39.1,1091,3382,775
Ambaji,2025-02-24,14,Monday,0,0,0,Sunny,38.1,775,3031,1000
Ambaji,2025-02-24,15,Monday,0,0,0,Sunny,38.6,1000,3441,1442
Ambaji,2025-02-24,16,Monday,0,0,0,Sunny,37.7,1442,5027,2443
Ambaji,2025-02-24,17,Monday,0,0,0,Sunny,36.1,2443,5725,2413
Ambaji,2025-02-24,18,Monday,0,0,0,Sunny,35.6,2413,6924,2973
Ambaji,2025-02-24,19,Monday,0,0,0,Sunny,33.8,2973,6998,2363
Ambaji,2025-02-24,20,Monday,0,0,0,Sunny,33.1,2363,5126,1252
Ambaji,2025-02-24,21,Monday,0,0,0,Sunny,31.1,1252,3907,952
Ambaji,2025-02-24,22,Monday,0,0,0,Sunny,28.9,952,2715,355
Ambaji,2025-02-24,23,Monday,0,0,0,Sunny,28.1,355,1616,151
Ambaji,2025-02-25,0,Tuesday,0,0,0,Clear,26.0,151,900,32
Ambaji,2025-02-25,1,Tuesday,0,0,0,Clear,26.1,32,524,29
Ambaji,2025-02-25,2,Tuesday,0,0,0,Clear,25.2,29,323,30
Ambaji,2025-02-25,3,Tuesday,0,0,0,Clear,26.4,30,299,84
Ambaji,2025-02-25,4,Tuesday,0,0,0,Clear,27.0,84,815,482
Ambaji,2025-02-25,5,Tuesday,0,0,0,Clear,27.3,482,1656,902
Ambaji,2025-02-25,6,Tuesday,0,0,0,Clear,28.5,902,3388,1867
Ambaji,2025-02-25,7,Tuesday,0,0,0,Clear,30.1,1867,4841,2196
Ambaji,2025-02-25,8,Tuesday,0,0,0,Clear,32.4,2196,5810,2408
Ambaji,2025-02-25,9,Tuesday,0,0,0,Clear,34.4,2408,5831,2042
Ambaji,2025-02-25,10,Tuesday,0,0,0,Clear,35.1,2042,5142,1638
Ambaji,2025-02-25,11,Tuesday,0,0,0,Clear,37.4,1638,4694,1510
Ambaji,2025-02-25,12,Tuesday,0,0,0,Clear,38.6,1510,3861,1078
Ambaji,2025-02-25,13,Tuesday,0,0,0,Clear,38.2,1078,2963,817
Ambaji,2025-02-25,14,Tuesday,0,0,0,Clear,39.1,817,2835,987
Ambaji,2025-02-25,15,Tuesday,0,0,0,Clear,38.7,987,3711,1606
Ambaji,2025-02-25,16,Tuesday,0,0,0,Clear,38.1,1606,4670,2174
Ambaji,2025-02-25,17,Tuesday,0,0,0,Clear,38.2,2174,5842,2519
Ambaji,2025-02-25,18,Tuesday,0,0,0,Clear,35.2,2519,6347,2383
Ambaji,2025-02-25,19,Tuesday,0,0,0,Clear,34.5,2383,6195,2233
Ambaji,2025-02-25,20,Tuesday,0,0,0,Clear,31.8,2233,5481,1582
Ambaji,2025-02-25,21,Tuesday,0,0,0,Clear,30.7,1582,4309,1077
Ambaji,2025-02-25,22,Tuesday,0,0,0,Clear,29.1,1077,2943,419
Ambaji,2025-02-25,23,Tuesday,0,0,0,Clear,26.9,419,1659,113
Ambaji,2025-02-26,0,Wednesday,0,1,1,Clear,23.2,113,975,94
Ambaji,2025-02-26,1,Wednesday,0,1,1,Clear,23.0,94,611,55
Ambaji,2025-02-26,2,Wednesday,0,1,1,Clear,22.4,55,400,47
Ambaji,2025-02-26,3,Wednesday,0,1,1,Clear,22.6,47,387,123
Ambaji,2025-02-26,4,Wednesday,0,1,1,Clear,24.8,123,1590,1038
Ambaji,2025-02-26,5,Wednesday,0,1,1,Clear,24.5,1038,4552,2753
Ambaji,2025-02-26,6,Wednesday,0,1,1,Clear,25.5,2753,10180,5871
Ambaji,2025-02-26,7,Wednesday,0,1,1,Clear,26.9,5871,12824,5744
Ambaji,2025-02-26,8,Wednesday,0,1,1,Clear,29.4,5744,12784,4437
Ambaji,2025-02-26,9,Wednesday,0,1,1,Clear,30.7,4437,10876,3615
Ambaji,2025-02-26,10,Wednesday,0,1,1,Clear,31.6,3615,11487,4343
Ambaji,2025-02-26,11,Wednesday,0,1,1,Clear,34.1,4343,9446,2633
Ambaji,2025-02-26,12,Wednesday,0,1,1,Clear,34.5,2633,8120,2110
Ambaji,2025-02-26,13,Wednesday,0,1,1,Clear,36.3,2110,6567,1684
Ambaji,2025-02-26,14,Wednesday,0,1,1,Clear,35.1,1684,7146,2824
Ambaji,2025-02-26,15,Wednesday,0,1,1,Clear,34.9,2824,9059,3673
Ambaji,2025-02-26,16,Wednesday,0,1,1,Clear,34.7,3673,10434,4197
Ambaji,2025-02-26,17,Wednesday,0,1,1,Clear,34.3,4197,12330,5158
Ambaji,2025-02-26,18,Wednesday,0,1,1,Clear,32.3,5158,12661,4881
Ambaji,2025-02-26,19,Wednesday,0,1,1,Clear,30.7,4881,12808,4773
Ambaji,2025-02-26,20,Wednesday,0,1,1,Clear,29.0,4773,10659,3120
Ambaji,2025-02-26,21,Wednesday,0,1,1,Clear,27.4,3120,8392,1872
Ambaji,2025-02-26,22,Wednesday,0,1,1,Clear,26.2,1872,5719,849
Ambaji,2025-02-26,23,Wednesday,0,1,1,Clear,25.1,849,3317,308
Ambaji,2025-02-27,0,Thursday,0,0,0,Clear,28.9,308,1719,40
Ambaji,2025-02-27,1,Thursday,0,0,0,Clear,27.5,40,862,30
Ambaji,2025-02-27,2,Thursday,0,0,0,Clear,27.3,30,486,31
Ambaji,2025-02-27,3,Thursday,0,0,0,Clear,27.9,31,369,78
Ambaji,2025-02-27,4,Thursday,0,0,0,Clear,28.1,78,839,473
Ambaji,2025-02-27,5,Thursday,0,0,0,Clear,30.0,473,1809,1018
Ambaji,2025-02-27,6,Thursday,0,0,0,Clear,31.0,1018,3937,2182
Ambaji,2025-02-27,7,Thursday,0,0,0,Clear,32.8,2182,4785,2049
Ambaji,2025-02-27,8,Thursday,0,0,0,Clear,34.0,2049,6521,3009
Ambaji,2025-02-27,9,Thursday,0,0,0,Clear,36.6,3009,6162,2114
Ambaji,2025-02-27,10,Thursday,0,0,0,Clear,37.7,2114,6300,2318
Ambaji,2025-02-27,11,Thursday,0,0,0,Clear,37.3,2318,5091,1308
Ambaji,2025-02-27,12,Thursday,0,0,0,Clear,39.0,1308,3984,989
Ambaji,2025-02-27,13,Thursday,0,0,0,Clear,39.1,989,3190,918
Ambaji,2025-02-27,14,Thursday,0,0,0,Clear,39.9,918,3000,1059
Ambaji,2025-02-27,15,Thursday,0,0,0,Clear,40.0,1059,3883,1742
Ambaji,2025-02-27,16,Thursday,0,0,0,Clear,39.5,1742,4463,1893
Ambaji,2025-02-27,17,Thursday,0,0,0,Clear,38.1,1893,4903,2027
Ambaji,2025-02-27,18,Thursday,0,0,0,Clear,38.4,2027,5500,2463
Ambaji,2025-02-27,19,Thursday,0,0,0,Clear,35.5,2463,5317,1814
Ambaji,2025-02-27,20,Thursday,0,0,0,Clear,34.1,1814,4996,1657
Ambaji,2025-02-27,21,Thursday,0,0,0,Clear,32.2,1657,3676,806
Ambaji,2025-02-27,22,Thursday,0,0,0,Clear,31.4,806,2580,512
Ambaji,2025-02-27,23,Thursday,0,0,0,Clear,29.4,512,1639,146
Ambaji,2025-02-28,0,Friday,0,0,0,Cloudy,19.1,146,958,48
Ambaji,2025-02-28,1,Friday,0,0,0,Cloudy,18.2,48,561,29
Ambaji,2025-02-28,2,Friday,0,0,0,Cloudy,19.1,29,351,35
Ambaji,2025-02-28,3,Friday,0,0,0,Cloudy,18.7,35,320,101
Ambaji,2025-02-28,4,Friday,0,0,0,Cloudy,17.8,101,869,523
Ambaji,2025-02-28,5,Friday,0,0,0,Cloudy,21.2,523,1959,1098
Ambaji,2025-02-28,6,Friday,0,0,0,Cloudy,22.4,1098,3510,1851
Ambaji,2025-02-28,7,Friday,0,0,0,Cloudy,23.2,1851,5380,2686
Ambaji,2025-02-28,8,Friday,0,0,0,Cloudy,25.4,2686,6512,2767
Ambaji,2025-02-28,9,Friday,0,0,0,Cloudy,28.3,2767,6355,2442
Ambaji,2025-02-28,10,Friday,0,0,0,Cloudy,29.3,2442,6274,2442
Ambaji,2025-02-28,11,Friday,0,0,0,Cloudy,29.7,2442,5877,1873
Ambaji,2025-02-28,12,Friday,0,0,0,Cloudy,31.1,1873,4585,1239
Ambaji,2025-02-28,13,Friday,0,0,0,Cloudy,30.4,1239,4137,1384
Ambaji,2025-02-28,14,Friday,0,0,0,Cloudy,32.1,1384,3762,1289
Ambaji,2025-02-28,15,Friday,0,0,0,Cloudy,32.9,1289,4105,1538
Ambaji,2025-02-28,16,Friday,0,0,0,Cloudy,31.5,1538,4823,1999
Ambaji,2025-02-28,17,Friday,0,0,0,Cloudy,29.1,1999,7328,3436
Ambaji,2025-02-28,18,Friday,0,0,0,Cloudy,29.0,3436,7660,3127
Ambaji,2025-02-28,19,Friday,0,0,0,Cloudy,26.7,3127,7062,2387
Ambaji,2025-02-28,20,Friday,0,0,0,Cloudy,25.2,2387,6500,2168
Ambaji,2025-02-28,21,Friday,0,0,0,Cloudy,23.5,2168,4736,1182
Ambaji,2025-02-28,22,Friday,0,0,0,Cloudy,21.5,1182,3042,424
Ambaji,2025-02-28,23,Friday,0,0,0,Cloudy,20.5,424,1730,149
Ambaji,2025-03-01,0,Saturday,1,0,0,Sunny,18.7,149,947,72
Ambaji,2025-03-01,1,Saturday,1,0,0,Sunny,17.8,72,549,44
Ambaji,2025-03-01,2,Saturday,1,0,0,Sunny,18.4,44,354,43
Ambaji,2025-03-01,3,Saturday,1,0,0,Sunny,18.4,43,325,111
Ambaji,2025-03-01,4,Saturday,1,0,0,Sunny,19.3,111,1117,702
Ambaji,2025-03-01,5,Saturday,1,0,0,Sunny,19.9,702,2782,1639
Ambaji,2025-03-01,6,Saturday,1,0,0,Sunny,20.8,1639,4911,2491
Ambaji,2025-03-01,7,Saturday,1,0,0,Sunny,22.6,2491,7599,3750
Ambaji,2025-03-01,8,Saturday,1,0,0,Sunny,25.3,3750,11038,5226
Ambaji,2025-03-01,9,Saturday,1,0,0,Sunny,26.3,5226,9686,3230
Ambaji,2025-03-01,10,Saturday,1,0,0,Sunny,26.9,3230,8358,2850
Ambaji,2025-03-01,11,Saturday,1,0,0,Sunny,30.0,2850,7950,2710
Ambaji,2025-03-01,12,Saturday,1,0,0,Sunny,31.1,2710,6092,1576
Ambaji,2025-03-01,13,Saturday,1,0,0,Sunny,29.9,1576,5363,1721
Ambaji,2025-03-01,14,Saturday,1,0,0,Sunny,31.3,1721,5878,2147
Ambaji,2025-03-01,15,Saturday,1,0,0,Sunny,31.0,2147,6401,2580
Ambaji,2025-03-01,16,Saturday,1,0,0,Sunny,31.4,2580,7640,3184
Ambaji,2025-03-01,17,Saturday,1,0,0,Sunny,29.1,3184,10298,4656
Ambaji,2025-03-01,18,Saturday,1,0,0,Sunny,28.4,4656,11449,4558
Ambaji,2025-03-01,19,Saturday,1,0,0,Sunny,26.9,4558,10711,3736
Ambaji,2025-03-01,20,Saturday,1,0,0,Sunny,24.0,3736,9516,2736
Ambaji,2025-03-01,21,Saturday,1,0,0,Sunny,23.9,2736,6665,1267
Ambaji,2025-03-01,22,Saturday,1,0,0,Sunny,21.6,1267,4580,696
Ambaji,2025-03-01,23,Saturday,1,0,0,Sunny,20.3,696,2529,199
Ambaji,2025-03-02,0,Sunday,1,0,0,Cloudy,24.3,199,1350,77
Ambaji,2025-03-02,1,Sunday,1,0,0,Cloudy,24.0,77,787,60
Ambaji,2025-03-02,2,Sunday,1,0,0,Cloudy,24.0,60,474,54
Ambaji,2025-03-02,3,Sunday,1,0,0,Cloudy,23.3,54,475,162
Ambaji,2025-03-02,4,Sunday,1,0,0,Cloudy,23.3,162,1724,1086
Ambaji,2025-03-02,5,Sunday,1,0,0,Cloudy,24.2,1086,3962,2311
Ambaji,2025-03-02,6,Sunday,1,0,0,Cloudy,26.3,2311,6393,3103
Ambaji,2025-03-02,7,Sunday,1,0,0,Cloudy,28.1,3103,9847,4791
Ambaji,2025-03-02,8,Sunday,1,0,0,Cloudy,29.4,4791,12272,5011
Ambaji,2025-03-02,9,Sunday,1,0,0,Cloudy,32.8,5011,13163,4771
Ambaji,2025-03-02,10,Sunday,1,0,0,Cloudy,33.5,4771,11479,3668
Ambaji,2025-03-02,11,Sunday,1,0,0,Cloudy,35.6,3668,10712,3009
Ambaji,2025-03-02,12,Sunday,1,0,0,Cloudy,35.4,3009,9539,3003
Ambaji,2025-03-02,13,Sunday,1,0,0,Cloudy,36.9,3003,8773,2569
Ambaji,2025-03-02,14,Sunday,1,0,0,Cloudy,36.3,2569,7675,2381
Ambaji,2025-03-02,15,Sunday,1,0,0,Cloudy,36.2,2381,8572,3515
Ambaji,2025-03-02,16,Sunday,1,0,0,Cloudy,36.4,3515,10169,4204
Ambaji,2025-03-02,17,Sunday,1,0,0,Rainy,34.7,4204,10918,4165
Ambaji,2025-03-02,18,Sunday,1,0,0,Cloudy,34.0,4165,14536,6722
Ambaji,2025-03-02,19,Sunday,1,0,0,Cloudy,31.4,6722,12872,4346
Ambaji,2025-03-02,20,Sunday,1,0,0,Cloudy,30.3,4346,12220,3905
Ambaji,2025-03-02,21,Sunday,1,0,0,Cloudy,29.0,3905,9848,2385
Ambaji,2025-03-02,22,Sunday,1,0,0,Cloudy,25.4,2385,6580,898
Ambaji,2025-03-02,23,Sunday,1,0,0,Cloudy,24.6,898,3934,314
Ambaji,2025-03-03,0,Monday,0,0,0,Cloudy,17.0,314,2164,42
Ambaji,2025-03-03,1,Monday,0,0,0,Cloudy,17.0,42,1185,23
Ambaji,2025-03-03,2,Monday,0,0,0,Cloudy,17.0,23,690,23
Ambaji,2025-03-03,3,Monday,0,0,0,Cloudy,17.0,23,421,57
Ambaji,2025-03-03,4,Monday,0,0,0,Cloudy,17.0,57,816,440
Ambaji,2025-03-03,5,Monday,0,0,0,Cloudy,17.0,440,2004,1154
Ambaji,2025-03-03,6,Monday,0,0,0,Cloudy,19.2,1154,3553,1824
Ambaji,2025-03-03,7,Monday,0,0,0,Cloudy,20.3,1824,4786,2095
Ambaji,2025-03-03,8,Monday,0,0,0,Cloudy,22.4,2095,5528,2290
Ambaji,2025-03-03,9,Monday,0,0,0,Cloudy,23.5,2290,6692,2827
Ambaji,2025-03-03,10,Monday,0,0,0,Cloudy,25.6,2827,6039,2052
Ambaji,2025-03-03,11,Monday,0,0,0,Cloudy,27.5,2052,5368,1437
Ambaji,2025-03-03,12,Monday,0,0,0,Cloudy,27.8,1437,4087,1218
Ambaji,2025-03-03,13,Monday,0,0,0,Cloudy,27.9,1218,3135,908
Ambaji,2025-03-03,14,Monday,0,0,0,Cloudy,29.2,908,3209,1186
Ambaji,2025-03-03,15,Monday,0,0,0,Cloudy,28.1,1186,3354,1269
Ambaji,2025-03-03,16,Monday,0,0,0,Cloudy,28.0,1269,4377,1935
Ambaji,2025-03-03,17,Monday,0,0,0,Cloudy,27.2,1935,5668,2630
Ambaji,2025-03-03,18,Monday,0,0,0,Cloudy,25.6,2630,6573,2526
Ambaji,2025-03-03,19,Monday,0,0,0,Cloudy,24.0,2526,6243,1985
Ambaji,2025-03-03,20,Monday,0,0,0,Cloudy,22.5,1985,5162,1461
Ambaji,2025-03-03,21,Monday,0,0,0,Cloudy,20.3,1461,4183,1090
Ambaji,2025-03-03,22,Monday,0,0,0,Cloudy,19.3,1090,2725,380
Ambaji,2025-03-03,23,Monday,0,0,0,Cloudy,18.3,380,1599,129
Ambaji,2025-03-04,0,Tuesday,0,0,0,Clear,19.5,129,932,34
Ambaji,2025-03-04,1,Tuesday,0,0,0,Clear,18.5,34,527,28
Ambaji,2025-03-04,2,Tuesday,0,0,0,Clear,18.8,28,285,31
Ambaji,2025-03-04,3,Tuesday,0,0,0,Clear,18.9,31,211,57
Ambaji,2025-03-04,4,Tuesday,0,0,0,Clear,18.9,57,716,452
Ambaji,2025-03-04,5,Tuesday,0,0,0,Clear,21.3,452,1638,942
Ambaji,2025-03-04,6,Tuesday,0,0,0,Clear,21.9,942,3153,1718
Ambaji,2025-03-04,7,Tuesday,0,0,0,Clear,23.2,1718,4917,2466
Ambaji,2025-03-04,8,Tuesday,0,0,0,Clear,25.2,2466,5985,2509
Ambaji,2025-03-04,9,Tuesday,0,0,0,Clear,26.6,2509,6337,2327
Ambaji,2025-03-04,10,Tuesday,0,0,0,Clear,28.9,2327,5539,1712
Ambaji,2025-03-04,11,Tuesday,0,0,0,Clear,30.0,1712,4600,1278
Ambaji,2025-03-04,12,Tuesday,0,0,0,Clear,31.7,1278,3892,1145
Ambaji,2025-03-04,13,Tuesday,0,0,0,Clear,32.5,1145,3521,1133
Ambaji,2025-03-04,14,Tuesday,0,0,0,Clear,32.5,1133,2842,834
Ambaji,2025-03-04,15,Tuesday,0,0,0,Clear,31.9,834,3324,1256
Ambaji,2025-03-04,16,Tuesday,0,0,0,Clear,31.5,1256,4557,2097
Ambaji,2025-03-04,17,Tuesday,0,0,0,Clear,29.5,2097,5340,2178
Ambaji,2025-03-04,18,Tuesday,0,0,0,Clear,28.4,2178,6550,2722
Ambaji,2025-03-04,19,Tuesday,0,0,0,Clear,27.1,2722,5932,1655
Ambaji,2025-03-04,20,Tuesday,0,0,0,Clear,25.3,1655,6073,2139
Ambaji,2025-03-04,21,Tuesday,0,0,0,Clear,23.6,2139,4123,951
Ambaji,2025-03-04,22,Tuesday,0,0,0,Clear,22.7,951,2630,526
Ambaji,2025-03-04,23,Tuesday,0,0,0,Clear,20.5,526,1599,127
Ambaji,2025-03-05,0,Wednesday,0,0,0,Clear,26.1,127,904,40
Ambaji,2025-03-05,1,Wednesday,0,0,0,Clear,24.3,40,501,30
Ambaji,2025-03-05,2,Wednesday,0,0,0,Clear,24.4,30,288,23
Ambaji,2025-03-05,3,Wednesday,0,0,0,Clear,23.7,23,236,66
Ambaji,2025-03-05,4,Wednesday,0,0,0,Clear,25.5,66,672,415
Ambaji,2025-03-05,5,Wednesday,0,0,0,Clear,25.0,415,1834,1112
Ambaji,2025-03-05,6,Wednesday,0,0,0,Clear,27.4,1112,3308,1715
Ambaji,2025-03-05,7,Wednesday,0,0,0,Clear,28.7,1715,6091,3117
Ambaji,2025-03-05,8,Wednesday,0,0,0,Clear,30.3,3117,6776,2306
Ambaji,2025-03-05,9,Wednesday,0,0,0,Clear,31.6,2306,6439,2157
Ambaji,2025-03-05,10,Wednesday,0,0,0,Clear,33.9,2157,5450,1495
Ambaji,2025-03-05,11,Wednesday,0,0,0,Clear,34.7,1495,5055,1798
Ambaji,2025-03-05,12,Wednesday,0,0,0,Clear,36.3,1798,3435,807
Ambaji,2025-03-05,13,Wednesday,0,0,0,Clear,36.5,807,3061,847
Ambaji,2025-03-05,14,Wednesday,0,0,0,Clear,37.2,847,3325,1306
Ambaji,2025-03-05,15,Wednesday,0,0,0,Clear,37.3,1306,3452,1327
Ambaji,2025-03-05,16,Wednesday,0,0,0,Clear,35.2,1327,4501,1987
Ambaji,2025-03-05,17,Wednesday,0,0,0,Clear,35.7,1987,5859,2431
Ambaji,2025-03-05,18,Wednesday,0,0,0,Clear,34.0,2431,6900,2891
Ambaji,2025-03-05,19,Wednesday,0,0,0,Clear,31.7,2891,6670,2295
Ambaji,2025-03-05,20,Wednesday,0,0,0,Clear,31.0,2295,5556,1648
Ambaji,2025-03-05,21,Wednesday,0,0,0,Clear,29.5,1648,4100,830
Ambaji,2025-03-05,22,Wednesday,0,0,0,Clear,28.0,830,2764,377
Ambaji,2025-03-05,23,Wednesday,0,0,0,Clear,26.1,377,1574,146
Ambaji,2025-03-06,0,Thursday,0,0,0,Clear,24.4,146,847,32
Ambaji,2025-03-06,1,Thursday,0,0,0,Clear,22.1,32,523,30
Ambaji,2025-03-06,2,Thursday,0,0,0,Clear,22.8,30,306,39
Ambaji,2025-03-06,3,Thursday,0,0,0,Clear,21.9,39,244,62
Ambaji,2025-03-06,4,Thursday,0,0,0,Clear,22.7,62,723,439
Ambaji,2025-03-06,5,Thursday,0,0,0,Clear,23.6,439,1581,898
Ambaji,2025-03-06,6,Thursday,0,0,0,Clear,25.6,898,3608,2091
Ambaji,2025-03-06,7,Thursday,0,0,0,Clear,26.9,2091,5328,2501
Ambaji,2025-03-06,8,Thursday,0,0,0,Clear,29.9,2501,6413,2685
Ambaji,2025-03-06,9,Thursday,0,0,0,Clear,31.2,2685,6248,2192
Ambaji,2025-03-06,10,Thursday,0,0,0,Clear,31.3,2192,6170,2138
Ambaji,2025-03-06,11,Thursday,0,0,0,Clear,34.3,2138,4720,1125
Ambaji,2025-03-06,12,Thursday,0,0,0,Clear,34.3,1125,4304,1314
Ambaji,2025-03-06,13,Thursday,0,0,0,Clear,35.7,1314,3514,912
Ambaji,2025-03-06,14,Thursday,0,0,0,Clear,35.2,912,3330,1152
Ambaji,2025-03-06,15,Thursday,0,0,0,Clear,36.9,1152,4254,1800
Ambaji,2025-03-06,16,Thursday,0,0,0,Clear,34.0,1800,5212,2207
Ambaji,2025-03-06,17,Thursday,0,0,0,Clear,34.5,2207,6175,2567
Ambaji,2025-03-06,18,Thursday,0,0,0,Clear,32.6,2567,5996,2154
Ambaji,2025-03-06,19,Thursday,0,0,0,Clear,31.0,2154,6430,2517
Ambaji,2025-03-06,20,Thursday,0,0,0,Clear,29.1,2517,5422,1359
Ambaji,2025-03-06,21,Thursday,0,0,0,Clear,28.0,1359,4279,1039
Ambaji,2025-03-06,22,Thursday,0,0,0,Clear,26.7,1039,2628,374
Ambaji,2025-03-06,23,Thursday,0,0,0,Clear,25.0,374,1494,155
Ambaji,2025-03-07,0,Friday,0,0,0,Sunny,22.1,155,803,53
Ambaji,2025-03-07,1,Friday,0,0,0,Sunny,21.6,53,413,27
Ambaji,2025-03-07,2,Friday,0,0,0,Sunny,21.4,27,263,38
Ambaji,2025-03-07,3,Friday,0,0,0,Sunny,20.9,38,269,99
Ambaji,2025-03-07,4,Friday,0,0,0,Sunny,21.8,99,1070,691
Ambaji,2025-03-07,5,Friday,0,0,0,Sunny,22.5,691,2335,1332
Ambaji,2025-03-07,6,Friday,0,0,0,Sunny,24.2,1332,3730,1855
Ambaji,2025-03-07,7,Friday,0,0,0,Sunny,25.9,1855,6173,3074
Ambaji,2025-03-07,8,Friday,0,0,0,Sunny,27.9,3074,7414,3123
Ambaji,2025-03-07,9,Friday,0,0,0,Sunny,29.7,3123,6541,2325
Ambaji,2025-03-07,10,Friday,0,0,0,Sunny,31.6,2325,6679,2444
Ambaji,2025-03-07,11,Friday,0,0,0,Sunny,33.0,2444,5640,1696
Ambaji,2025-03-07,12,Friday,0,0,0,Sunny,32.9,1696,4562,1379
Ambaji,2025-03-07,13,Friday,0,0,0,Sunny,33.6,1379,3805,1167
Ambaji,2025-03-07,14,Friday,0,0,0,Sunny,33.9,1167,3456,1050
Ambaji,2025-03-07,15,Friday,0,0,0,Sunny,33.6,1050,3776,1552
Ambaji,2025-03-07,16,Friday,0,0,0,Sunny,33.1,1552,4761,1931
Ambaji,2025-03-07,17,Friday,0,0,0,Sunny,30.9,1931,6195,2745
Ambaji,2025-03-07,18,Friday,0,0,0,Sunny,30.5,2745,7440,3220
Ambaji,2025-03-07,19,Friday,0,0,0,Sunny,30.2,3220,6454,2252
Ambaji,2025-03-07,20,Friday,0,0,0,Sunny,26.8,2252,6069,2024
Ambaji,2025-03-07,21,Friday,0,0,0,Sunny,26.3,2024,4671,1197
Ambaji,2025-03-07,22,Friday,0,0,0,Sunny,24.0,1197,3280,461
Ambaji,2025-03-07,23,Friday,0,0,0,Sunny,23.3,461,2050,202
Ambaji,2025-03-08,0,Saturday,1,0,0,Clear,22.6,202,1151,67
Ambaji,2025-03-08,1,Saturday,1,0,0,Clear,21.6,67,684,35
Ambaji,2025-03-08,2,Saturday,1,0,0,Clear,21.5,35,416,38
Ambaji,2025-03-08,3,Saturday,1,0,0,Clear,21.3,38,388,120
Ambaji,2025-03-08,4,Saturday,1,0,0,Clear,23.0,120,1236,769
Ambaji,2025-03-08,5,Saturday,1,0,0,Clear,23.1,769,2721,1540
Ambaji,2025-03-08,6,Saturday,1,0,0,Clear,24.7,1540,5032,2739
Ambaji,2025-03-08,7,Saturday,1,0,0,Clear,26.4,2739,7348,3615
Ambaji,2025-03-08,8,Saturday,1,0,0,Clear,28.7,3615,10925,5126
Ambaji,2025-03-08,9,Saturday,1,0,0,Clear,29.5,5126,11078,3674
Ambaji,2025-03-08,10,Saturday,1,0,0,Clear,30.8,3674,9994,3445
Ambaji,2025-03-08,11,Saturday,1,0,0,Clear,33.9,3445,9078,2446
Ambaji,2025-03-08,12,Saturday,1,0,0,Clear,35.0,2446,6939,1769
Ambaji,2025-03-08,13,Saturday,1,0,0,Clear,34.7,1769,5607,1534
Ambaji,2025-03-08,14,Saturday,1,0,0,Clear,33.8,1534,5170,1790
Ambaji,2025-03-08,15,Saturday,1,0,0,Clear,34.9,1790,6534,2775
Ambaji,2025-03-08,16,Saturday,1,0,0,Clear,34.2,2775,7391,2932
Ambaji,2025-03-08,17,Saturday,1,0,0,Clear,33.4,2932,8939,3758
Ambaji,2025-03-08,18,Saturday,1,0,0,Clear,31.4,3758,12044,5332
Ambaji,2025-03-08,19,Saturday,1,0,0,Clear,30.3,5332,10255,2917
Ambaji,2025-03-08,20,Saturday,1,0,0,Clear,28.1,2917,8474,2636
Ambaji,2025-03-08,21,Saturday,1,0,0,Clear,25.8,2636,6751,1555
Ambaji,2025-03-08,22,Saturday,1,0,0,Clear,24.5,1555,4688,641
Ambaji,2025-03-08,23,Saturday,1,0,0,Clear,23.3,641,2722,221
Ambaji,2025-03-09,0,Sunday,1,0,0,Sunny,18.8,221,1578,97
Ambaji,2025-03-09,1,Sunday,1,0,0,Sunny,19.7,97,930,55
Ambaji,2025-03-09,2,Sunday,1,0,0,Sunny,18.9,55,579,60
Ambaji,2025-03-09,3,Sunday,1,0,0,Sunny,19.6,60,505,148
Ambaji,2025-03-09,4,Sunday,1,0,0,Sunny,19.5,148,1902,1207
Ambaji,2025-03-09,5,Sunday,1,0,0,Sunny,20.4,1207,4427,2580
Ambaji,2025-03-09,6,Sunday,1,0,0,Sunny,21.8,2580,7727,4123
Ambaji,2025-03-09,7,Sunday,1,0,0,Sunny,23.0,4123,11771,5678
Ambaji,2025-03-09,8,Sunday,1,0,0,Sunny,24.2,5678,13560,5346
Ambaji,2025-03-09,9,Sunday,1,0,0,Sunny,27.0,5346,15546,5935
Ambaji,2025-03-09,10,Sunday,1,0,0,Sunny,28.6,5935,13946,4308
Ambaji,2025-03-09,11,Sunday,1,0,0,Sunny,30.7,4308,14416,5182
Ambaji,2025-03-09,12,Sunday,1,0,0,Sunny,31.1,5182,11316,2823
Ambaji,2025-03-09,13,Sunday,1,0,0,Sunny,32.1,2823,9438,2555
Ambaji,2025-03-09,14,Sunday,1,0,0,Sunny,31.5,2555,8179,2290
Ambaji,2025-03-09,15,Sunday,1,0,0,Sunny,31.5,2290,8408,3256
Ambaji,2025-03-09,16,Sunday,1,0,0,Sunny,31.1,3256,9662,3870
Ambaji,2025-03-09,17,Sunday,1,0,0,Sunny,30.2,3870,13320,6218
Ambaji,2025-03-09,18,Sunday,1,0,0,Sunny,27.6,6218,16478,6767
Ambaji,2025-03-09,19,Sunday,1,0,0,Sunny,26.4,6767,16670,5499
Ambaji,2025-03-09,20,Sunday,1,0,0,Sunny,25.2,5499,14115,3700
Ambaji,2025-03-09,21,Sunday,1,0,0,Sunny,22.8,3700,10253,1937
Ambaji,2025-03-09,22,Sunday,1,0,0,Sunny,21.4,1937,6425,934
Ambaji,2025-03-09,23,Sunday,1,0,0,Sunny,20.0,934,4136,383
Ambaji,2025-03-10,0,Monday,0,0,0,Sunny,24.9,383,2178,35
Ambaji,2025-03-10,1,Monday,0,0,0,Sunny,25.2,35,1255,27
Ambaji,2025-03-10,2,Monday,0,0,0,Sunny,23.7,27,700,20
Ambaji,2025-03-10,3,Monday,0,0,0,Sunny,24.7,20,481,70
Ambaji,2025-03-10,4,Monday,0,0,0,Sunny,23.6,70,813,415
Ambaji,2025-03-10,5,Monday,0,0,0,Sunny,25.9,415,2105,1236
Ambaji,2025-03-10,6,Monday,0,0,0,Sunny,26.3,1236,3745,1939
Ambaji,2025-03-10,7,Monday,0,0,0,Sunny,27.5,1939,5112,2368
Ambaji,2025-03-10,8,Monday,0,0,0,Sunny,30.0,2368,6218,2750
Ambaji,2025-03-10,9,Monday,0,0,0,Sunny,32.3,2750,6743,2470
Ambaji,2025-03-10,10,Monday,0,0,0,Sunny,33.0,2470,5764,1636
Ambaji,2025-03-10,11,Monday,0,0,0,Sunny,34.9,1636,6145,2281
Ambaji,2025-03-10,12,Monday,0,0,0,Sunny,36.1,2281,4482,1097
Ambaji,2025-03-10,13,Monday,0,0,0,Sunny,37.1,1097,3632,971
Ambaji,2025-03-10,14,Monday,0,0,0,Sunny,37.1,971,3374,1222
Ambaji,2025-03-10,15,Monday,0,0,0,Sunny,37.3,1222,3620,1391
Ambaji,2025-03-10,16,Monday,0,0,0,Sunny,36.9,1391,5115,2513
Ambaji,2025-03-10,17,Monday,0,0,0,Sunny,35.1,2513,5975,2604
Ambaji,2025-03-10,18,Monday,0,0,0,Sunny,34.2,2604,6874,2768
Ambaji,2025-03-10,19,Monday,0,0,0,Sunny,31.5,2768,6902,2354
Ambaji,2025-03-10,20,Monday,0,0,0,Sunny,30.4,2354,5644,1580
Ambaji,2025-03-10,21,Monday,0,0,0,Sunny,28.8,1580,4399,986
Ambaji,2025-03-10,22,Monday,0,0,0,Sunny,26.7,986,2819,363
Ambaji,2025-03-10,23,Monday,0,0,0,Sunny,25.4,363,1674,154
Ambaji,2025-03-11,0,Tuesday,0,0,0,Clear,25.3,154,866,36
Ambaji,2025-03-11,1,Tuesday,0,0,0,Clear,24.0,36,511,24
Ambaji,2025-03-11,2,Tuesday,0,0,0,Clear,24.0,24,297,22
Ambaji,2025-03-11,3,Tuesday,0,0,0,Clear,24.5,22,236,61
Ambaji,2025-03-11,4,Tuesday,0,0,0,Clear,25.8,61,786,489
Ambaji,2025-03-11,5,Tuesday,0,0,0,Clear,25.5,489,2274,1366
Ambaji,2025-03-11,6,Tuesday,0,0,0,Clear,27.9,1366,3280,1512
Ambaji,2025-03-11,7,Tuesday,0,0,0,Clear,28.9,1512,4450,2139
Ambaji,2025-03-11,8,Tuesday,0,0,0,Clear,30.2,2139,5822,2512
Ambaji,2025-03-11,9,Tuesday,0,0,0,Clear,33.1,2512,6120,2298
Ambaji,2025-03-11,10,Tuesday,0,0,0,Clear,34.0,2298,5834,1867
Ambaji,2025-03-11,11,Tuesday,0,0,0,Clear,35.7,1867,5314,1713
Ambaji,2025-03-11,12,Tuesday,0,0,0,Clear,36.1,1713,4167,1029
Ambaji,2025-03-11,13,Tuesday,0,0,0,Clear,37.3,1029,3673,1051
Ambaji,2025-03-11,14,Tuesday,0,0,0,Clear,36.7,1051,3425,1316
Ambaji,2025-03-11,15,Tuesday,0,0,0,Clear,38.7,1316,3612,1369
Ambaji,2025-03-11,16,Tuesday,0,0,0,Clear,36.7,1369,4519,1956
Ambaji,2025-03-11,17,Tuesday,0,0,0,Clear,35.6,1956,6079,2713
Ambaji,2025-03-11,18,Tuesday,0,0,0,Clear,33.7,2713,6950,2745
Ambaji,2025-03-11,19,Tuesday,0,0,0,Clear,32.3,2745,6645,2266
Ambaji,2025-03-11,20,Tuesday,0,0,0,Clear,30.8,2266,5061,1500
Ambaji,2025-03-11,21,Tuesday,0,0,0,Clear,28.9,1500,3954,982
Ambaji,2025-03-11,22,Tuesday,0,0,0,Clear,26.9,982,2611,434
Ambaji,2025-03-11,23,Tuesday,0,0,0,Clear,25.5,434,1513,168
Ambaji,2025-03-12,0,Wednesday,0,0,0,Clear,26.3,168,785,35
Ambaji,2025-03-12,1,Wednesday,0,0,0,Clear,25.9,35,469,28
Ambaji,2025-03-12,2,Wednesday,0,0,0,Clear,25.3,28,293,34
Ambaji,2025-03-12,3,Wednesday,0,0,0,Clear,25.9,34,223,56
Ambaji,2025-03-12,4,Wednesday,0,0,0,Clear,26.5,56,733,456
Ambaji,2025-03-12,5,Wednesday,0,0,0,Clear,26.8,456,1736,1002
Ambaji,2025-03-12,6,Wednesday,0,0,0,Clear,27.9,1002,3417,1919
Ambaji,2025-03-12,7,Wednesday,0,0,0,Clear,30.4,1919,5570,2765
Ambaji,2025-03-12,8,Wednesday,0,0,0,Clear,32.4,2765,6104,2186
Ambaji,2025-03-12,9,Wednesday,0,0,0,Clear,34.5,2186,5747,1962
Ambaji,2025-03-12,10,Wednesday,0,0,0,Clear,36.1,1962,5886,2286
Ambaji,2025-03-12,11,Wednesday,0,0,0,Clear,36.1,2286,4737,1488
Ambaji,2025-03-12,12,Wednesday,0,0,0,Clear,37.7,1488,3925,1214
Ambaji,2025-03-12,13,Wednesday,0,0,0,Clear,38.5,1214,3368,859
Ambaji,2025-03-12,14,Wednesday,0,0,0,Clear,38.3,859,3511,1342
Ambaji,2025-03-12,15,Wednesday,0,0,0,Clear,38.9,1342,3827,1492
Ambaji,2025-03-12,16,Wednesday,0,0,0,Clear,37.3,1492,4625,1984
Ambaji,2025-03-12,17,Wednesday,0,0,0,Clear,36.3,1984,6287,2827
Ambaji,2025-03-12,18,Wednesday,0,0,0,Clear,35.7,2827,6544,2448
Ambaji,2025-03-12,19,Wednesday,0,0,0,Clear,33.5,2448,6473,2193
Ambaji,2025-03-12,20,Wednesday,0,0,0,Clear,32.0,2193,5433,1436
Ambaji,2025-03-12,21,Wednesday,0,0,0,Clear,30.3,1436,3570,775
Ambaji,2025-03-12,22,Wednesday,0,0,0,Clear,28.8,775,2378,357
Ambaji,2025-03-12,23,Wednesday,0,0,0,Clear,26.8,357,1394,134
Ambaji,2025-03-13,0,Thursday,0,0,0,Sunny,25.7,134,810,41
Ambaji,2025-03-13,1,Thursday,0,0,0,Sunny,24.2,41,464,33
Ambaji,2025-03-13,2,Thursday,0,0,0,Sunny,23.1,33,291,22
Ambaji,2025-03-13,3,Thursday,0,0,0,Sunny,24.5,22,261,73
Ambaji,2025-03-13,4,Thursday,0,0,0,Sunny,23.9,73,755,460
Ambaji,2025-03-13,5,Thursday,0,0,0,Sunny,26.4,460,1647,947
Ambaji,2025-03-13,6,Thursday,0,0,0,Sunny,26.6,947,3695,2126
Ambaji,2025-03-13,7,Thursday,0,0,0,Sunny,28.6,2126,5252,2517
Ambaji,2025-03-13,8,Thursday,0,0,0,Sunny,29.6,2517,5557,2099
Ambaji,2025-03-13,9,Thursday,0,0,0,Sunny,32.6,2099,5935,2210
Ambaji,2025-03-13,10,Thursday,0,0,0,Sunny,33.0,2210,5589,1596
Ambaji,2025-03-13,11,Thursday,0,0,0,Sunny,36.1,1596,5146,1730
Ambaji,2025-03-13,12,Thursday,0,0,0,Sunny,36.2,1730,4333,1097
Ambaji,2025-03-13,13,Thursday,0,0,0,Sunny,37.3,1097,3615,1023
Ambaji,2025-03-13,14,Thursday,0,0,0,Sunny,37.7,1023,3516,1209
Ambaji,2025-03-13,15,Thursday,0,0,0,Sunny,36.6,1209,3740,1489
Ambaji,2025-03-13,16,Thursday,0,0,0,Sunny,36.4,1489,4426,2011
Ambaji,2025-03-13,17,Thursday,0,0,0,Sunny,35.2,2011,5255,2145
Ambaji,2025-03-13,18,Thursday,0,0,0,Sunny,34.3,2145,6239,2542
Ambaji,2025-03-13,19,Thursday,0,0,0,Sunny,32.7,2542,6377,2136
Ambaji,2025-03-13,20,Thursday,0,0,0,Sunny,30.2,2136,5930,1964
Ambaji,2025-03-13,21,Thursday,0,0,0,Sunny,28.4,1964,4157,921
Ambaji,2025-03-13,22,Thursday,0,0,0,Sunny,27.8,921,2771,340
Ambaji,2025-03-13,23,Thursday,0,0,0,Sunny,25.4,340,1648,152
Ambaji,2025-03-14,0,Friday,0,1,1,Clear,25.4,152,958,103
Ambaji,2025-03-14,1,Friday,0,1,1,Clear,24.2,103,601,76
Ambaji,2025-03-14,2,Friday,0,1,1,Clear,23.8,76,390,62
Ambaji,2025-03-14,3,Friday,0,1,1,Clear,25.0,62,444,177
Ambaji,2025-03-14,4,Friday,0,1,1,Clear,25.1,177,1762,1123
Ambaji,2025-03-14,5,Friday,0,1,1,Clear,26.0,1123,4143,2395
Ambaji,2025-03-14,6,Friday,0,1,1,Clear,26.7,2395,8494,4729
Ambaji,2025-03-14,7,Friday,0,1,1,Clear,29.4,4729,10705,5003
Ambaji,2025-03-14,8,Friday,0,1,1,Clear,31.5,5003,15969,7399
Ambaji,2025-03-14,9,Friday,0,1,1,Clear,33.3,7399,16362,6429
Ambaji,2025-03-14,10,Friday,0,1,1,Clear,34.2,6429,14150,4562
Ambaji,2025-03-14,11,Friday,0,1,1,Clear,37.4,4562,13800,4788
Ambaji,2025-03-14,12,Friday,0,1,1,Clear,37.0,4788,9892,1805
Ambaji,2025-03-14,13,Friday,0,1,1,Clear,37.1,1805,7978,2411
Ambaji,2025-03-14,14,Friday,0,1,1,Clear,37.6,2411,7840,2540
Ambaji,2025-03-14,15,Friday,0,1,1,Clear,37.1,2540,10807,5208
Ambaji,2025-03-14,16,Friday,0,1,1,Clear,37.2,5208,12200,5084
Ambaji,2025-03-14,17,Friday,0,1,1,Clear,34.8,5084,14680,5855
Ambaji,2025-03-14,18,Friday,0,1,1,Clear,34.9,5855,15581,6028
Ambaji,2025-03-14,19,Friday,0,1,1,Clear,31.4,6028,13930,3971
Ambaji,2025-03-14,20,Friday,0,1,1,Clear,29.8,3971,11426,3587
Ambaji,2025-03-14,21,Friday,0,1,1,Clear,30.2,3587,9185,2339
Ambaji,2025-03-14,22,Friday,0,1,1,Clear,27.4,2339,5752,1003
Ambaji,2025-03-14,23,Friday,0,1,1,Clear,25.8,1003,3597,351
Ambaji,2025-03-15,0,Saturday,1,0,0,Clear,18.6,351,1975,75
Ambaji,2025-03-15,1,Saturday,1,0,0,Clear,18.7,75,1075,47
Ambaji,2025-03-15,2,Saturday,1,0,0,Clear,17.5,47,645,40
Ambaji,2025-03-15,3,Saturday,1,0,0,Clear,18.0,40,461,107
Ambaji,2025-03-15,4,Saturday,1,0,0,Clear,18.4,107,1225,715
Ambaji,2025-03-15,5,Saturday,1,0,0,Clear,20.5,715,2800,1577
Ambaji,2025-03-15,6,Saturday,1,0,0,Clear,21.4,1577,6420,3558
Ambaji,2025-03-15,7,Saturday,1,0,0,Clear,23.8,3558,8654,3851
Ambaji,2025-03-15,8,Saturday,1,0,0,Clear,24.9,3851,8842,3325
Ambaji,2025-03-15,9,Saturday,1,0,0,Clear,26.0,3325,9611,3408
Ambaji,2025-03-15,10,Saturday,1,0,0,Clear,28.9,3408,9664,3306
Ambaji,2025-03-15,11,Saturday,1,0,0,Clear,28.4,3306,9056,2811
Ambaji,2025-03-15,12,Saturday,1,0,0,Clear,29.3,2811,7025,1964
Ambaji,2025-03-15,13,Saturday,1,0,0,Clear,30.1,1964,5952,1839
Ambaji,2025-03-15,14,Saturday,1,0,0,Clear,31.1,1839,5942,2144
Ambaji,2025-03-15,15,Saturday,1,0,0,Clear,31.2,2144,6390,2405
Ambaji,2025-03-15,16,Saturday,1,0,0,Clear,30.5,2405,7685,3293
Ambaji,2025-03-15,17,Saturday,1,0,0,Clear,29.8,3293,10028,4187
Ambaji,2025-03-15,18,Saturday,1,0,0,Clear,28.0,4187,11045,4273
Ambaji,2025-03-15,19,Saturday,1,0,0,Clear,27.2,4273,10018,3144
Ambaji,2025-03-15,20,Saturday,1,0,0,Clear,23.4,3144,9001,2602
Ambaji,2025-03-15,21,Saturday,1,0,0,Clear,22.7,2602,6719,1602
Ambaji,2025-03-15,22,Saturday,1,0,0,Clear,21.0,1602,4331,755
Ambaji,2025-03-15,23,Saturday,1,0,0,Clear,20.3,755,2469,232
Ambaji,2025-03-16,0,Sunday,1,0,0,Cloudy,17.2,232,1429,83
Ambaji,2025-03-16,1,Sunday,1,0,0,Cloudy,17.0,83,815,60
Ambaji,2025-03-16,2,Sunday,1,0,0,Cloudy,17.0,60,529,63
Ambaji,2025-03-16,3,Sunday,1,0,0,Cloudy,17.0,63,495,166
Ambaji,2025-03-16,4,Sunday,1,0,0,Cloudy,17.7,166,1640,1041
Ambaji,2025-03-16,5,Sunday,1,0,0,Cloudy,18.0,1041,4104,2459
Ambaji,2025-03-16,6,Sunday,1,0,0,Cloudy,19.0,2459,7100,3616
Ambaji,2025-03-16,7,Sunday,1,0,0,Cloudy,22.2,3616,10739,5147
Ambaji,2025-03-16,8,Sunday,1,0,0,Cloudy,23.2,5147,14745,6921
Ambaji,2025-03-16,9,Sunday,1,0,0,Cloudy,24.5,6921,14334,4917
Ambaji,2025-03-16,10,Sunday,1,0,0,Cloudy,27.7,4917,13025,4363
Ambaji,2025-03-16,11,Sunday,1,0,0,Cloudy,26.9,4363,12083,4149
Ambaji,2025-03-16,12,Sunday,1,0,0,Cloudy,29.0,4149,8975,2289
Ambaji,2025-03-16,13,Sunday,1,0,0,Cloudy,29.7,2289,7487,2015
Ambaji,2025-03-16,14,Sunday,1,0,0,Cloudy,29.8,2015,7514,2818
Ambaji,2025-03-16,15,Sunday,1,0,0,Cloudy,28.2,2818,8958,3717
Ambaji,2025-03-16,16,Sunday,1,0,0,Cloudy,28.3,3717,9713,3773
Ambaji,2025-03-16,17,Sunday,1,0,0,Cloudy,28.6,3773,12268,5351
Ambaji,2025-03-16,18,Sunday,1,0,0,Cloudy,27.5,5351,15027,6626
Ambaji,2025-03-16,19,Sunday,1,0,0,Cloudy,24.6,6626,14381,5170
Ambaji,2025-03-16,20,Sunday,1,0,0,Cloudy,23.3,5170,11472,3377
Ambaji,2025-03-16,21,Sunday,1,0,0,Cloudy,21.2,3377,8870,2152
Ambaji,2025-03-16,22,Sunday,1,0,0,Cloudy,19.1,2152,6039,864
Ambaji,2025-03-16,23,Sunday,1,0,0,Cloudy,18.4,864,3208,277
Ambaji,2025-03-17,0,Monday,0,0,0,Clear,17.7,277,1674,43
Ambaji,2025-03-17,1,Monday,0,0,0,Clear,17.1,43,902,26
Ambaji,2025-03-17,2,Monday,0,0,0,Clear,17.8,26,508,28
Ambaji,2025-03-17,3,Monday,0,0,0,Clear,17.4,28,365,66
Ambaji,2025-03-17,4,Monday,0,0,0,Clear,18.7,66,1041,626
Ambaji,2025-03-17,5,Monday,0,0,0,Clear,19.0,626,1839,942
Ambaji,2025-03-17,6,Monday,0,0,0,Clear,20.2,942,3732,2083
Ambaji,2025-03-17,7,Monday,0,0,0,Clear,22.5,2083,4846,2096
Ambaji,2025-03-17,8,Monday,0,0,0,Clear,23.2,2096,6108,2676
Ambaji,2025-03-17,9,Monday,0,0,0,Clear,25.8,2676,6084,2203
Ambaji,2025-03-17,10,Monday,0,0,0,Clear,27.4,2203,5351,1738
Ambaji,2025-03-17,11,Monday,0,0,0,Clear,28.5,1738,4715,1535
Ambaji,2025-03-17,12,Monday,0,0,0,Clear,30.3,1535,3877,1076
Ambaji,2025-03-17,13,Monday,0,0,0,Clear,29.6,1076,3958,1257
Ambaji,2025-03-17,14,Monday,0,0,0,Clear,30.2,1257,3910,1379
Ambaji,2025-03-17,15,Monday,0,0,0,Clear,31.4,1379,4207,1603
Ambaji,2025-03-17,16,Monday,0,0,0,Clear,28.2,1603,4656,1827
Ambaji,2025-03-17,17,Monday,0,0,0,Clear,28.8,1827,5273,2178
Ambaji,2025-03-17,18,Monday,0,0,0,Clear,27.6,2178,5881,2312
Ambaji,2025-03-17,19,Monday,0,0,0,Clear,26.5,2312,6277,2346
Ambaji,2025-03-17,20,Monday,0,0,0,Clear,22.8,2346,5654,1522
Ambaji,2025-03-17,21,Monday,0,0,0,Clear,21.9,1522,4391,1141
Ambaji,2025-03-17,22,Monday,0,0,0,Clear,20.5,1141,2898,447
Ambaji,2025-03-17,23,Monday,0,0,0,Clear,19.5,447,1593,127
Ambaji,2025-03-18,0,Tuesday,0,0,0,Clear,18.3,127,891,44
Ambaji,2025-03-18,1,Tuesday,0,0,0,Clear,18.1,44,473,26
Ambaji,2025-03-18,2,Tuesday,0,0,0,Clear,17.6,26,290,26
Ambaji,2025-03-18,3,Tuesday,0,0,0,Clear,17.2,26,220,50
Ambaji,2025-03-18,4,Tuesday,0,0,0,Clear,18.7,50,710,441
Ambaji,2025-03-18,5,Tuesday,0,0,0,Clear,20.1,441,1598,914
Ambaji,2025-03-18,6,Tuesday,0,0,0,Clear,21.0,914,2852,1502
Ambaji,2025-03-18,7,Tuesday,0,0,0,Clear,22.5,1502,5059,2665
Ambaji,2025-03-18,8,Tuesday,0,0,0,Clear,24.4,2665,6112,2660
Ambaji,2025-03-18,9,Tuesday,0,0,0,Clear,26.8,2660,6719,2626
Ambaji,2025-03-18,10,Tuesday,0,0,0,Clear,27.2,2626,6592,2192
Ambaji,2025-03-18,11,Tuesday,0,0,0,Clear,29.0,2192,6028,1758
Ambaji,2025-03-18,12,Tuesday,0,0,0,Clear,29.8,1758,4659,1062
Ambaji,2025-03-18,13,Tuesday,0,0,0,Clear,30.7,1062,3339,763
Ambaji,2025-03-18,14,Tuesday,0,0,0,Clear,30.1,763,3202,1162
Ambaji,2025-03-18,15,Tuesday,0,0,0,Clear,30.8,1162,4167,1765
Ambaji,2025-03-18,16,Tuesday,0,0,0,Clear,28.9,1765,4245,1602
Ambaji,2025-03-18,17,Tuesday,0,0,0,Clear,28.2,1602,4773,1901
Ambaji,2025-03-18,18,Tuesday,0,0,0,Clear,28.0,1901,6225,2816
Ambaji,2025-03-18,19,Tuesday,0,0,0,Clear,25.8,2816,6123,2151
Ambaji,2025-03-18,20,Tuesday,0,0,0,Clear,24.7,2151,5322,1628
Ambaji,2025-03-18,21,Tuesday,0,0,0,Clear,21.4,1628,4129,1079
Ambaji,2025-03-18,22,Tuesday,0,0,0,Clear,21.1,1079,2560,307
Ambaji,2025-03-18,23,Tuesday,0,0,0,Clear,19.6,307,1709,131
Ambaji,2025-03-19,0,Wednesday,0,0,0,Cloudy,20.0,131,972,35
Ambaji,2025-03-19,1,Wednesday,0,0,0,Cloudy,18.9,35,593,28
Ambaji,2025-03-19,2,Wednesday,0,0,0,Cloudy,18.9,28,357,24
Ambaji,2025-03-19,3,Wednesday,0,0,0,Cloudy,19.9,24,258,57
Ambaji,2025-03-19,4,Wednesday,0,0,0,Cloudy,20.1,57,715,435
Ambaji,2025-03-19,5,Wednesday,0,0,0,Cloudy,21.1,435,1752,1027
Ambaji,2025-03-19,6,Wednesday,0,0,0,Cloudy,22.2,1027,3010,1592
Ambaji,2025-03-19,7,Wednesday,0,0,0,Cloudy,23.4,1592,4375,2167
Ambaji,2025-03-19,8,Wednesday,0,0,0,Cloudy,25.2,2167,5600,2362
Ambaji,2025-03-19,9,Wednesday,0,0,0,Cloudy,27.0,2362,5305,1795
Ambaji,2025-03-19,10,Wednesday,0,0,0,Cloudy,28.5,1795,5263,1890
Ambaji,2025-03-19,11,Wednesday,0,0,0,Cloudy,28.5,1890,5811,2263
Ambaji,2025-03-19,12,Wednesday,0,0,0,Cloudy,31.3,2263,3934,840
Ambaji,2025-03-19,13,Wednesday,0,0,0,Cloudy,31.8,840,3361,921
Ambaji,2025-03-19,14,Wednesday,0,0,0,Cloudy,32.3,921,3004,931
Ambaji,2025-03-19,15,Wednesday,0,0,0,Cloudy,31.6,931,3223,1303
Ambaji,2025-03-19,16,Wednesday,0,0,0,Rainy,31.7,1303,3240,1106
Ambaji,2025-03-19,17,Wednesday,0,0,0,Cloudy,30.3,1106,4776,2184
Ambaji,2025-03-19,18,Wednesday,0,0,0,Cloudy,29.9,2184,5973,2535
Ambaji,2025-03-19,19,Wednesday,0,0,0,Cloudy,27.8,2535,6087,2158
Ambaji,2025-03-19,20,Wednesday,0,0,0,Cloudy,25.2,2158,4617,1238
Ambaji,2025-03-19,21,Wednesday,0,0,0,Cloudy,25.2,1238,3612,919
Ambaji,2025-03-19,22,Wednesday,0,0,0,Cloudy,22.9,919,2400,346
Ambaji,2025-03-19,23,Wednesday,0,0,0,Cloudy,20.8,346,1408,134
Ambaji,2025-03-20,0,Thursday,0,0,0,Clear,19.0,134,731,41
Ambaji,2025-03-20,1,Thursday,0,0,0,Clear,18.0,41,415,28
Ambaji,2025-03-20,2,Thursday,0,0,0,Clear,18.7,28,279,27
Ambaji,2025-03-20,3,Thursday,0,0,0,Clear,18.8,27,235,66
Ambaji,2025-03-20,4,Thursday,0,0,0,Clear,20.0,66,770,477
Ambaji,2025-03-20,5,Thursday,0,0,0,Clear,20.7,477,1745,994
Ambaji,2025-03-20,6,Thursday,0,0,0,Clear,22.8,994,3437,1907
Ambaji,2025-03-20,7,Thursday,0,0,0,Clear,23.3,1907,4243,1810
Ambaji,2025-03-20,8,Thursday,0,0,0,Clear,26.0,1810,5140,2161
Ambaji,2025-03-20,9,Thursday,0,0,0,Clear,27.5,2161,6327,2580
Ambaji,2025-03-20,10,Thursday,0,0,0,Clear,27.4,2580,5798,2041
Ambaji,2025-03-20,11,Thursday,0,0,0,Clear,29.3,2041,5389,1741
Ambaji,2025-03-20,12,Thursday,0,0,0,Clear,31.4,1741,4334,982
Ambaji,2025-03-20,13,Thursday,0,0,0,Clear,32.0,982,3575,1069
Ambaji,2025-03-20,14,Thursday,0,0,0,Clear,32.5,1069,3318,1123
Ambaji,2025-03-20,15,Thursday,0,0,0,Clear,32.0,1123,3838,1619
Ambaji,2025-03-20,16,Thursday,0,0,0,Clear,32.2,1619,5395,2473
Ambaji,2025-03-20,17,Thursday,0,0,0,Clear,30.2,2473,6056,2569
Ambaji,2025-03-20,18,Thursday,0,0,0,Clear,28.6,2569,6714,2708
Ambaji,2025-03-20,19,Thursday,0,0,0,Clear,26.7,2708,5527,1650
Ambaji,2025-03-20,20,Thursday,0,0,0,Clear,25.7,1650,5475,2027
Ambaji,2025-03-20,21,Thursday,0,0,0,Clear,23.6,2027,4253,1096
Ambaji,2025-03-20,22,Thursday,0,0,0,Clear,22.3,1096,2897,410
Ambaji,2025-03-20,23,Thursday,0,0,0,Clear,19.7,410,1689,120
Ambaji,2025-03-21,0,Friday,0,0,0,Clear,28.7,120,876,43
Ambaji,2025-03-21,1,Friday,0,0,0,Clear,27.4,43,491,31
Ambaji,2025-03-21,2,Friday,0,0,0,Clear,28.2,31,309,35
Ambaji,2025-03-21,3,Friday,0,0,0,Clear,27.8,35,256,76
Ambaji,2025-03-21,4,Friday,0,0,0,Clear,27.6,76,832,518
Ambaji,2025-03-21,5,Friday,0,0,0,Clear,28.7,518,2092,1232
Ambaji,2025-03-21,6,Friday,0,0,0,Clear,30.5,1232,4328,2499
Ambaji,2025-03-21,7,Friday,0,0,0,Clear,32.1,2499,5064,2064
Ambaji,2025-03-21,8,Friday,0,0,0,Clear,34.5,2064,5892,2533
Ambaji,2025-03-21,9,Friday,0,0,0,Clear,34.8,2533,6626,2677
Ambaji,2025-03-21,10,Friday,0,0,0,Clear,37.2,2677,6190,2157
Ambaji,2025-03-21,11,Friday,0,0,0,Clear,39.5,2157,5611,1913
Ambaji,2025-03-21,12,Friday,0,0,0,Clear,39.4,1913,4689,1160
Ambaji,2025-03-21,13,Friday,0,0,0,Clear,40.0,1160,4145,1110
Ambaji,2025-03-21,14,Friday,0,0,0,Clear,40.0,1110,3908,1331
Ambaji,2025-03-21,15,Friday,0,0,0,Clear,40.0,1331,4341,1580
Ambaji,2025-03-21,16,Friday,0,0,0,Clear,39.2,1580,5833,2591
Ambaji,2025-03-21,17,Friday,0,0,0,Clear,38.6,2591,7658,3601
Ambaji,2025-03-21,18,Friday,0,0,0,Clear,37.4,3601,8171,2961
Ambaji,2025-03-21,19,Friday,0,0,0,Clear,36.0,2961,7339,2094
Ambaji,2025-03-21,20,Friday,0,0,0,Clear,34.4,2094,6053,1706
Ambaji,2025-03-21,21,Friday,0,0,0,Clear,31.6,1706,4662,1104
Ambaji,2025-03-21,22,Friday,0,0,0,Clear,30.6,1104,2847,458
Ambaji,2025-03-21,23,Friday,0,0,0,Clear,29.6,458,1656,128
Ambaji,2025-03-22,0,Saturday,1,0,0,Clear,19.8,128,994,71
Ambaji,2025-03-22,1,Saturday,1,0,0,Clear,19.8,71,565,37
Ambaji,2025-03-22,2,Saturday,1,0,0,Clear,20.2,37,342,45
Ambaji,2025-03-22,3,Saturday,1,0,0,Clear,19.1,45,312,107
Ambaji,2025-03-22,4,Saturday,1,0,0,Clear,20.4,107,1287,841
Ambaji,2025-03-22,5,Saturday,1,0,0,Clear,20.9,841,2735,1570
Ambaji,2025-03-22,6,Saturday,1,0,0,Clear,21.4,1570,4925,2598
Ambaji,2025-03-22,7,Saturday,1,0,0,Clear,23.6,2598,7093,3394
Ambaji,2025-03-22,8,Saturday,1,0,0,Clear,26.1,3394,9712,4325
Ambaji,2025-03-22,9,Saturday,1,0,0,Clear,27.2,4325,11186,4480
Ambaji,2025-03-22,10,Saturday,1,0,0,Clear,28.6,4480,9735,3171
Ambaji,2025-03-22,11,Saturday,1,0,0,Clear,30.1,3171,8878,2712
Ambaji,2025-03-22,12,Saturday,1,0,0,Clear,31.1,2712,7936,2488
Ambaji,2025-03-22,13,Saturday,1,0,0,Clear,31.0,2488,6701,1814
Ambaji,2025-03-22,14,Saturday,1,0,0,Clear,32.4,1814,5984,1801
Ambaji,2025-03-22,15,Saturday,1,0,0,Clear,33.0,1801,6290,2524
Ambaji,2025-03-22,16,Saturday,1,0,0,Clear,29.3,2524,7701,3401
Ambaji,2025-03-22,17,Saturday,1,0,0,Clear,30.3,3401,8768,3659
Ambaji,2025-03-22,18,Saturday,1,0,0,Clear,28.5,3659,10174,4028
Ambaji,2025-03-22,19,Saturday,1,0,0,Clear,27.7,4028,9192,3100
Ambaji,2025-03-22,20,Saturday,1,0,0,Clear,25.8,3100,9145,3050
Ambaji,2025-03-22,21,Saturday,1,0,0,Clear,23.3,3050,6717,1766
Ambaji,2025-03-22,22,Saturday,1,0,0,Clear,22.2,1766,4091,712
Ambaji,2025-03-22,23,Saturday,1,0,0,Clear,22.2,712,2551,263
Ambaji,2025-03-23,0,Sunday,1,0,0,Clear,18.1,263,1429,85
Ambaji,2025-03-23,1,Sunday,1,0,0,Clear,17.5,85,828,54
Ambaji,2025-03-23,2,Sunday,1,0,0,Clear,17.0,54,498,58
Ambaji,2025-03-23,3,Sunday,1,0,0,Clear,17.3,58,462,149
Ambaji,2025-03-23,4,Sunday,1,0,0,Clear,17.2,149,1689,1062
Ambaji,2025-03-23,5,Sunday,1,0,0,Clear,18.0,1062,4465,2657
Ambaji,2025-03-23,6,Sunday,1,0,0,Clear,19.7,2657,7281,3772
Ambaji,2025-03-23,7,Sunday,1,0,0,Clear,21.2,3772,11190,5400
Ambaji,2025-03-23,8,Sunday,1,0,0,Clear,23.2,5400,13649,5818
Ambaji,2025-03-23,9,Sunday,1,0,0,Clear,25.4,5818,14388,5765
Ambaji,2025-03-23,10,Sunday,1,0,0,Clear,26.5,5765,14072,5246
Ambaji,2025-03-23,11,Sunday,1,0,0,Clear,28.1,5246,12030,3644
Ambaji,2025-03-23,12,Sunday,1,0,0,Clear,30.1,3644,10237,2599
Ambaji,2025-03-23,13,Sunday,1,0,0,Clear,29.8,2599,8399,2392
Ambaji,2025-03-23,14,Sunday,1,0,0,Clear,29.7,2392,8358,2887
Ambaji,2025-03-23,15,Sunday,1,0,0,Clear,30.2,2887,9080,3722
Ambaji,2025-03-23,16,Sunday,1,0,0,Clear,28.6,3722,11270,5193
Ambaji,2025-03-23,17,Sunday,1,0,0,Clear,28.2,5193,13864,5744
Ambaji,2025-03-23,18,Sunday,1,0,0,Clear,26.9,5744,14815,5823
Ambaji,2025-03-23,19,Sunday,1,0,0,Clear,24.8,5823,14305,5547
Ambaji,2025-03-23,20,Sunday,1,0,0,Clear,23.5,5547,12222,3491
Ambaji,2025-03-23,21,Sunday,1,0,0,Clear,21.9,3491,8786,1854
Ambaji,2025-03-23,22,Sunday,1,0,0,Clear,20.1,1854,5864,980
Ambaji,2025-03-23,23,Sunday,1,0,0,Clear,17.9,980,3223,284
Ambaji,2025-03-24,0,Monday,0,0,0,Clear,28.6,284,1719,34
Ambaji,2025-03-24,1,Monday,0,0,0,Clear,28.3,34,900,22
Ambaji,2025-03-24,2,Monday,0,0,0,Clear,26.8,22,483,27
Ambaji,2025-03-24,3,Monday,0,0,0,Clear,28.2,27,363,71
Ambaji,2025-03-24,4,Monday,0,0,0,Clear,28.6,71,872,510
Ambaji,2025-03-24,5,Monday,0,0,0,Clear,29.0,510,2049,1161
Ambaji,2025-03-24,6,Monday,0,0,0,Clear,31.5,1161,3606,1920
Ambaji,2025-03-24,7,Monday,0,0,0,Clear,33.3,1920,5509,2551
Ambaji,2025-03-24,8,Monday,0,0,0,Clear,33.7,2551,6821,2872
Ambaji,2025-03-24,9,Monday,0,0,0,Clear,35.9,2872,7292,2721
Ambaji,2025-03-24,10,Monday,0,0,0,Clear,37.1,2721,6220,1932
Ambaji,2025-03-24,11,Monday,0,0,0,Clear,38.8,1932,5760,1752
Ambaji,2025-03-24,12,Monday,0,0,0,Clear,40.0,1752,4435,1024
Ambaji,2025-03-24,13,Monday,0,0,0,Clear,40.0,1024,3363,773
Ambaji,2025-03-24,14,Monday,0,0,0,Clear,40.0,773,3583,1334
Ambaji,2025-03-24,15,Monday,0,0,0,Clear,40.0,1334,3825,1453
Ambaji,2025-03-24,16,Monday,0,0,0,Clear,40.0,1453,4725,2014
Ambaji,2025-03-24,17,Monday,0,0,0,Clear,38.2,2014,5583,2499
Ambaji,2025-03-24,18,Monday,0,0,0,Clear,37.4,2499,6728,2751
Ambaji,2025-03-24,19,Monday,0,0,0,Clear,35.5,2751,6918,2343
Ambaji,2025-03-24,20,Monday,0,0,0,Clear,34.0,2343,5533,1395
Ambaji,2025-03-24,21,Monday,0,0,0,Clear,31.9,1395,4209,888
Ambaji,2025-03-24,22,Monday,0,0,0,Clear,32.2,888,2610,372
Ambaji,2025-03-24,23,Monday,0,0,0,Clear,29.4,372,1665,131
Ambaji,2025-03-25,0,Tuesday,0,0,0,Clear,19.0,131,964,41
Ambaji,2025-03-25,1,Tuesday,0,0,0,Clear,17.0,41,508,24
Ambaji,2025-03-25,2,Tuesday,0,0,0,Clear,17.6,24,297,30
Ambaji,2025-03-25,3,Tuesday,0,0,0,Clear,17.1,30,226,62
Ambaji,2025-03-25,4,Tuesday,0,0,0,Clear,17.6,62,781,495
Ambaji,2025-03-25,5,Tuesday,0,0,0,Clear,19.1,495,1518,826
Ambaji,2025-03-25,6,Tuesday,0,0,0,Clear,20.1,826,2848,1502
Ambaji,2025-03-25,7,Tuesday,0,0,0,Clear,22.6,1502,4096,1949
Ambaji,2025-03-25,8,Tuesday,0,0,0,Clear,23.8,1949,4569,1917
Ambaji,2025-03-25,9,Tuesday,0,0,0,Clear,26.3,1917,5050,1870
Ambaji,2025-03-25,10,Tuesday,0,0,0,Clear,26.3,1870,5220,1952
Ambaji,2025-03-25,11,Tuesday,0,0,0,Clear,28.4,1952,5043,1851
Ambaji,2025-03-25,12,Tuesday,0,0,0,Clear,29.9,1851,4549,1101
Ambaji,2025-03-25,13,Tuesday,0,0,0,Clear,29.6,1101,3591,836
Ambaji,2025-03-25,14,Tuesday,0,0,0,Clear,30.3,836,3355,1036
Ambaji,2025-03-25,15,Tuesday,0,0,0,Clear,30.1,1036,3526,1273
Ambaji,2025-03-25,16,Tuesday,0,0,0,Clear,29.8,1273,4229,1799
Ambaji,2025-03-25,17,Tuesday,0,0,0,Clear,27.9,1799,5574,2529
Ambaji,2025-03-25,18,Tuesday,0,0,0,Clear,26.7,2529,5862,2153
Ambaji,2025-03-25,19,Tuesday,0,0,0,Clear,25.2,2153,5050,1619
Ambaji,2025-03-25,20,Tuesday,0,0,0,Clear,23.6,1619,4630,1508
Ambaji,2025-03-25,21,Tuesday,0,0,0,Clear,21.8,1508,3322,755
Ambaji,2025-03-25,22,Tuesday,0,0,0,Clear,21.2,755,2369,438
Ambaji,2025-03-25,23,Tuesday,0,0,0,Clear,19.4,438,1357,144
Ambaji,2025-03-26,0,Wednesday,0,0,0,Clear,22.2,144,794,41
Ambaji,2025-03-26,1,Wednesday,0,0,0,Clear,22.1,41,460,32
Ambaji,2025-03-26,2,Wednesday,0,0,0,Clear,21.5,32,282,23
Ambaji,2025-03-26,3,Wednesday,0,0,0,Clear,22.3,23,223,71
Ambaji,2025-03-26,4,Wednesday,0,0,0,Clear,23.0,71,692,433
Ambaji,2025-03-26,5,Wednesday,0,0,0,Clear,23.9,433,1919,1125
Ambaji,2025-03-26,6,Wednesday,0,0,0,Clear,25.5,1125,3163,1632
Ambaji,2025-03-26,7,Wednesday,0,0,0,Clear,27.5,1632,4376,1985
Ambaji,2025-03-26,8,Wednesday,0,0,0,Clear,28.8,1985,5457,2489
Ambaji,2025-03-26,9,Wednesday,0,0,0,Clear,30.1,2489,5215,1823
Ambaji,2025-03-26,10,Wednesday,0,0,0,Clear,32.5,1823,5624,2136
Ambaji,2025-03-26,11,Wednesday,0,0,0,Clear,33.0,2136,5311,1831
Ambaji,2025-03-26,12,Wednesday,0,0,0,Clear,33.7,1831,4371,1145
Ambaji,2025-03-26,13,Wednesday,0,0,0,Clear,34.7,1145,3581,932
Ambaji,2025-03-26,14,Wednesday,0,0,0,Clear,35.4,932,3411,1182
Ambaji,2025-03-26,15,Wednesday,0,0,0,Clear,35.4,1182,3691,1451
Ambaji,2025-03-26,16,Wednesday,0,0,0,Clear,34.3,1451,4327,1886
Ambaji,2025-03-26,17,Wednesday,0,0,0,Clear,33.0,1886,5321,2387
Ambaji,2025-03-26,18,Wednesday,0,0,0,Clear,31.6,2387,7222,3416
Ambaji,2025-03-26,19,Wednesday,0,0,0,Clear,30.1,3416,6305,1905
Ambaji,2025-03-26,20,Wednesday,0,0,0,Clear,28.2,1905,5232,1534
Ambaji,2025-03-26,21,Wednesday,0,0,0,Clear,27.6,1534,3840,930
Ambaji,2025-03-26,22,Wednesday,0,0,0,Clear,25.8,930,2316,352
Ambaji,2025-03-26,23,Wednesday,0,0,0,Clear,23.9,352,1317,165
Ambaji,2025-03-27,0,Thursday,0,0,0,Cloudy,27.0,165,721,43
Ambaji,2025-03-27,1,Thursday,0,0,0,Cloudy,27.5,43,410,24
Ambaji,2025-03-27,2,Thursday,0,0,0,Cloudy,28.0,24,255,23
Ambaji,2025-03-27,3,Thursday,0,0,0,Cloudy,27.6,23,211,55
Ambaji,2025-03-27,4,Thursday,0,0,0,Cloudy,27.9,55,741,466
Ambaji,2025-03-27,5,Thursday,0,0,0,Cloudy,28.7,466,1735,996
Ambaji,2025-03-27,6,Thursday,0,0,0,Cloudy,30.7,996,2958,1480
Ambaji,2025-03-27,7,Thursday,0,0,0,Cloudy,31.2,1480,4856,2453
Ambaji,2025-03-27,8,Thursday,0,0,0,Cloudy,32.8,2453,5910,2596
Ambaji,2025-03-27,9,Thursday,0,0,0,Cloudy,36.0,2596,5538,1996
Ambaji,2025-03-27,10,Thursday,0,0,0,Cloudy,37.8,1996,5549,1885
Ambaji,2025-03-27,11,Thursday,0,0,0,Cloudy,37.8,1885,4757,1207
Ambaji,2025-03-27,12,Thursday,0,0,0,Cloudy,39.3,1207,4064,1118
Ambaji,2025-03-27,13,Thursday,0,0,0,Cloudy,39.8,1118,3560,947
Ambaji,2025-03-27,14,Thursday,0,0,0,Cloudy,40.0,947,3682,1254
Ambaji,2025-03-27,15,Thursday,0,0,0,Rainy,39.1,1254,3400,1107
Ambaji,2025-03-27,16,Thursday,0,0,0,Cloudy,39.3,1107,4279,1853
Ambaji,2025-03-27,17,Thursday,0,0,0,Cloudy,37.8,1853,5138,2136
Ambaji,2025-03-27,18,Thursday,0,0,0,Cloudy,37.0,2136,5947,2525
Ambaji,2025-03-27,19,Thursday,0,0,0,Cloudy,35.6,2525,6113,2333
Ambaji,2025-03-27,20,Thursday,0,0,0,Cloudy,34.8,2333,5827,1897
Ambaji,2025-03-27,21,Thursday,0,0,0,Cloudy,31.1,1897,4378,967
Ambaji,2025-03-27,22,Thursday,0,0,0,Cloudy,30.6,967,2902,478
Ambaji,2025-03-27,23,Thursday,0,0,0,Cloudy,30.1,478,1673,138
Ambaji,2025-03-28,0,Friday,0,0,0,Clear,23.7,138,964,49
Ambaji,2025-03-28,1,Friday,0,0,0,Clear,23.2,49,525,33
Ambaji,2025-03-28,2,Friday,0,0,0,Clear,22.1,33,319,33
Ambaji,2025-03-28,3,Friday,0,0,0,Clear,23.6,33,256,75
Ambaji,2025-03-28,4,Friday,0,0,0,Clear,23.4,75,993,640
Ambaji,2025-03-28,5,Friday,0,0,0,Clear,24.8,640,2070,1163
Ambaji,2025-03-28,6,Friday,0,0,0,Clear,26.0,1163,3795,1958
Ambaji,2025-03-28,7,Friday,0,0,0,Clear,28.4,1958,6408,3179
Ambaji,2025-03-28,8,Friday,0,0,0,Clear,28.3,3179,7425,3104
Ambaji,2025-03-28,9,Friday,0,0,0,Clear,32.1,3104,6938,2430
Ambaji,2025-03-28,10,Friday,0,0,0,Clear,32.2,2430,6708,2174
Ambaji,2025-03-28,11,Friday,0,0,0,Clear,34.6,2174,6028,1603
Ambaji,2025-03-28,12,Friday,0,0,0,Clear,35.9,1603,5245,1414
Ambaji,2025-03-28,13,Friday,0,0,0,Clear,35.2,1414,4203,1010
Ambaji,2025-03-28,14,Friday,0,0,0,Clear,35.9,1010,3964,1324
Ambaji,2025-03-28,15,Friday,0,0,0,Clear,35.4,1324,4445,1696
Ambaji,2025-03-28,16,Friday,0,0,0,Clear,35.9,1696,6030,2668
Ambaji,2025-03-28,17,Friday,0,0,0,Clear,34.7,2668,7244,3014
Ambaji,2025-03-28,18,Friday,0,0,0,Clear,32.7,3014,7382,2774
Ambaji,2025-03-28,19,Friday,0,0,0,Clear,31.3,2774,7132,2381
Ambaji,2025-03-28,20,Friday,0,0,0,Clear,29.8,2381,6481,2005
Ambaji,2025-03-28,21,Friday,0,0,0,Clear,28.7,2005,5060,1126
Ambaji,2025-03-28,22,Friday,0,0,0,Clear,26.7,1126,3590,553
Ambaji,2025-03-28,23,Friday,0,0,0,Clear,25.4,553,2096,163
Ambaji,2025-03-29,0,Saturday,1,0,0,Clear,19.3,163,1259,60
Ambaji,2025-03-29,1,Saturday,1,0,0,Clear,18.0,60,717,63
Ambaji,2025-03-29,2,Saturday,1,0,0,Clear,18.1,63,416,43
Ambaji,2025-03-29,3,Saturday,1,0,0,Clear,18.8,43,341,98
Ambaji,2025-03-29,4,Saturday,1,0,0,Clear,19.2,98,1322,857
Ambaji,2025-03-29,5,Saturday,1,0,0,Clear,20.2,857,2959,1706
Ambaji,2025-03-29,6,Saturday,1,0,0,Clear,20.8,1706,4869,2369
Ambaji,2025-03-29,7,Saturday,1,0,0,Clear,23.4,2369,7037,3262
Ambaji,2025-03-29,8,Saturday,1,0,0,Clear,24.2,3262,9812,4625
Ambaji,2025-03-29,9,Saturday,1,0,0,Clear,26.1,4625,9754,3570
Ambaji,2025-03-29,10,Saturday,1,0,0,Clear,28.7,3570,9816,3493
Ambaji,2025-03-29,11,Saturday,1,0,0,Clear,29.9,3493,7651,2119
Ambaji,2025-03-29,12,Saturday,1,0,0,Clear,30.6,2119,6676,1957
Ambaji,2025-03-29,13,Saturday,1,0,0,Clear,29.9,1957,5407,1380
Ambaji,2025-03-29,14,Saturday,1,0,0,Clear,32.7,1380,6009,2204
Ambaji,2025-03-29,15,Saturday,1,0,0,Clear,31.2,2204,6425,2564
Ambaji,2025-03-29,16,Saturday,1,0,0,Clear,30.9,2564,7804,3220
Ambaji,2025-03-29,17,Saturday,1,0,0,Clear,29.3,3220,9668,4169
Ambaji,2025-03-29,18,Saturday,1,0,0,Clear,28.0,4169,11358,4925
Ambaji,2025-03-29,19,Saturday,1,0,0,Clear,25.4,4925,11424,3772
Ambaji,2025-03-29,20,Saturday,1,0,0,Clear,25.6,3772,8954,2321
Ambaji,2025-03-29,21,Saturday,1,0,0,Clear,22.0,2321,6899,1468
Ambaji,2025-03-29,22,Saturday,1,0,0,Clear,21.2,1468,4553,643
Ambaji,2025-03-29,23,Saturday,1,0,0,Clear,19.4,643,2734,271
Ambaji,2025-03-30,0,Sunday,1,1,1,Cloudy,20.1,271,1745,272
Ambaji,2025-03-30,1,Sunday,1,1,1,Cloudy,18.8,272,1028,126
Ambaji,2025-03-30,2,Sunday,1,1,1,Cloudy,18.2,126,715,142
Ambaji,2025-03-30,3,Sunday,1,1,1,Cloudy,18.9,142,685,247
Ambaji,2025-03-30,4,Sunday,1,1,1,Cloudy,19.0,247,3298,2184
Ambaji,2025-03-30,5,Sunday,1,1,1,Cloudy,21.4,2184,8508,4982
Ambaji,2025-03-30,6,Sunday,1,1,1,Cloudy,22.4,4982,17154,9300
Ambaji,2025-03-30,7,Sunday,1,1,1,Cloudy,24.2,9300,23523,11019
Ambaji,2025-03-30,8,Sunday,1,1,1,Cloudy,26.3,11019,25311,10171
Ambaji,2025-03-30,9,Sunday,1,1,1,Cloudy,27.1,10171,26795,10872
Ambaji,2025-03-30,10,Sunday,1,1,1,Cloudy,29.1,10872,25753,8880
Ambaji,2025-03-30,11,Sunday,1,1,1,Cloudy,30.5,8880,26663,9811
Ambaji,2025-03-30,12,Sunday,1,1,1,Cloudy,31.1,9811,21969,6572
Ambaji,2025-03-30,13,Sunday,1,1,1,Cloudy,31.5,6572,16739,4374
Ambaji,2025-03-30,14,Sunday,1,1,1,Cloudy,32.6,4374,19343,7630
Ambaji,2025-03-30,15,Sunday,1,1,1,Cloudy,31.7,7630,20964,8339
Ambaji,2025-03-30,16,Sunday,1,1,1,Cloudy,30.5,8339,20643,7378
Ambaji,2025-03-30,17,Sunday,1,1,1,Rainy,28.8,7378,20983,7459
Ambaji,2025-03-30,18,Sunday,1,1,1,Cloudy,28.7,7459,23717,9658
Ambaji,2025-03-30,19,Sunday,1,1,1,Cloudy,27.6,9658,30555,12816
Ambaji,2025-03-30,20,Sunday,1,1,1,Cloudy,24.8,12816,25662,6719
Ambaji,2025-03-30,21,Sunday,1,1,1,Cloudy,23.8,6719,18502,4372
Ambaji,2025-03-30,22,Sunday,1,1,1,Cloudy,22.1,4372,12943,2354
Ambaji,2025-03-30,23,Sunday,1,1,1,Cloudy,20.1,2354,7886,568
Ambaji,2025-03-31,0,Monday,0,1,0,Sunny,21.1,568,4468,60
Ambaji,2025-03-31,1,Monday,0,1,0,Sunny,20.6,60,2467,43
Ambaji,2025-03-31,2,Monday,0,1,0,Sunny,21.5,43,1372,37
Ambaji,2025-03-31,3,Monday,0,1,0,Sunny,20.6,37,824,100
Ambaji,2025-03-31,4,Monday,0,1,0,Sunny,22.2,100,1420,728
Ambaji,2025-03-31,5,Monday,0,1,0,Sunny,23.2,728,3109,1710
Ambaji,2025-03-31,6,Monday,0,1,0,Sunny,24.4,1710,5201,2588
Ambaji,2025-03-31,7,Monday,0,1,0,Sunny,25.3,2588,6448,2682
Ambaji,2025-03-31,8,Monday,0,1,0,Sunny,27.4,2682,8451,3704
Ambaji,2025-03-31,9,Monday,0,1,0,Sunny,29.4,3704,9258,3422
Ambaji,2025-03-31,10,Monday,0,1,0,Sunny,30.7,3422,7899,2259
Ambaji,2025-03-31,11,Monday,0,1,0,Sunny,32.3,2259,6551,1846
Ambaji,2025-03-31,12,Monday,0,1,0,Sunny,32.7,1846,5223,1464
Ambaji,2025-03-31,13,Monday,0,1,0,Sunny,33.9,1464,4751,1414
Ambaji,2025-03-31,14,Monday,0,1,0,Sunny,34.6,1414,4330,1530
Ambaji,2025-03-31,15,Monday,0,1,0,Sunny,33.6,1530,5916,2786
Ambaji,2025-03-31,16,Monday,0,1,0,Sunny,33.9,2786,7736,3467
Ambaji,2025-03-31,17,Monday,0,1,0,Sunny,32.6,3467,9678,4137
Ambaji,2025-03-31,18,Monday,0,1,0,Sunny,30.9,4137,10689,4481
Ambaji,2025-03-31,19,Monday,0,1,0,Sunny,29.9,4481,9472,3156
Ambaji,2025-03-31,20,Monday,0,1,0,Sunny,27.6,3156,8112,2468
Ambaji,2025-03-31,21,Monday,0,1,0,Sunny,26.5,2468,5395,990
Ambaji,2025-03-31,22,Monday,0,1,0,Sunny,23.5,990,3650,620
Ambaji,2025-03-31,23,Monday,0,1,0,Sunny,23.7,620,2180,217
Ambaji,2025-04-01,0,Tuesday,0,0,0,Clear,25.8,217,1225,39
Ambaji,2025-04-01,1,Tuesday,0,0,0,Clear,25.3,39,662,24
Ambaji,2025-04-01,2,Tuesday,0,0,0,Clear,27.5,24,347,26
Ambaji,2025-04-01,3,Tuesday,0,0,0,Clear,24.8,26,297,70
Ambaji,2025-04-01,4,Tuesday,0,0,0,Clear,26.6,70,742,433
Ambaji,2025-04-01,5,Tuesday,0,0,0,Clear,27.3,433,1367,712
Ambaji,2025-04-01,6,Tuesday,0,0,0,Clear,28.8,712,3346,1972
Ambaji,2025-04-01,7,Tuesday,0,0,0,Clear,30.8,1972,5108,2426
Ambaji,2025-04-01,8,Tuesday,0,0,0,Clear,32.6,2426,6027,2436
Ambaji,2025-04-01,9,Tuesday,0,0,0,Clear,34.5,2436,5392,1820
Ambaji,2025-04-01,10,Tuesday,0,0,0,Clear,34.5,1820,5417,1977
Ambaji,2025-04-01,11,Tuesday,0,0,0,Clear,37.7,1977,4775,1555
Ambaji,2025-04-01,12,Tuesday,0,0,0,Clear,38.2,1555,3725,976
Ambaji,2025-04-01,13,Tuesday,0,0,0,Clear,39.5,976,3691,1219
Ambaji,2025-04-01,14,Tuesday,0,0,0,Clear,39.1,1219,3802,1273
Ambaji,2025-04-01,15,Tuesday,0,0,0,Clear,38.1,1273,4268,1641
Ambaji,2025-04-01,16,Tuesday,0,0,0,Clear,39.0,1641,4974,2059
Ambaji,2025-04-01,17,Tuesday,0,0,0,Clear,38.4,2059,5791,2415
Ambaji,2025-04-01,18,Tuesday,0,0,0,Clear,36.1,2415,6835,2822
Ambaji,2025-04-01,19,Tuesday,0,0,0,Clear,34.4,2822,6249,2083
Ambaji,2025-04-01,20,Tuesday,0,0,0,Clear,32.0,2083,5259,1306
Ambaji,2025-04-01,21,Tuesday,0,0,0,Clear,30.6,1306,3596,598
Ambaji,2025-04-01,22,Tuesday,0,0,0,Clear,29.4,598,2209,309
Ambaji,2025-04-01,23,Tuesday,0,0,0,Clear,27.3,309,1378,118
Ambaji,2025-04-02,0,Wednesday,0,0,0,Clear,21.4,118,711,42
Ambaji,2025-04-02,1,Wednesday,0,0,0,Clear,19.7,42,389,27
Ambaji,2025-04-02,2,Wednesday,0,0,0,Clear,21.0,27,231,27
Ambaji,2025-04-02,3,Wednesday,0,0,0,Clear,19.4,27,216,74
Ambaji,2025-04-02,4,Wednesday,0,0,0,Clear,20.9,74,654,401
Ambaji,2025-04-02,5,Wednesday,0,0,0,Clear,21.4,401,1609,950
Ambaji,2025-04-02,6,Wednesday,0,0,0,Clear,23.8,950,3092,1675
Ambaji,2025-04-02,7,Wednesday,0,0,0,Clear,24.7,1675,5345,2715
Ambaji,2025-04-02,8,Wednesday,0,0,0,Clear,26.9,2715,5408,2015
Ambaji,2025-04-02,9,Wednesday,0,0,0,Clear,28.9,2015,5371,1887
Ambaji,2025-04-02,10,Wednesday,0,0,0,Clear,29.2,1887,5243,1641
Ambaji,2025-04-02,11,Wednesday,0,0,0,Clear,31.6,1641,5132,1703
Ambaji,2025-04-02,12,Wednesday,0,0,0,Clear,32.1,1703,3923,969
Ambaji,2025-04-02,13,Wednesday,0,0,0,Clear,32.8,969,3443,1140
Ambaji,2025-04-02,14,Wednesday,0,0,0,Clear,32.8,1140,3239,1003
Ambaji,2025-04-02,15,Wednesday,0,0,0,Clear,34.0,1003,3745,1502
Ambaji,2025-04-02,16,Wednesday,0,0,0,Clear,32.3,1502,4738,2011
Ambaji,2025-04-02,17,Wednesday,0,0,0,Clear,31.4,2011,5955,2515
Ambaji,2025-04-02,18,Wednesday,0,0,0,Clear,28.7,2515,6609,2567
Ambaji,2025-04-02,19,Wednesday,0,0,0,Clear,28.4,2567,6249,2063
Ambaji,2025-04-02,20,Wednesday,0,0,0,Clear,26.0,2063,5132,1276
Ambaji,2025-04-02,21,Wednesday,0,0,0,Clear,24.1,1276,3789,904
Ambaji,2025-04-02,22,Wednesday,0,0,0,Clear,24.1,904,2468,391
Ambaji,2025-04-02,23,Wednesday,0,0,0,Clear,22.2,391,1539,170
Ambaji,2025-04-03,0,Thursday,0,0,0,Clear,28.8,170,798,45
Ambaji,2025-04-03,1,Thursday,0,0,0,Clear,28.4,45,465,35
Ambaji,2025-04-03,2,Thursday,0,0,0,Clear,28.2,35,275,28
Ambaji,2025-04-03,3,Thursday,0,0,0,Clear,28.6,28,242,75
Ambaji,2025-04-03,4,Thursday,0,0,0,Clear,27.6,75,825,508
Ambaji,2025-04-03,5,Thursday,0,0,0,Clear,29.9,508,1607,862
Ambaji,2025-04-03,6,Thursday,0,0,0,Clear,32.5,862,3573,1974
Ambaji,2025-04-03,7,Thursday,0,0,0,Clear,33.6,1974,5237,2539
Ambaji,2025-04-03,8,Thursday,0,0,0,Clear,35.0,2539,6129,2529
Ambaji,2025-04-03,9,Thursday,0,0,0,Clear,36.4,2529,6121,2326
Ambaji,2025-04-03,10,Thursday,0,0,0,Clear,38.6,2326,5477,1729
Ambaji,2025-04-03,11,Thursday,0,0,0,Clear,39.7,1729,4474,1412
Ambaji,2025-04-03,12,Thursday,0,0,0,Clear,40.0,1412,3657,924
Ambaji,2025-04-03,13,Thursday,0,0,0,Clear,40.0,924,3451,1148
Ambaji,2025-04-03,14,Thursday,0,0,0,Clear,40.0,1148,3050,920
Ambaji,2025-04-03,15,Thursday,0,0,0,Clear,40.0,920,3336,1291
Ambaji,2025-04-03,16,Thursday,0,0,0,Clear,40.0,1291,4353,1938
Ambaji,2025-04-03,17,Thursday,0,0,0,Clear,39.2,1938,5688,2544
Ambaji,2025-04-03,18,Thursday,0,0,0,Clear,38.4,2544,6190,2511
Ambaji,2025-04-03,19,Thursday,0,0,0,Clear,36.1,2511,6896,2610
Ambaji,2025-04-03,20,Thursday,0,0,0,Clear,35.5,2610,6094,1920
Ambaji,2025-04-03,21,Thursday,0,0,0,Clear,33.3,1920,4582,969
Ambaji,2025-04-03,22,Thursday,0,0,0,Clear,31.3,969,2953,416
Ambaji,2025-04-03,23,Thursday,0,0,0,Clear,30.4,416,1743,148
Ambaji,2025-04-04,0,Friday,0,0,0,Rainy,19.2,148,1028,35
Ambaji,2025-04-04,1,Friday,0,0,0,Rainy,17.4,35,580,20
Ambaji,2025-04-04,2,Friday,0,0,0,Rainy,18.4,20,343,23
Ambaji,2025-04-04,3,Friday,0,0,0,Rainy,18.6,23,256,53
Ambaji,2025-04-04,4,Friday,0,0,0,Rainy,19.1,53,643,374
Ambaji,2025-04-04,5,Friday,0,0,0,Rainy,20.6,374,1534,867
Ambaji,2025-04-04,6,Friday,0,0,0,Rainy,22.3,867,3217,1716
Ambaji,2025-04-04,7,Friday,0,0,0,Rainy,23.1,1716,4191,1812
Ambaji,2025-04-04,8,Friday,0,0,0,Rainy,24.7,1812,4891,2088
Ambaji,2025-04-04,9,Friday,0,0,0,Rainy,26.9,2088,4636,1559
Ambaji,2025-04-04,10,Friday,0,0,0,Rainy,28.2,1559,4220,1497
Ambaji,2025-04-04,11,Friday,0,0,0,Rainy,28.5,1497,3853,1185
Ambaji,2025-04-04,12,Friday,0,0,0,Rainy,30.8,1185,3130,900
Ambaji,2025-04-04,13,Friday,0,0,0,Rainy,31.5,900,2291,636
Ambaji,2025-04-04,14,Friday,0,0,0,Heavy Rain,31.4,636,1857,493
Ambaji,2025-04-04,15,Friday,0,0,0,Rainy,31.3,493,2979,1511
Ambaji,2025-04-04,16,Friday,0,0,0,Rainy,30.9,1511,3640,1585
Ambaji,2025-04-04,17,Friday,0,0,0,Rainy,30.0,1585,4490,1930
Ambaji,2025-04-04,18,Friday,0,0,0,Rainy,28.9,1930,4575,1688
Ambaji,2025-04-04,19,Friday,0,0,0,Rainy,26.4,1688,4221,1405
Ambaji,2025-04-04,20,Friday,0,0,0,Rainy,23.9,1405,3546,1022
Ambaji,2025-04-04,21,Friday,0,0,0,Rainy,23.0,1022,2901,766
Ambaji,2025-04-04,22,Friday,0,0,0,Rainy,21.0,766,2072,419
Ambaji,2025-04-04,23,Friday,0,0,0,Rainy,20.9,419,1157,92
Ambaji,2025-04-05,0,Saturday,1,0,0,Clear,27.5,92,697,54
Ambaji,2025-04-05,1,Saturday,1,0,0,Clear,27.9,54,416,46
Ambaji,2025-04-05,2,Saturday,1,0,0,Clear,26.6,46,263,45
Ambaji,2025-04-05,3,Saturday,1,0,0,Clear,27.0,45,300,130
Ambaji,2025-04-05,4,Saturday,1,0,0,Clear,28.6,130,1429,938
Ambaji,2025-04-05,5,Saturday,1,0,0,Clear,29.5,938,2864,1589
Ambaji,2025-04-05,6,Saturday,1,0,0,Clear,29.2,1589,5559,3037
Ambaji,2025-04-05,7,Saturday,1,0,0,Clear,31.8,3037,8028,3799
Ambaji,2025-04-05,8,Saturday,1,0,0,Clear,33.5,3799,11116,5029
Ambaji,2025-04-05,9,Saturday,1,0,0,Clear,36.2,5029,10856,3650
Ambaji,2025-04-05,10,Saturday,1,0,0,Clear,36.7,3650,10173,3397
Ambaji,2025-04-05,11,Saturday,1,0,0,Clear,38.0,3397,8681,2569
Ambaji,2025-04-05,12,Saturday,1,0,0,Clear,40.0,2569,7419,1888
Ambaji,2025-04-05,13,Saturday,1,0,0,Clear,40.0,1888,5899,1575
Ambaji,2025-04-05,14,Saturday,1,0,0,Clear,39.5,1575,5484,1715
Ambaji,2025-04-05,15,Saturday,1,0,0,Clear,40.0,1715,6042,2578
Ambaji,2025-04-05,16,Saturday,1,0,0,Clear,39.9,2578,7865,3705
Ambaji,2025-04-05,17,Saturday,1,0,0,Clear,38.8,3705,10828,4737
Ambaji,2025-04-05,18,Saturday,1,0,0,Clear,36.9,4737,12509,4797
Ambaji,2025-04-05,19,Saturday,1,0,0,Clear,35.9,4797,12139,4182
Ambaji,2025-04-05,20,Saturday,1,0,0,Clear,34.2,4182,9629,2495
Ambaji,2025-04-05,21,Saturday,1,0,0,Clear,32.5,2495,6898,1442
Ambaji,2025-04-05,22,Saturday,1,0,0,Clear,31.0,1442,4380,860
Ambaji,2025-04-05,23,Saturday,1,0,0,Clear,30.4,860,2680,217
Ambaji,2025-04-06,0,Sunday,1,1,1,Sunny,23.8,217,1582,176
Ambaji,2025-04-06,1,Sunday,1,1,1,Sunny,22.0,176,968,127
Ambaji,2025-04-06,2,Sunday,1,1,1,Sunny,22.4,127,657,120
Ambaji,2025-04-06,3,Sunday,1,1,1,Sunny,23.1,120,771,326
Ambaji,2025-04-06,4,Sunday,1,1,1,Sunny,24.0,326,4037,2702
Ambaji,2025-04-06,5,Sunday,1,1,1,Sunny,25.4,2702,9156,5052
Ambaji,2025-04-06,6,Sunday,1,1,1,Sunny,26.7,5052,18377,10187
Ambaji,2025-04-06,7,Sunday,1,1,1,Sunny,28.0,10187,24202,10887
Ambaji,2025-04-06,8,Sunday,1,1,1,Sunny,29.7,10887,36359,18667
Ambaji,2025-04-06,9,Sunday,1,1,1,Sunny,32.3,18667,35353,12487
Ambaji,2025-04-06,10,Sunday,1,1,1,Sunny,33.2,12487,31049,9521
Ambaji,2025-04-06,11,Sunday,1,1,1,Sunny,35.3,9521,26038,7176
Ambaji,2025-04-06,12,Sunday,1,1,1,Sunny,35.7,7176,24082,6795
Ambaji,2025-04-06,13,Sunday,1,1,1,Sunny,35.4,6795,18769,4940
Ambaji,2025-04-06,14,Sunday,1,1,1,Sunny,36.4,4940,17139,6006
Ambaji,2025-04-06,15,Sunday,1,1,1,Sunny,36.7,6006,21290,9776
Ambaji,2025-04-06,16,Sunday,1,1,1,Sunny,37.2,9776,21749,7923
Ambaji,2025-04-06,17,Sunday,1,1,1,Sunny,34.2,7923,28338,12503
Ambaji,2025-04-06,18,Sunday,1,1,1,Sunny,33.9,12503,30079,11358
Ambaji,2025-04-06,19,Sunday,1,1,1,Sunny,32.1,11358,30906,11952
Ambaji,2025-04-06,20,Sunday,1,1,1,Sunny,30.4,11952,29618,9779
Ambaji,2025-04-06,21,Sunday,1,1,1,Sunny,28.7,9779,19121,4091
Ambaji,2025-04-06,22,Sunday,1,1,1,Sunny,27.7,4091,12235,1746
Ambaji,2025-04-06,23,Sunday,1,1,1,Sunny,24.7,1746,7075,583
Ambaji,2025-04-07,0,Monday,0,0,0,Clear,26.4,583,3929,43
Ambaji,2025-04-07,1,Monday,0,0,0,Clear,26.9,43,2266,27
Ambaji,2025-04-07,2,Monday,0,0,0,Clear,26.3,27,1136,24
Ambaji,2025-04-07,3,Monday,0,0,0,Clear,25.6,24,688,83
Ambaji,2025-04-07,4,Monday,0,0,0,Clear,25.5,83,966,477
Ambaji,2025-04-07,5,Monday,0,0,0,Clear,27.1,477,1828,979
Ambaji,2025-04-07,6,Monday,0,0,0,Clear,29.7,979,3667,2054
Ambaji,2025-04-07,7,Monday,0,0,0,Clear,30.5,2054,5125,2402
Ambaji,2025-04-07,8,Monday,0,0,0,Clear,32.2,2402,5354,2106
Ambaji,2025-04-07,9,Monday,0,0,0,Clear,33.9,2106,5025,1594
Ambaji,2025-04-07,10,Monday,0,0,0,Clear,34.9,1594,5564,2128
Ambaji,2025-04-07,11,Monday,0,0,0,Clear,36.8,2128,5451,1815
Ambaji,2025-04-07,12,Monday,0,0,0,Clear,38.0,1815,4428,1065
Ambaji,2025-04-07,13,Monday,0,0,0,Clear,39.0,1065,3527,1111
Ambaji,2025-04-07,14,Monday,0,0,0,Clear,39.1,1111,3161,985
Ambaji,2025-04-07,15,Monday,0,0,0,Clear,39.3,985,4128,1897
Ambaji,2025-04-07,16,Monday,0,0,0,Clear,37.9,1897,4751,2007
Ambaji,2025-04-07,17,Monday,0,0,0,Clear,37.7,2007,5859,2499
Ambaji,2025-04-07,18,Monday,0,0,0,Clear,36.1,2499,6577,2707
Ambaji,2025-04-07,19,Monday,0,0,0,Clear,34.1,2707,6167,2021
Ambaji,2025-04-07,20,Monday,0,0,0,Clear,33.0,2021,4931,1459
Ambaji,2025-04-07,21,Monday,0,0,0,Clear,30.7,1459,3775,894
Ambaji,2025-04-07,22,Monday,0,0,0,Clear,29.3,894,2469,325
Ambaji,2025-04-07,23,Monday,0,0,0,Clear,27.0,325,1431,140
Ambaji,2025-04-08,0,Tuesday,0,0,0,Sunny,22.0,140,808,43
Ambaji,2025-04-08,1,Tuesday,0,0,0,Sunny,21.5,43,462,27
Ambaji,2025-04-08,2,Tuesday,0,0,0,Sunny,21.6,27,303,26
Ambaji,2025-04-08,3,Tuesday,0,0,0,Sunny,21.7,26,232,56
Ambaji,2025-04-08,4,Tuesday,0,0,0,Sunny,22.1,56,736,453
Ambaji,2025-04-08,5,Tuesday,0,0,0,Sunny,23.4,453,1516,821
Ambaji,2025-04-08,6,Tuesday,0,0,0,Sunny,24.0,821,2950,1619
Ambaji,2025-04-08,7,Tuesday,0,0,0,Sunny,26.4,1619,4346,2121
Ambaji,2025-04-08,8,Tuesday,0,0,0,Sunny,27.3,2121,4758,1921
Ambaji,2025-04-08,9,Tuesday,0,0,0,Sunny,28.6,1921,5335,2058
Ambaji,2025-04-08,10,Tuesday,0,0,0,Sunny,31.2,2058,5749,2097
Ambaji,2025-04-08,11,Tuesday,0,0,0,Sunny,32.0,2097,4989,1485
Ambaji,2025-04-08,12,Tuesday,0,0,0,Sunny,32.1,1485,3774,890
Ambaji,2025-04-08,13,Tuesday,0,0,0,Sunny,33.9,890,3303,959
Ambaji,2025-04-08,14,Tuesday,0,0,0,Sunny,33.2,959,3306,1165
Ambaji,2025-04-08,15,Tuesday,0,0,0,Sunny,34.4,1165,3880,1610
Ambaji,2025-04-08,16,Tuesday,0,0,0,Sunny,34.1,1610,4189,1679
Ambaji,2025-04-08,17,Tuesday,0,0,0,Sunny,32.5,1679,5201,2218
Ambaji,2025-04-08,18,Tuesday,0,0,0,Sunny,32.1,2218,6288,2633
Ambaji,2025-04-08,19,Tuesday,0,0,0,Sunny,28.8,2633,5527,1681
Ambaji,2025-04-08,20,Tuesday,0,0,0,Sunny,28.2,1681,4939,1487
Ambaji,2025-04-08,21,Tuesday,0,0,0,Sunny,26.7,1487,4064,1067
Ambaji,2025-04-08,22,Tuesday,0,0,0,Sunny,24.4,1067,2481,322
Ambaji,2025-04-08,23,Tuesday,0,0,0,Sunny,22.7,322,1463,116
Ambaji,2025-04-09,0,Wednesday,0,0,0,Sunny,24.0,116,791,43
Ambaji,2025-04-09,1,Wednesday,0,0,0,Sunny,24.1,43,460,22
Ambaji,2025-04-09,2,Wednesday,0,0,0,Sunny,23.3,22,269,24
Ambaji,2025-04-09,3,Wednesday,0,0,0,Sunny,22.5,24,207,58
Ambaji,2025-04-09,4,Wednesday,0,0,0,Sunny,24.3,58,814,532
Ambaji,2025-04-09,5,Wednesday,0,0,0,Sunny,26.0,532,1761,986
Ambaji,2025-04-09,6,Wednesday,0,0,0,Sunny,25.4,986,3736,2082
Ambaji,2025-04-09,7,Wednesday,0,0,0,Sunny,28.6,2082,5569,2590
Ambaji,2025-04-09,8,Wednesday,0,0,0,Sunny,29.3,2590,6014,2375
Ambaji,2025-04-09,9,Wednesday,0,0,0,Sunny,31.9,2375,6345,2260
Ambaji,2025-04-09,10,Wednesday,0,0,0,Sunny,33.6,2260,5545,1498
Ambaji,2025-04-09,11,Wednesday,0,0,0,Sunny,34.9,1498,4889,1448
Ambaji,2025-04-09,12,Wednesday,0,0,0,Sunny,35.3,1448,4026,1134
Ambaji,2025-04-09,13,Wednesday,0,0,0,Sunny,36.4,1134,3302,929
Ambaji,2025-04-09,14,Wednesday,0,0,0,Sunny,36.4,929,3748,1548
Ambaji,2025-04-09,15,Wednesday,0,0,0,Sunny,35.9,1548,3698,1336
Ambaji,2025-04-09,16,Wednesday,0,0,0,Sunny,35.9,1336,4729,2079
Ambaji,2025-04-09,17,Wednesday,0,0,0,Sunny,35.0,2079,5956,2605
Ambaji,2025-04-09,18,Wednesday,0,0,0,Sunny,32.1,2605,6951,2835
Ambaji,2025-04-09,19,Wednesday,0,0,0,Sunny,31.4,2835,6437,1991
Ambaji,2025-04-09,20,Wednesday,0,0,0,Sunny,29.9,1991,5214,1535
Ambaji,2025-04-09,21,Wednesday,0,0,0,Sunny,28.6,1535,4084,991
Ambaji,2025-04-09,22,Wednesday,0,0,0,Sunny,24.7,991,2629,393
Ambaji,2025-04-09,23,Wednesday,0,0,0,Sunny,24.6,393,1610,144
Ambaji,2025-04-10,0,Thursday,0,0,0,Sunny,17.0,144,858,47
Ambaji,2025-04-10,1,Thursday,0,0,0,Sunny,17.0,47,470,28
Ambaji,2025-04-10,2,Thursday,0,0,0,Sunny,17.0,28,295,26
Ambaji,2025-04-10,3,Thursday,0,0,0,Sunny,17.0,26,289,89
Ambaji,2025-04-10,4,Thursday,0,0,0,Sunny,17.0,89,891,551
Ambaji,2025-04-10,5,Thursday,0,0,0,Sunny,18.4,551,1793,1007
Ambaji,2025-04-10,6,Thursday,0,0,0,Sunny,17.1,1007,3366,1793
Ambaji,2025-04-10,7,Thursday,0,0,0,Sunny,21.6,1793,5001,2343
Ambaji,2025-04-10,8,Thursday,0,0,0,Sunny,22.2,2343,6029,2438
Ambaji,2025-04-10,9,Thursday,0,0,0,Sunny,22.8,2438,6133,2267
Ambaji,2025-04-10,10,Thursday,0,0,0,Sunny,26.6,2267,5706,1803
Ambaji,2025-04-10,11,Thursday,0,0,0,Sunny,27.8,1803,4727,1319
Ambaji,2025-04-10,12,Thursday,0,0,0,Sunny,28.0,1319,4202,1230
Ambaji,2025-04-10,13,Thursday,0,0,0,Sunny,28.8,1230,3442,847
Ambaji,2025-04-10,14,Thursday,0,0,0,Sunny,29.1,847,2949,960
Ambaji,2025-04-10,15,Thursday,0,0,0,Sunny,29.2,960,3424,1295
Ambaji,2025-04-10,16,Thursday,0,0,0,Sunny,27.7,1295,4480,1989
Ambaji,2025-04-10,17,Thursday,0,0,0,Sunny,26.8,1989,4901,1888
Ambaji,2025-04-10,18,Thursday,0,0,0,Sunny,25.4,1888,6195,2713
Ambaji,2025-04-10,19,Thursday,0,0,0,Sunny,24.4,2713,6708,2648
Ambaji,2025-04-10,20,Thursday,0,0,0,Sunny,22.2,2648,5274,1348
Ambaji,2025-04-10,21,Thursday,0,0,0,Sunny,21.0,1348,4023,906
Ambaji,2025-04-10,22,Thursday,0,0,0,Sunny,19.1,906,2600,352
Ambaji,2025-04-10,23,Thursday,0,0,0,Sunny,17.7,352,1501,139
Ambaji,2025-04-11,0,Friday,0,0,0,Sunny,17.0,139,891,59
Ambaji,2025-04-11,1,Friday,0,0,0,Sunny,17.0,59,460,32
Ambaji,2025-04-11,2,Friday,0,0,0,Sunny,17.0,32,276,30
Ambaji,2025-04-11,3,Friday,0,0,0,Sunny,17.0,30,263,87
Ambaji,2025-04-11,4,Friday,0,0,0,Sunny,17.8,87,872,543
Ambaji,2025-04-11,5,Friday,0,0,0,Sunny,18.4,543,2162,1244
Ambaji,2025-04-11,6,Friday,0,0,0,Sunny,20.0,1244,3622,1855
Ambaji,2025-04-11,7,Friday,0,0,0,Sunny,21.1,1855,6635,3543
Ambaji,2025-04-11,8,Friday,0,0,0,Sunny,22.3,3543,7774,3139
Ambaji,2025-04-11,9,Friday,0,0,0,Sunny,24.5,3139,7727,2587
Ambaji,2025-04-11,10,Friday,0,0,0,Sunny,25.7,2587,6835,2164
Ambaji,2025-04-11,11,Friday,0,0,0,Sunny,28.2,2164,5952,1916
Ambaji,2025-04-11,12,Friday,0,0,0,Sunny,28.0,1916,5440,1613
Ambaji,2025-04-11,13,Friday,0,0,0,Sunny,29.8,1613,4566,1129
Ambaji,2025-04-11,14,Friday,0,0,0,Sunny,28.8,1129,4344,1498
Ambaji,2025-04-11,15,Friday,0,0,0,Sunny,29.1,1498,4851,1932
Ambaji,2025-04-11,16,Friday,0,0,0,Sunny,28.4,1932,5242,2200
Ambaji,2025-04-11,17,Friday,0,0,0,Sunny,28.0,2200,6446,2568
Ambaji,2025-04-11,18,Friday,0,0,0,Sunny,26.0,2568,8009,3674
Ambaji,2025-04-11,19,Friday,0,0,0,Sunny,25.0,3674,8351,2900
Ambaji,2025-04-11,20,Friday,0,0,0,Sunny,21.9,2900,6865,1776
Ambaji,2025-04-11,21,Friday,0,0,0,Sunny,21.2,1776,5081,1167
Ambaji,2025-04-11,22,Friday,0,0,0,Sunny,20.5,1167,3548,661
Ambaji,2025-04-11,23,Friday,0,0,0,Sunny,18.4,661,2182,162
Ambaji,2025-04-12,0,Saturday,1,0,0,Clear,24.9,162,1369,60
Ambaji,2025-04-12,1,Saturday,1,0,0,Clear,25.0,60,745,42
Ambaji,2025-04-12,2,Saturday,1,0,0,Clear,24.9,42,470,50
Ambaji,2025-04-12,3,Saturday,1,0,0,Clear,24.3,50,402,116
Ambaji,2025-04-12,4,Saturday,1,0,0,Clear,24.7,116,1161,702
Ambaji,2025-04-12,5,Saturday,1,0,0,Clear,26.4,702,3051,1795
Ambaji,2025-04-12,6,Saturday,1,0,0,Clear,28.6,1795,5356,2755
Ambaji,2025-04-12,7,Saturday,1,0,0,Clear,29.8,2755,7754,3668
Ambaji,2025-04-12,8,Saturday,1,0,0,Clear,30.9,3668,11258,5337
Ambaji,2025-04-12,9,Saturday,1,0,0,Clear,33.0,5337,10548,3581
Ambaji,2025-04-12,10,Saturday,1,0,0,Clear,33.6,3581,10526,3578
Ambaji,2025-04-12,11,Saturday,1,0,0,Clear,35.5,3578,8644,2312
Ambaji,2025-04-12,12,Saturday,1,0,0,Clear,36.5,2312,6567,1745
Ambaji,2025-04-12,13,Saturday,1,0,0,Clear,37.6,1745,5779,1613
Ambaji,2025-04-12,14,Saturday,1,0,0,Clear,37.6,1613,5240,1829
Ambaji,2025-04-12,15,Saturday,1,0,0,Clear,38.1,1829,6432,2743
Ambaji,2025-04-12,16,Saturday,1,0,0,Clear,36.0,2743,7044,2808
Ambaji,2025-04-12,17,Saturday,1,0,0,Clear,36.3,2808,9026,4175
Ambaji,2025-04-12,18,Saturday,1,0,0,Clear,34.6,4175,9903,3950
Ambaji,2025-04-12,19,Saturday,1,0,0,Clear,33.3,3950,10735,3929
Ambaji,2025-04-12,20,Saturday,1,0,0,Clear,31.0,3929,9452,2988
Ambaji,2025-04-12,21,Saturday,1,0,0,Clear,29.2,2988,6957,1508
Ambaji,2025-04-12,22,Saturday,1,0,0,Clear,26.9,1508,4763,654
Ambaji,2025-04-12,23,Saturday,1,0,0,Clear,25.7,654,2580,191
Ambaji,2025-04-13,0,Sunday,1,0,0,Rainy,27.2,191,1421,72
Ambaji,2025-04-13,1,Sunday,1,0,0,Rainy,25.0,72,779,47
Ambaji,2025-04-13,2,Sunday,1,0,0,Rainy,24.4,47,450,44
Ambaji,2025-04-13,3,Sunday,1,0,0,Rainy,24.7,44,382,118
Ambaji,2025-04-13,4,Sunday,1,0,0,Heavy Rain,27.2,118,830,477
Ambaji,2025-04-13,5,Sunday,1,0,0,Heavy Rain,25.2,477,1607,860
Ambaji,2025-04-13,6,Sunday,1,0,0,Heavy Rain,28.3,860,3050,1659
Ambaji,2025-04-13,7,Sunday,1,0,0,Heavy Rain,29.1,1659,4229,2017
Ambaji,2025-04-13,8,Sunday,1,0,0,Heavy Rain,31.1,2017,5762,2702
Ambaji,2025-04-13,9,Sunday,1,0,0,Heavy Rain,33.4,2702,5873,2251
Ambaji,2025-04-13,10,Sunday,1,0,0,Heavy Rain,34.2,2251,5588,1982
Ambaji,2025-04-13,11,Sunday,1,0,0,Heavy Rain,36.0,1982,5517,1829
Ambaji,2025-04-13,12,Sunday,1,0,0,Heavy Rain,37.2,1829,4349,1102
Ambaji,2025-04-13,13,Sunday,1,0,0,Heavy Rain,38.4,1102,3166,682
Ambaji,2025-04-13,14,Sunday,1,0,0,Heavy Rain,36.7,682,3084,1079
Ambaji,2025-04-13,15,Sunday,1,0,0,Heavy Rain,38.6,1079,3576,1492
Ambaji,2025-04-13,16,Sunday,1,0,0,Heavy Rain,36.9,1492,4358,1890
Ambaji,2025-04-13,17,Sunday,1,0,0,Heavy Rain,36.0,1890,5716,2625
Ambaji,2025-04-13,18,Sunday,1,0,0,Heavy Rain,34.4,2625,6601,2340
Ambaji,2025-04-13,19,Sunday,1,0,0,Heavy Rain,33.4,2340,6645,2282
Ambaji,2025-04-13,20,Sunday,1,0,0,Heavy Rain,31.8,2282,5653,1581
Ambaji,2025-04-13,21,Sunday,1,0,0,Heavy Rain,28.8,1581,4152,910
Ambaji,2025-04-13,22,Sunday,1,0,0,Rainy,28.3,910,3150,673
Ambaji,2025-04-13,23,Sunday,1,0,0,Rainy,27.2,673,1818,160
Ambaji,2025-04-14,0,Monday,0,1,1,Clear,19.9,160,1024,94
Ambaji,2025-04-14,1,Monday,0,1,1,Clear,20.3,94,629,64
Ambaji,2025-04-14,2,Monday,0,1,1,Clear,20.1,64,395,69
Ambaji,2025-04-14,3,Monday,0,1,1,Clear,19.4,69,414,143
Ambaji,2025-04-14,4,Monday,0,1,1,Clear,19.5,143,1977,1306
Ambaji,2025-04-14,5,Monday,0,1,1,Clear,21.1,1306,3998,2170
Ambaji,2025-04-14,6,Monday,0,1,1,Clear,23.4,2170,6868,3578
Ambaji,2025-04-14,7,Monday,0,1,1,Clear,23.8,3578,11480,5900
Ambaji,2025-04-14,8,Monday,0,1,1,Clear,25.0,5900,14970,6714
Ambaji,2025-04-14,9,Monday,0,1,1,Clear,27.7,6714,12496,3388
Ambaji,2025-04-14,10,Monday,0,1,1,Clear,29.6,3388,12834,4874
Ambaji,2025-04-14,11,Monday,0,1,1,Clear,29.9,4874,11072,3086
Ambaji,2025-04-14,12,Monday,0,1,1,Clear,32.4,3086,8922,2379
Ambaji,2025-04-14,13,Monday,0,1,1,Clear,31.6,2379,8274,2463
Ambaji,2025-04-14,14,Monday,0,1,1,Clear,32.3,2463,7766,2546
Ambaji,2025-04-14,15,Monday,0,1,1,Clear,32.0,2546,8477,3466
Ambaji,2025-04-14,16,Monday,0,1,1,Clear,31.6,3466,10343,4476
Ambaji,2025-04-14,17,Monday,0,1,1,Clear,30.9,4476,13978,5703
Ambaji,2025-04-14,18,Monday,0,1,1,Clear,29.0,5703,14822,5438
Ambaji,2025-04-14,19,Monday,0,1,1,Clear,26.2,5438,13971,4180
Ambaji,2025-04-14,20,Monday,0,1,1,Clear,26.1,4180,12876,4037
Ambaji,2025-04-14,21,Monday,0,1,1,Clear,23.8,4037,10734,2670
Ambaji,2025-04-14,22,Monday,0,1,1,Clear,23.7,2670,6677,885
Ambaji,2025-04-14,23,Monday,0,1,1,Clear,20.8,885,4024,293
Ambaji,2025-04-15,0,Tuesday,0,0,0,Clear,27.3,293,2148,40
Ambaji,2025-04-15,1,Tuesday,0,0,0,Clear,25.8,40,1185,23
Ambaji,2025-04-15,2,Tuesday,0,0,0,Clear,25.6,23,644,21
Ambaji,2025-04-15,3,Tuesday,0,0,0,Clear,27.2,21,392,46
Ambaji,2025-04-15,4,Tuesday,0,0,0,Clear,27.4,46,690,362
Ambaji,2025-04-15,5,Tuesday,0,0,0,Clear,27.4,362,1507,856
Ambaji,2025-04-15,6,Tuesday,0,0,0,Clear,28.7,856,2812,1504
Ambaji,2025-04-15,7,Tuesday,0,0,0,Clear,32.4,1504,4773,2398
Ambaji,2025-04-15,8,Tuesday,0,0,0,Clear,33.2,2398,5478,2191
Ambaji,2025-04-15,9,Tuesday,0,0,0,Clear,35.1,2191,6045,2347
Ambaji,2025-04-15,10,Tuesday,0,0,0,Clear,36.4,2347,6546,2423
Ambaji,2025-04-15,11,Tuesday,0,0,0,Clear,37.3,2423,5206,1468
Ambaji,2025-04-15,12,Tuesday,0,0,0,Clear,39.9,1468,4405,1249
Ambaji,2025-04-15,13,Tuesday,0,0,0,Clear,40.0,1249,3555,973
Ambaji,2025-04-15,14,Tuesday,0,0,0,Clear,39.9,973,3476,1148
Ambaji,2025-04-15,15,Tuesday,0,0,0,Clear,38.3,1148,3678,1286
Ambaji,2025-04-15,16,Tuesday,0,0,0,Clear,39.5,1286,5112,2213
Ambaji,2025-04-15,17,Tuesday,0,0,0,Clear,37.8,2213,5863,2464
Ambaji,2025-04-15,18,Tuesday,0,0,0,Clear,35.7,2464,5670,1978
Ambaji,2025-04-15,19,Tuesday,0,0,0,Clear,33.2,1978,6173,2346
Ambaji,2025-04-15,20,Tuesday,0,0,0,Clear,31.5,2346,5566,1511
Ambaji,2025-04-15,21,Tuesday,0,0,0,Clear,30.9,1511,3716,800
Ambaji,2025-04-15,22,Tuesday,0,0,0,Clear,28.4,800,2447,412
Ambaji,2025-04-15,23,Tuesday,0,0,0,Clear,27.8,412,1428,122
Ambaji,2025-04-16,0,Wednesday,0,0,0,Sunny,17.7,122,829,36
Ambaji,2025-04-16,1,Wednesday,0,0,0,Sunny,18.1,36,517,29
Ambaji,2025-04-16,2,Wednesday,0,0,0,Sunny,17.6,29,300,26
Ambaji,2025-04-16,3,Wednesday,0,0,0,Sunny,17.6,26,235,58
Ambaji,2025-04-16,4,Wednesday,0,0,0,Sunny,18.7,58,776,484
Ambaji,2025-04-16,5,Wednesday,0,0,0,Sunny,20.1,484,1732,990
Ambaji,2025-04-16,6,Wednesday,0,0,0,Sunny,20.4,990,2958,1475
Ambaji,2025-04-16,7,Wednesday,0,0,0,Sunny,22.1,1475,4209,2002
Ambaji,2025-04-16,8,Wednesday,0,0,0,Sunny,24.1,2002,6154,2964
Ambaji,2025-04-16,9,Wednesday,0,0,0,Sunny,27.6,2964,6483,2188
Ambaji,2025-04-16,10,Wednesday,0,0,0,Sunny,28.1,2188,6235,1924
Ambaji,2025-04-16,11,Wednesday,0,0,0,Sunny,29.7,1924,5822,1633
Ambaji,2025-04-16,12,Wednesday,0,0,0,Sunny,29.7,1633,4186,934
Ambaji,2025-04-16,13,Wednesday,0,0,0,Sunny,31.8,934,3599,1096
Ambaji,2025-04-16,14,Wednesday,0,0,0,Sunny,29.5,1096,3250,1091
Ambaji,2025-04-16,15,Wednesday,0,0,0,Sunny,30.4,1091,3277,1276
Ambaji,2025-04-16,16,Wednesday,0,0,0,Sunny,31.2,1276,4198,1758
Ambaji,2025-04-16,17,Wednesday,0,0,0,Sunny,28.9,1758,5030,2068
Ambaji,2025-04-16,18,Wednesday,0,0,0,Sunny,27.4,2068,6014,2503
Ambaji,2025-04-16,19,Wednesday,0,0,0,Sunny,25.5,2503,5459,1733
Ambaji,2025-04-16,20,Wednesday,0,0,0,Sunny,24.9,1733,4773,1417
Ambaji,2025-04-16,21,Wednesday,0,0,0,Sunny,23.5,1417,3722,911
Ambaji,2025-04-16,22,Wednesday,0,0,0,Sunny,21.0,911,2331,364
Ambaji,2025-04-16,23,Wednesday,0,0,0,Sunny,19.0,364,1444,138
Ambaji,2025-04-17,0,Thursday,0,0,0,Clear,28.2,138,812,43
Ambaji,2025-04-17,1,Thursday,0,0,0,Clear,24.9,43,424,25
Ambaji,2025-04-17,2,Thursday,0,0,0,Clear,27.1,25,246,28
Ambaji,2025-04-17,3,Thursday,0,0,0,Clear,27.1,28,200,58
Ambaji,2025-04-17,4,Thursday,0,0,0,Clear,27.1,58,802,512
Ambaji,2025-04-17,5,Thursday,0,0,0,Clear,28.3,512,2046,1206
Ambaji,2025-04-17,6,Thursday,0,0,0,Clear,30.1,1206,3535,1838
Ambaji,2025-04-17,7,Thursday,0,0,0,Clear,31.9,1838,5198,2549
Ambaji,2025-04-17,8,Thursday,0,0,0,Clear,33.2,2549,6913,3101
Ambaji,2025-04-17,9,Thursday,0,0,0,Clear,35.2,3101,7020,2604
Ambaji,2025-04-17,10,Thursday,0,0,0,Clear,36.6,2604,6737,2119
Ambaji,2025-04-17,11,Thursday,0,0,0,Clear,36.6,2119,5278,1444
Ambaji,2025-04-17,12,Thursday,0,0,0,Clear,39.0,1444,4163,983
Ambaji,2025-04-17,13,Thursday,0,0,0,Clear,39.9,983,3711,1069
Ambaji,2025-04-17,14,Thursday,0,0,0,Clear,40.0,1069,3452,1120
Ambaji,2025-04-17,15,Thursday,0,0,0,Clear,39.5,1120,3610,1281
Ambaji,2025-04-17,16,Thursday,0,0,0,Clear,39.0,1281,4170,1661
Ambaji,2025-04-17,17,Thursday,0,0,0,Clear,37.9,1661,4624,1929
Ambaji,2025-04-17,18,Thursday,0,0,0,Clear,36.2,1929,6204,2744
Ambaji,2025-04-17,19,Thursday,0,0,0,Clear,35.5,2744,6407,2360
Ambaji,2025-04-17,20,Thursday,0,0,0,Clear,34.4,2360,5786,1791
Ambaji,2025-04-17,21,Thursday,0,0,0,Clear,31.9,1791,4235,915
Ambaji,2025-04-17,22,Thursday,0,0,0,Clear,28.8,915,2927,393
Ambaji,2025-04-17,23,Thursday,0,0,0,Clear,28.7,393,1786,139
Ambaji,2025-04-18,0,Friday,0,1,0,Clear,25.0,139,925,56
Ambaji,2025-04-18,1,Friday,0,1,0,Clear,24.8,56,538,44
Ambaji,2025-04-18,2,Friday,0,1,0,Clear,24.3,44,333,40
Ambaji,2025-04-18,3,Friday,0,1,0,Clear,24.0,40,337,124
Ambaji,2025-04-18,4,Friday,0,1,0,Clear,24.7,124,1122,695
Ambaji,2025-04-18,5,Friday,0,1,0,Clear,25.5,695,3061,1831
Ambaji,2025-04-18,6,Friday,0,1,0,Clear,27.3,1831,6317,3479
Ambaji,2025-04-18,7,Friday,0,1,0,Clear,29.1,3479,7885,3330
Ambaji,2025-04-18,8,Friday,0,1,0,Clear,31.3,3330,9675,4127
Ambaji,2025-04-18,9,Friday,0,1,0,Clear,32.0,4127,9673,3418
Ambaji,2025-04-18,10,Friday,0,1,0,Clear,34.5,3418,9650,3261
Ambaji,2025-04-18,11,Friday,0,1,0,Clear,35.9,3261,7972,1963
Ambaji,2025-04-18,12,Friday,0,1,0,Clear,36.3,1963,6522,1836
Ambaji,2025-04-18,13,Friday,0,1,0,Clear,36.6,1836,5359,1536
Ambaji,2025-04-18,14,Friday,0,1,0,Clear,37.6,1536,5148,1847
Ambaji,2025-04-18,15,Friday,0,1,0,Clear,37.6,1847,7408,3548
Ambaji,2025-04-18,16,Friday,0,1,0,Clear,36.1,3548,8602,3362
Ambaji,2025-04-18,17,Friday,0,1,0,Clear,36.8,3362,10694,4210
Ambaji,2025-04-18,18,Friday,0,1,0,Clear,34.5,4210,11227,4494
Ambaji,2025-04-18,19,Friday,0,1,0,Clear,32.9,4494,11028,3933
Ambaji,2025-04-18,20,Friday,0,1,0,Clear,31.6,3933,9060,2214
Ambaji,2025-04-18,21,Friday,0,1,0,Clear,28.8,2214,6626,1535
Ambaji,2025-04-18,22,Friday,0,1,0,Clear,27.5,1535,4467,605
Ambaji,2025-04-18,23,Friday,0,1,0,Clear,25.8,605,2828,218
Ambaji,2025-04-19,0,Saturday,1,0,0,Cloudy,30.5,218,1492,61
Ambaji,2025-04-19,1,Saturday,1,0,0,Cloudy,28.9,61,881,45
Ambaji,2025-04-19,2,Saturday,1,0,0,Cloudy,28.2,45,510,42
Ambaji,2025-04-19,3,Saturday,1,0,0,Cloudy,28.5,42,423,105
Ambaji,2025-04-19,4,Saturday,1,0,0,Cloudy,28.1,105,1375,871
Ambaji,2025-04-19,5,Saturday,1,0,0,Cloudy,30.0,871,2753,1550
Ambaji,2025-04-19,6,Saturday,1,0,0,Cloudy,30.1,1550,4871,2545
Ambaji,2025-04-19,7,Saturday,1,0,0,Cloudy,32.6,2545,7059,3226
Ambaji,2025-04-19,8,Saturday,1,0,0,Cloudy,33.9,3226,9334,4316
Ambaji,2025-04-19,9,Saturday,1,0,0,Cloudy,35.7,4316,9459,3300
Ambaji,2025-04-19,10,Saturday,1,0,0,Cloudy,37.2,3300,8889,3116
Ambaji,2025-04-19,11,Saturday,1,0,0,Cloudy,38.9,3116,8628,2595
Ambaji,2025-04-19,12,Saturday,1,0,0,Cloudy,39.9,2595,6949,1876
Ambaji,2025-04-19,13,Saturday,1,0,0,Cloudy,40.0,1876,5772,1712
Ambaji,2025-04-19,14,Saturday,1,0,0,Cloudy,40.0,1712,5487,1932
Ambaji,2025-04-19,15,Saturday,1,0,0,Rainy,40.0,1932,5698,1940
Ambaji,2025-04-19,16,Saturday,1,0,0,Cloudy,40.0,1940,6782,2909
Ambaji,2025-04-19,17,Saturday,1,0,0,Rainy,39.7,2909,7327,2445
Ambaji,2025-04-19,18,Saturday,1,0,0,Cloudy,38.8,2445,9373,3876
Ambaji,2025-04-19,19,Saturday,1,0,0,Cloudy,36.7,3876,9616,3642
Ambaji,2025-04-19,20,Saturday,1,0,0,Cloudy,34.3,3642,7974,2567
Ambaji,2025-04-19,21,Saturday,1,0,0,Cloudy,32.6,2567,6451,1506
Ambaji,2025-04-19,22,Saturday,1,0,0,Cloudy,31.0,1506,3969,711
Ambaji,2025-04-19,23,Saturday,1,0,0,Cloudy,30.6,711,2338,193
Ambaji,2025-04-20,0,Sunday,1,0,1,Sunny,28.2,193,1505,195
Ambaji,2025-04-20,1,Sunday,1,0,1,Sunny,27.4,195,976,146
Ambaji,2025-04-20,2,Sunday,1,0,1,Sunny,26.4,146,760,176
Ambaji,2025-04-20,3,Sunday,1,0,1,Sunny,28.2,176,807,290
Ambaji,2025-04-20,4,Sunday,1,0,1,Sunny,28.2,290,3528,2294
Ambaji,2025-04-20,5,Sunday,1,0,1,Sunny,29.5,2294,7306,4225
Ambaji,2025-04-20,6,Sunday,1,0,1,Sunny,31.3,4225,15517,8646
Ambaji,2025-04-20,7,Sunday,1,0,1,Sunny,32.7,8646,21678,10403
Ambaji,2025-04-20,8,Sunday,1,0,1,Sunny,33.3,10403,23254,9570
Ambaji,2025-04-20,9,Sunday,1,0,1,Sunny,35.2,9570,32549,15175
Ambaji,2025-04-20,10,Sunday,1,0,1,Sunny,38.4,15175,34064,12491
Ambaji,2025-04-20,11,Sunday,1,0,1,Sunny,39.0,12491,29068,7201
Ambaji,2025-04-20,12,Sunday,1,0,1,Sunny,40.0,7201,23656,5684
Ambaji,2025-04-20,13,Sunday,1,0,1,Sunny,40.0,5684,18869,5256
Ambaji,2025-04-20,14,Sunday,1,0,1,Sunny,40.0,5256,17765,6002
Ambaji,2025-04-20,15,Sunday,1,0,1,Sunny,40.0,6002,20667,8269
Ambaji,2025-04-20,16,Sunday,1,0,1,Sunny,39.8,8269,26505,11589
Ambaji,2025-04-20,17,Sunday,1,0,1,Sunny,39.4,11589,26860,10213
Ambaji,2025-04-20,18,Sunday,1,0,1,Sunny,36.0,10213,30403,12575
Ambaji,2025-04-20,19,Sunday,1,0,1,Sunny,34.9,12575,31758,11741
Ambaji,2025-04-20,20,Sunday,1,0,1,Sunny,33.9,11741,26698,8468
Ambaji,2025-04-20,21,Sunday,1,0,1,Sunny,31.4,8468,21395,6288
Ambaji,2025-04-20,22,Sunday,1,0,1,Sunny,29.7,6288,13790,1800
Ambaji,2025-04-20,23,Sunday,1,0,1,Sunny,30.0,1800,8705,798
Ambaji,2025-04-21,0,Monday,0,0,0,Clear,24.8,798,4669,52
Ambaji,2025-04-21,1,Monday,0,0,0,Clear,23.4,52,2568,24
Ambaji,2025-04-21,2,Monday,0,0,0,Clear,24.5,24,1419,25
Ambaji,2025-04-21,3,Monday,0,0,0,Clear,25.3,25,909,83
Ambaji,2025-04-21,4,Monday,0,0,0,Clear,25.3,83,1111,480
Ambaji,2025-04-21,5,Monday,0,0,0,Clear,26.0,480,1843,945
Ambaji,2025-04-21,6,Monday,0,0,0,Clear,28.2,945,2988,1558
Ambaji,2025-04-21,7,Monday,0,0,0,Clear,29.5,1558,4485,2282
Ambaji,2025-04-21,8,Monday,0,0,0,Clear,30.7,2282,5693,2527
Ambaji,2025-04-21,9,Monday,0,0,0,Clear,32.9,2527,5619,1968
Ambaji,2025-04-21,10,Monday,0,0,0,Clear,34.0,1968,5327,1969
Ambaji,2025-04-21,11,Monday,0,0,0,Clear,35.1,1969,5024,1614
Ambaji,2025-04-21,12,Monday,0,0,0,Clear,37.6,1614,4339,1234
Ambaji,2025-04-21,13,Monday,0,0,0,Clear,37.9,1234,3707,945
Ambaji,2025-04-21,14,Monday,0,0,0,Clear,38.1,945,3636,1128
Ambaji,2025-04-21,15,Monday,0,0,0,Clear,37.5,1128,4625,2004
Ambaji,2025-04-21,16,Monday,0,0,0,Clear,36.2,2004,4861,1851
Ambaji,2025-04-21,17,Monday,0,0,0,Clear,35.1,1851,6486,2935
Ambaji,2025-04-21,18,Monday,0,0,0,Clear,33.1,2935,7175,2801
Ambaji,2025-04-21,19,Monday,0,0,0,Clear,32.2,2801,6845,2313
Ambaji,2025-04-21,20,Monday,0,0,0,Clear,31.1,2313,6054,1800
Ambaji,2025-04-21,21,Monday,0,0,0,Clear,28.3,1800,4610,1264
Ambaji,2025-04-21,22,Monday,0,0,0,Clear,27.4,1264,2942,368
Ambaji,2025-04-21,23,Monday,0,0,0,Clear,26.1,368,1831,137
Ambaji,2025-04-22,0,Tuesday,0,0,0,Clear,17.5,137,1040,37
Ambaji,2025-04-22,1,Tuesday,0,0,0,Clear,17.1,37,576,29
Ambaji,2025-04-22,2,Tuesday,0,0,0,Clear,17.0,29,346,27
Ambaji,2025-04-22,3,Tuesday,0,0,0,Clear,17.0,27,267,65
Ambaji,2025-04-22,4,Tuesday,0,0,0,Clear,17.7,65,907,563
Ambaji,2025-04-22,5,Tuesday,0,0,0,Clear,17.8,563,1984,1109
Ambaji,2025-04-22,6,Tuesday,0,0,0,Clear,19.2,1109,4011,2235
Ambaji,2025-04-22,7,Tuesday,0,0,0,Clear,21.2,2235,5325,2422
Ambaji,2025-04-22,8,Tuesday,0,0,0,Clear,22.9,2422,6406,2669
Ambaji,2025-04-22,9,Tuesday,0,0,0,Clear,24.6,2669,6369,2152
Ambaji,2025-04-22,10,Tuesday,0,0,0,Clear,25.8,2152,5660,1737
Ambaji,2025-04-22,11,Tuesday,0,0,0,Clear,28.0,1737,4431,1201
Ambaji,2025-04-22,12,Tuesday,0,0,0,Clear,29.7,1201,3695,1065
Ambaji,2025-04-22,13,Tuesday,0,0,0,Clear,29.5,1065,2828,821
Ambaji,2025-04-22,14,Tuesday,0,0,0,Clear,29.4,821,2832,1003
Ambaji,2025-04-22,15,Tuesday,0,0,0,Clear,29.2,1003,3292,1441
Ambaji,2025-04-22,16,Tuesday,0,0,0,Clear,28.4,1441,4252,1970
Ambaji,2025-04-22,17,Tuesday,0,0,0,Clear,26.4,1970,5046,2039
Ambaji,2025-04-22,18,Tuesday,0,0,0,Clear,24.7,2039,6422,2775
Ambaji,2025-04-22,19,Tuesday,0,0,0,Clear,24.2,2775,5535,1725
Ambaji,2025-04-22,20,Tuesday,0,0,0,Clear,23.1,1725,5156,1797
Ambaji,2025-04-22,21,Tuesday,0,0,0,Clear,21.5,1797,4002,979
Ambaji,2025-04-22,22,Tuesday,0,0,0,Clear,18.8,979,2757,360
Ambaji,2025-04-22,23,Tuesday,0,0,0,Clear,18.0,360,1655,151
Ambaji,2025-04-23,0,Wednesday,0,0,0,Cloudy,20.6,151,947,35
Ambaji,2025-04-23,1,Wednesday,0,0,0,Cloudy,18.7,35,485,21
Ambaji,2025-04-23,2,Wednesday,0,0,0,Cloudy,18.1,21,298,26
Ambaji,2025-04-23,3,Wednesday,0,0,0,Cloudy,17.7,26,246,68
Ambaji,2025-04-23,4,Wednesday,0,0,0,Cloudy,19.3,68,780,475
Ambaji,2025-04-23,5,Wednesday,0,0,0,Cloudy,20.5,475,1489,805
Ambaji,2025-04-23,6,Wednesday,0,0,0,Cloudy,22.2,805,3361,1897
Ambaji,2025-04-23,7,Wednesday,0,0,0,Cloudy,23.0,1897,4260,1823
Ambaji,2025-04-23,8,Wednesday,0,0,0,Cloudy,24.3,1823,5721,2540
Ambaji,2025-04-23,9,Wednesday,0,0,0,Cloudy,26.5,2540,5781,2057
Ambaji,2025-04-23,10,Wednesday,0,0,0,Cloudy,28.0,2057,5023,1498
Ambaji,2025-04-23,11,Wednesday,0,0,0,Cloudy,29.8,1498,4820,1711
Ambaji,2025-04-23,12,Wednesday,0,0,0,Cloudy,31.4,1711,3527,881
Ambaji,2025-04-23,13,Wednesday,0,0,0,Cloudy,31.3,881,2776,790
Ambaji,2025-04-23,14,Wednesday,0,0,0,Cloudy,32.8,790,2934,1017
Ambaji,2025-04-23,15,Wednesday,0,0,0,Cloudy,32.4,1017,3256,1274
Ambaji,2025-04-23,16,Wednesday,0,0,0,Cloudy,30.0,1274,4206,1824
Ambaji,2025-04-23,17,Wednesday,0,0,0,Rainy,29.2,1824,4626,1787
Ambaji,2025-04-23,18,Wednesday,0,0,0,Cloudy,28.6,1787,5636,2432
Ambaji,2025-04-23,19,Wednesday,0,0,0,Cloudy,27.0,2432,5613,1995
Ambaji,2025-04-23,20,Wednesday,0,0,0,Cloudy,25.3,1995,4935,1339
Ambaji,2025-04-23,21,Wednesday,0,0,0,Cloudy,23.2,1339,3773,898
Ambaji,2025-04-23,22,Wednesday,0,0,0,Cloudy,22.1,898,2490,395
Ambaji,2025-04-23,23,Wednesday,0,0,0,Cloudy,21.2,395,1491,86
Ambaji,2025-04-24,0,Thursday,0,0,0,Clear,24.3,86,861,47
Ambaji,2025-04-24,1,Thursday,0,0,0,Clear,22.2,47,511,30
Ambaji,2025-04-24,2,Thursday,0,0,0,Clear,22.5,30,300,29
Ambaji,2025-04-24,3,Thursday,0,0,0,Clear,23.6,29,241,66
Ambaji,2025-04-24,4,Thursday,0,0,0,Clear,23.7,66,677,409
Ambaji,2025-04-24,5,Thursday,0,0,0,Clear,25.0,409,1898,1142
Ambaji,2025-04-24,6,Thursday,0,0,0,Clear,25.3,1142,3999,2179
Ambaji,2025-04-24,7,Thursday,0,0,0,Clear,27.9,2179,4901,2131
Ambaji,2025-04-24,8,Thursday,0,0,0,Clear,29.4,2131,6053,2625
Ambaji,2025-04-24,9,Thursday,0,0,0,Clear,30.7,2625,6643,2559
Ambaji,2025-04-24,10,Thursday,0,0,0,Clear,32.2,2559,6167,1989
Ambaji,2025-04-24,11,Thursday,0,0,0,Clear,33.8,1989,5687,1821
Ambaji,2025-04-24,12,Thursday,0,0,0,Clear,35.1,1821,4490,1087
Ambaji,2025-04-24,13,Thursday,0,0,0,Clear,35.9,1087,3743,951
Ambaji,2025-04-24,14,Thursday,0,0,0,Clear,35.3,951,3377,1004
Ambaji,2025-04-24,15,Thursday,0,0,0,Clear,37.4,1004,4184,1677
Ambaji,2025-04-24,16,Thursday,0,0,0,Clear,35.0,1677,4713,1843
Ambaji,2025-04-24,17,Thursday,0,0,0,Clear,34.8,1843,5273,2110
Ambaji,2025-04-24,18,Thursday,0,0,0,Clear,32.8,2110,5994,2466
Ambaji,2025-04-24,19,Thursday,0,0,0,Clear,31.7,2466,6376,2322
Ambaji,2025-04-24,20,Thursday,0,0,0,Clear,29.7,2322,5388,1483
Ambaji,2025-04-24,21,Thursday,0,0,0,Clear,27.2,1483,3905,925
Ambaji,2025-04-24,22,Thursday,0,0,0,Clear,25.8,925,2546,416
Ambaji,2025-04-24,23,Thursday,0,0,0,Clear,24.3,416,1528,157
Ambaji,2025-04-25,0,Friday,0,0,0,Clear,19.6,157,803,47
Ambaji,2025-04-25,1,Friday,0,0,0,Clear,20.5,47,493,32
Ambaji,2025-04-25,2,Friday,0,0,0,Clear,20.0,32,273,30
Ambaji,2025-04-25,3,Friday,0,0,0,Clear,20.6,30,232,69
Ambaji,2025-04-25,4,Friday,0,0,0,Clear,21.8,69,941,606
Ambaji,2025-04-25,5,Friday,0,0,0,Clear,22.4,606,2345,1346
Ambaji,2025-04-25,6,Friday,0,0,0,Clear,22.8,1346,3967,2077
Ambaji,2025-04-25,7,Friday,0,0,0,Clear,24.8,2077,5519,2694
Ambaji,2025-04-25,8,Friday,0,0,0,Clear,26.1,2694,7684,3540
Ambaji,2025-04-25,9,Friday,0,0,0,Clear,28.7,3540,7153,2618
Ambaji,2025-04-25,10,Friday,0,0,0,Clear,29.8,2618,6947,2554
Ambaji,2025-04-25,11,Friday,0,0,0,Clear,31.7,2554,5653,1509
Ambaji,2025-04-25,12,Friday,0,0,0,Clear,32.6,1509,4978,1241
Ambaji,2025-04-25,13,Friday,0,0,0,Clear,32.6,1241,4034,1051
Ambaji,2025-04-25,14,Friday,0,0,0,Clear,32.7,1051,3536,1151
Ambaji,2025-04-25,15,Friday,0,0,0,Clear,33.4,1151,4300,1707
Ambaji,2025-04-25,16,Friday,0,0,0,Clear,32.0,1707,5725,2542
Ambaji,2025-04-25,17,Friday,0,0,0,Clear,30.9,2542,6240,2608
Ambaji,2025-04-25,18,Friday,0,0,0,Clear,30.2,2608,7881,3625
Ambaji,2025-04-25,19,Friday,0,0,0,Clear,28.0,3625,7421,2378
Ambaji,2025-04-25,20,Friday,0,0,0,Clear,26.3,2378,6841,2264
Ambaji,2025-04-25,21,Friday,0,0,0,Clear,24.1,2264,4931,1065
Ambaji,2025-04-25,22,Friday,0,0,0,Clear,23.5,1065,3244,462
Ambaji,2025-04-25,23,Friday,0,0,0,Clear,21.3,462,1830,155
Ambaji,2025-04-26,0,Saturday,1,0,0,Sunny,20.3,155,1088,64
Ambaji,2025-04-26,1,Saturday,1,0,0,Sunny,20.5,64,654,55
Ambaji,2025-04-26,2,Saturday,1,0,0,Sunny,19.5,55,427,57
Ambaji,2025-04-26,3,Saturday,1,0,0,Sunny,20.0,57,377,113
Ambaji,2025-04-26,4,Saturday,1,0,0,Sunny,20.6,113,1110,665
Ambaji,2025-04-26,5,Saturday,1,0,0,Sunny,21.8,665,2955,1717
Ambaji,2025-04-26,6,Saturday,1,0,0,Sunny,22.8,1717,5892,3271
Ambaji,2025-04-26,7,Saturday,1,0,0,Sunny,25.0,3271,8451,3901
Ambaji,2025-04-26,8,Saturday,1,0,0,Sunny,27.2,3901,9925,3866
Ambaji,2025-04-26,9,Saturday,1,0,0,Sunny,29.1,3866,10002,3587
Ambaji,2025-04-26,10,Saturday,1,0,0,Sunny,29.5,3587,8969,3023
Ambaji,2025-04-26,11,Saturday,1,0,0,Sunny,31.7,3023,7220,2014
Ambaji,2025-04-26,12,Saturday,1,0,0,Sunny,32.2,2014,6479,2094
Ambaji,2025-04-26,13,Saturday,1,0,0,Sunny,33.2,2094,5625,1553
Ambaji,2025-04-26,14,Saturday,1,0,0,Sunny,33.4,1553,5684,2103
Ambaji,2025-04-26,15,Saturday,1,0,0,Sunny,32.3,2103,6360,2575
Ambaji,2025-04-26,16,Saturday,1,0,0,Sunny,32.3,2575,8067,3374
Ambaji,2025-04-26,17,Saturday,1,0,0,Sunny,31.7,3374,8971,3716
Ambaji,2025-04-26,18,Saturday,1,0,0,Sunny,30.8,3716,9436,3612
Ambaji,2025-04-26,19,Saturday,1,0,0,Sunny,28.6,3612,10750,4363
Ambaji,2025-04-26,20,Saturday,1,0,0,Sunny,26.5,4363,8892,2420
Ambaji,2025-04-26,21,Saturday,1,0,0,Sunny,24.1,2420,6735,1433
Ambaji,2025-04-26,22,Saturday,1,0,0,Sunny,22.9,1433,4488,750
Ambaji,2025-04-26,23,Saturday,1,0,0,Sunny,21.0,750,2529,258
Ambaji,2025-04-27,0,Sunday,1,0,0,Clear,17.8,258,1377,91
Ambaji,2025-04-27,1,Sunday,1,0,0,Clear,17.0,91,784,63
Ambaji,2025-04-27,2,Sunday,1,0,0,Clear,17.0,63,448,56
Ambaji,2025-04-27,3,Sunday,1,0,0,Clear,17.8,56,456,164
Ambaji,2025-04-27,4,Sunday,1,0,0,Clear,17.0,164,1933,1261
Ambaji,2025-04-27,5,Sunday,1,0,0,Clear,17.0,1261,4050,2266
Ambaji,2025-04-27,6,Sunday,1,0,0,Clear,19.5,2266,7793,4263
Ambaji,2025-04-27,7,Sunday,1,0,0,Clear,20.8,4263,10881,5305
Ambaji,2025-04-27,8,Sunday,1,0,0,Clear,21.7,5305,13863,6054
Ambaji,2025-04-27,9,Sunday,1,0,0,Clear,25.2,6054,13765,5175
Ambaji,2025-04-27,10,Sunday,1,0,0,Clear,25.1,5175,12802,4069
Ambaji,2025-04-27,11,Sunday,1,0,0,Clear,28.5,4069,11306,3743
Ambaji,2025-04-27,12,Sunday,1,0,0,Clear,28.2,3743,8915,2337
Ambaji,2025-04-27,13,Sunday,1,0,0,Clear,30.0,2337,8125,2614
Ambaji,2025-04-27,14,Sunday,1,0,0,Clear,29.7,2614,7236,2498
Ambaji,2025-04-27,15,Sunday,1,0,0,Clear,30.4,2498,7052,2692
Ambaji,2025-04-27,16,Sunday,1,0,0,Clear,29.8,2692,9804,4699
Ambaji,2025-04-27,17,Sunday,1,0,0,Clear,28.0,4699,13381,6387
Ambaji,2025-04-27,18,Sunday,1,0,0,Clear,25.9,6387,16132,7006
Ambaji,2025-04-27,19,Sunday,1,0,0,Clear,24.8,7006,15673,6139
Ambaji,2025-04-27,20,Sunday,1,0,0,Clear,22.7,6139,12826,4005
Ambaji,2025-04-27,21,Sunday,1,0,0,Clear,20.9,4005,9899,2566
Ambaji,2025-04-27,22,Sunday,1,0,0,Clear,18.7,2566,6762,1111
Ambaji,2025-04-27,23,Sunday,1,0,0,Clear,18.2,1111,4129,320
Ambaji,2025-04-28,0,Monday,0,0,0,Rainy,27.1,320,2116,32
Ambaji,2025-04-28,1,Monday,0,0,0,Rainy,25.1,32,1189,21
Ambaji,2025-04-28,2,Monday,0,0,0,Rainy,25.9,21,638,22
Ambaji,2025-04-28,3,Monday,0,0,0,Rainy,26.2,22,408,60
Ambaji,2025-04-28,4,Monday,0,0,0,Rainy,26.7,60,589,274
Ambaji,2025-04-28,5,Monday,0,0,0,Rainy,27.6,274,1311,748
Ambaji,2025-04-28,6,Monday,0,0,0,Rainy,29.1,748,2441,1304
Ambaji,2025-04-28,7,Monday,0,0,0,Rainy,31.7,1304,4009,1999
Ambaji,2025-04-28,8,Monday,0,0,0,Rainy,33.5,1999,4848,2009
Ambaji,2025-04-28,9,Monday,0,0,0,Rainy,35.3,2009,4300,1382
Ambaji,2025-04-28,10,Monday,0,0,0,Rainy,35.5,1382,4099,1323
Ambaji,2025-04-28,11,Monday,0,0,0,Rainy,36.7,1323,3685,1197
Ambaji,2025-04-28,12,Monday,0,0,0,Rainy,38.2,1197,3161,803
Ambaji,2025-04-28,13,Monday,0,0,0,Rainy,38.7,803,2472,679
Ambaji,2025-04-28,14,Monday,0,0,0,Rainy,38.9,679,2259,731
Ambaji,2025-04-28,15,Monday,0,0,0,Rainy,39.3,731,2728,1146
Ambaji,2025-04-28,16,Monday,0,0,0,Rainy,38.4,1146,2971,1224
Ambaji,2025-04-28,17,Monday,0,0,0,Heavy Rain,37.8,1224,2884,1055
Ambaji,2025-04-28,18,Monday,0,0,0,Rainy,35.9,1055,4224,2033
Ambaji,2025-04-28,19,Monday,0,0,0,Rainy,35.0,2033,4122,1585
Ambaji,2025-04-28,20,Monday,0,0,0,Rainy,33.2,1585,3520,1160
Ambaji,2025-04-28,21,Monday,0,0,0,Rainy,30.8,1160,2694,589
Ambaji,2025-04-28,22,Monday,0,0,0,Rainy,29.4,589,1813,263
Ambaji,2025-04-28,23,Monday,0,0,0,Rainy,28.3,263,1012,95
Ambaji,2025-04-29,0,Tuesday,0,0,0,Clear,20.0,95,568,32
Ambaji,2025-04-29,1,Tuesday,0,0,0,Clear,18.8,32,338,29
Ambaji,2025-04-29,2,Tuesday,0,0,0,Clear,19.0,29,197,24
Ambaji,2025-04-29,3,Tuesday,0,0,0,Clear,18.7,24,202,71
Ambaji,2025-04-29,4,Tuesday,0,0,0,Clear,19.3,71,649,407
Ambaji,2025-04-29,5,Tuesday,0,0,0,Clear,20.5,407,1688,982
Ambaji,2025-04-29,6,Tuesday,0,0,0,Clear,22.1,982,3371,1872
Ambaji,2025-04-29,7,Tuesday,0,0,0,Clear,23.6,1872,4747,2227
Ambaji,2025-04-29,8,Tuesday,0,0,0,Clear,25.3,2227,5793,2419
Ambaji,2025-04-29,9,Tuesday,0,0,0,Clear,27.7,2419,5366,1619
Ambaji,2025-04-29,10,Tuesday,0,0,0,Clear,27.6,1619,5645,1871
Ambaji,2025-04-29,11,Tuesday,0,0,0,Clear,30.0,1871,4934,1514
Ambaji,2025-04-29,12,Tuesday,0,0,0,Clear,31.5,1514,3932,1076
Ambaji,2025-04-29,13,Tuesday,0,0,0,Clear,31.7,1076,3096,788
Ambaji,2025-04-29,14,Tuesday,0,0,0,Clear,31.7,788,3055,1113
Ambaji,2025-04-29,15,Tuesday,0,0,0,Clear,31.6,1113,3509,1418
Ambaji,2025-04-29,16,Tuesday,0,0,0,Clear,31.2,1418,4222,1829
Ambaji,2025-04-29,17,Tuesday,0,0,0,Clear,30.1,1829,5371,2269
Ambaji,2025-04-29,18,Tuesday,0,0,0,Clear,29.3,2269,5755,2130
Ambaji,2025-04-29,19,Tuesday,0,0,0,Clear,27.5,2130,5446,1753
Ambaji,2025-04-29,20,Tuesday,0,0,0,Clear,25.9,1753,4660,1379
Ambaji,2025-04-29,21,Tuesday,0,0,0,Clear,23.7,1379,3606,965
Ambaji,2025-04-29,22,Tuesday,0,0,0,Clear,22.7,965,2408,303
Ambaji,2025-04-29,23,Tuesday,0,0,0,Clear,21.0,303,1468,120
Ambaji,2025-04-30,0,Wednesday,0,0,0,Clear,18.0,120,787,41
Ambaji,2025-04-30,1,Wednesday,0,0,0,Clear,17.0,41,431,27
Ambaji,2025-04-30,2,Wednesday,0,0,0,Clear,17.1,27,268,24
Ambaji,2025-04-30,3,Wednesday,0,0,0,Clear,18.1,24,231,63
Ambaji,2025-04-30,4,Wednesday,0,0,0,Clear,17.7,63,674,412
Ambaji,2025-04-30,5,Wednesday,0,0,0,Clear,19.0,412,1437,797
Ambaji,2025-04-30,6,Wednesday,0,0,0,Clear,20.3,797,3474,2003
Ambaji,2025-04-30,7,Wednesday,0,0,0,Clear,22.0,2003,4838,2144
Ambaji,2025-04-30,8,Wednesday,0,0,0,Clear,24.9,2144,5803,2338
Ambaji,2025-04-30,9,Wednesday,0,0,0,Clear,24.9,2338,5692,2024
Ambaji,2025-04-30,10,Wednesday,0,0,0,Clear,27.3,2024,5375,1619
Ambaji,2025-04-30,11,Wednesday,0,0,0,Clear,28.9,1619,4965,1638
Ambaji,2025-04-30,12,Wednesday,0,0,0,Clear,29.9,1638,3640,742
Ambaji,2025-04-30,13,Wednesday,0,0,0,Clear,30.1,742,2923,735
Ambaji,2025-04-30,14,Wednesday,0,0,0,Clear,30.6,735,2639,896
Ambaji,2025-04-30,15,Wednesday,0,0,0,Clear,31.3,896,3351,1416
Ambaji,2025-04-30,16,Wednesday,0,0,0,Clear,30.0,1416,4532,2001
Ambaji,2025-04-30,17,Wednesday,0,0,0,Clear,27.0,2001,5104,2304
Ambaji,2025-04-30,18,Wednesday,0,0,0,Clear,25.9,2304,5810,2403
Ambaji,2025-04-30,19,Wednesday,0,0,0,Clear,25.4,2403,5876,2100
Ambaji,2025-04-30,20,Wednesday,0,0,0,Clear,23.7,2100,5128,1644
Ambaji,2025-04-30,21,Wednesday,0,0,0,Clear,21.4,1644,3902,917
Ambaji,2025-04-30,22,Wednesday,0,0,0,Clear,19.6,917,2710,450
Ambaji,2025-04-30,23,Wednesday,0,0,0,Clear,18.4,450,1724,128
Ambaji,2025-05-01,0,Thursday,0,0,0,Rainy,24.7,128,1002,28
Ambaji,2025-05-01,1,Thursday,0,0,0,Rainy,24.5,28,547,19
Ambaji,2025-05-01,2,Thursday,0,0,0,Rainy,25.7,19,298,19
Ambaji,2025-05-01,3,Thursday,0,0,0,Rainy,24.0,19,215,53
Ambaji,2025-05-01,4,Thursday,0,0,0,Rainy,25.3,53,517,308
Ambaji,2025-05-01,5,Thursday,0,0,0,Rainy,25.5,308,1264,723
Ambaji,2025-05-01,6,Thursday,0,0,0,Rainy,28.1,723,2379,1252
Ambaji,2025-05-01,7,Thursday,0,0,0,Rainy,28.9,1252,3087,1369
Ambaji,2025-05-01,8,Thursday,0,0,0,Rainy,29.9,1369,4308,1954
Ambaji,2025-05-01,9,Thursday,0,0,0,Rainy,32.0,1954,4433,1613
Ambaji,2025-05-01,10,Thursday,0,0,0,Rainy,34.7,1613,3938,1158
Ambaji,2025-05-01,11,Thursday,0,0,0,Rainy,34.7,1158,3793,1212
Ambaji,2025-05-01,12,Thursday,0,0,0,Rainy,36.2,1212,3017,889
Ambaji,2025-05-01,13,Thursday,0,0,0,Rainy,37.9,889,2675,799
Ambaji,2025-05-01,14,Thursday,0,0,0,Rainy,37.4,799,2644,848
Ambaji,2025-05-01,15,Thursday,0,0,0,Rainy,37.2,848,2790,967
Ambaji,2025-05-01,16,Thursday,0,0,0,Heavy Rain,37.8,967,2639,802
Ambaji,2025-05-01,17,Thursday,0,0,0,Heavy Rain,36.5,802,2864,1133
Ambaji,2025-05-01,18,Thursday,0,0,0,Rainy,35.5,1133,3857,1741
Ambaji,2025-05-01,19,Thursday,0,0,0,Rainy,32.7,1741,3850,1518
Ambaji,2025-05-01,20,Thursday,0,0,0,Rainy,30.5,1518,3585,1180
Ambaji,2025-05-01,21,Thursday,0,0,0,Rainy,29.5,1180,2835,736
Ambaji,2025-05-01,22,Thursday,0,0,0,Rainy,26.9,736,1843,347
Ambaji,2025-05-01,23,Thursday,0,0,0,Rainy,25.8,347,1112,87
Ambaji,2025-05-02,0,Friday,0,0,0,Clear,27.0,87,699,51
Ambaji,2025-05-02,1,Friday,0,0,0,Clear,25.2,51,418,35
Ambaji,2025-05-02,2,Friday,0,0,0,Clear,25.8,35,270,33
Ambaji,2025-05-02,3,Friday,0,0,0,Clear,26.6,33,282,104
Ambaji,2025-05-02,4,Friday,0,0,0,Clear,26.9,104,895,551
Ambaji,2025-05-02,5,Friday,0,0,0,Clear,27.9,551,2098,1209
Ambaji,2025-05-02,6,Friday,0,0,0,Clear,29.2,1209,3841,2020
Ambaji,2025-05-02,7,Friday,0,0,0,Clear,30.8,2020,5985,2946
Ambaji,2025-05-02,8,Friday,0,0,0,Clear,32.4,2946,7948,3594
Ambaji,2025-05-02,9,Friday,0,0,0,Clear,34.7,3594,7011,2442
Ambaji,2025-05-02,10,Friday,0,0,0,Clear,35.6,2442,5957,1744
Ambaji,2025-05-02,11,Friday,0,0,0,Clear,38.2,1744,5014,1661
Ambaji,2025-05-02,12,Friday,0,0,0,Clear,39.3,1661,4248,1217
Ambaji,2025-05-02,13,Friday,0,0,0,Clear,39.5,1217,3912,1200
Ambaji,2025-05-02,14,Friday,0,0,0,Clear,39.8,1200,3389,1110
Ambaji,2025-05-02,15,Friday,0,0,0,Clear,39.8,1110,3879,1612
Ambaji,2025-05-02,16,Friday,0,0,0,Clear,37.6,1612,4984,2224
Ambaji,2025-05-02,17,Friday,0,0,0,Clear,36.8,2224,6081,2554
Ambaji,2025-05-02,18,Friday,0,0,0,Clear,35.5,2554,6757,2919
Ambaji,2025-05-02,19,Friday,0,0,0,Clear,35.5,2919,7320,2884
Ambaji,2025-05-02,20,Friday,0,0,0,Clear,32.1,2884,6416,1935
Ambaji,2025-05-02,21,Friday,0,0,0,Clear,30.2,1935,4369,830
Ambaji,2025-05-02,22,Friday,0,0,0,Clear,28.4,830,2958,493
Ambaji,2025-05-02,23,Friday,0,0,0,Clear,27.4,493,1878,151
Ambaji,2025-05-03,0,Saturday,1,0,0,Clear,28.7,151,1015,58
Ambaji,2025-05-03,1,Saturday,1,0,0,Clear,26.6,58,625,37
Ambaji,2025-05-03,2,Saturday,1,0,0,Clear,26.6,37,388,41
Ambaji,2025-05-03,3,Saturday,1,0,0,Clear,26.8,41,335,108
Ambaji,2025-05-03,4,Saturday,1,0,0,Clear,26.5,108,1538,1019
Ambaji,2025-05-03,5,Saturday,1,0,0,Clear,29.4,1019,2881,1518
Ambaji,2025-05-03,6,Saturday,1,0,0,Clear,30.0,1518,5974,3275
Ambaji,2025-05-03,7,Saturday,1,0,0,Clear,30.4,3275,7634,3511
Ambaji,2025-05-03,8,Saturday,1,0,0,Clear,33.2,3511,8350,3536
Ambaji,2025-05-03,9,Saturday,1,0,0,Clear,34.7,3536,8225,2835
Ambaji,2025-05-03,10,Saturday,1,0,0,Clear,35.7,2835,7617,2835
Ambaji,2025-05-03,11,Saturday,1,0,0,Clear,38.8,2835,6806,2161
Ambaji,2025-05-03,12,Saturday,1,0,0,Clear,37.8,2161,6037,1621
Ambaji,2025-05-03,13,Saturday,1,0,0,Clear,39.7,1621,5075,1438
Ambaji,2025-05-03,14,Saturday,1,0,0,Clear,39.4,1438,5279,1883
Ambaji,2025-05-03,15,Saturday,1,0,0,Clear,39.3,1883,6193,2530
Ambaji,2025-05-03,16,Saturday,1,0,0,Clear,38.7,2530,7149,2973
Ambaji,2025-05-03,17,Saturday,1,0,0,Clear,38.2,2973,9485,4429
Ambaji,2025-05-03,18,Saturday,1,0,0,Clear,36.3,4429,10517,3991
Ambaji,2025-05-03,19,Saturday,1,0,0,Clear,34.5,3991,11829,4667
Ambaji,2025-05-03,20,Saturday,1,0,0,Clear,33.8,4667,9368,2380
Ambaji,2025-05-03,21,Saturday,1,0,0,Clear,31.7,2380,6746,1385
Ambaji,2025-05-03,22,Saturday,1,0,0,Clear,30.4,1385,4231,646
Ambaji,2025-05-03,23,Saturday,1,0,0,Clear,29.5,646,2481,195
Ambaji,2025-05-04,0,Sunday,1,0,0,Clear,20.4,195,1445,95
Ambaji,2025-05-04,1,Sunday,1,0,0,Clear,17.9,95,817,69
Ambaji,2025-05-04,2,Sunday,1,0,0,Clear,17.9,69,547,81
Ambaji,2025-05-04,3,Sunday,1,0,0,Clear,19.4,81,542,188
Ambaji,2025-05-04,4,Sunday,1,0,0,Clear,19.5,188,1768,1108
Ambaji,2025-05-04,5,Sunday,1,0,0,Clear,20.7,1108,3691,2086
Ambaji,2025-05-04,6,Sunday,1,0,0,Clear,22.9,2086,8004,4543
Ambaji,2025-05-04,7,Sunday,1,0,0,Clear,23.4,4543,10882,5237
Ambaji,2025-05-04,8,Sunday,1,0,0,Clear,25.8,5237,15376,6702
Ambaji,2025-05-04,9,Sunday,1,0,0,Clear,26.8,6702,15741,5947
Ambaji,2025-05-04,10,Sunday,1,0,0,Clear,28.4,5947,13581,3954
Ambaji,2025-05-04,11,Sunday,1,0,0,Clear,29.9,3954,11575,3458
Ambaji,2025-05-04,12,Sunday,1,0,0,Clear,31.0,3458,8456,2347
Ambaji,2025-05-04,13,Sunday,1,0,0,Clear,32.2,2347,7303,2282
Ambaji,2025-05-04,14,Sunday,1,0,0,Clear,32.6,2282,8191,3251
Ambaji,2025-05-04,15,Sunday,1,0,0,Clear,32.9,3251,11080,4653
Ambaji,2025-05-04,16,Sunday,1,0,0,Clear,30.8,4653,11127,4069
Ambaji,2025-05-04,17,Sunday,1,0,0,Clear,30.5,4069,15474,7042
Ambaji,2025-05-04,18,Sunday,1,0,0,Clear,28.3,7042,15941,5860
Ambaji,2025-05-04,19,Sunday,1,0,0,Clear,26.6,5860,14794,5183
Ambaji,2025-05-04,20,Sunday,1,0,0,Clear,24.7,5183,12527,3464
Ambaji,2025-05-04,21,Sunday,1,0,0,Clear,24.2,3464,9929,2290
Ambaji,2025-05-04,22,Sunday,1,0,0,Clear,22.9,2290,6522,994
Ambaji,2025-05-04,23,Sunday,1,0,0,Clear,21.1,994,3452,318
Ambaji,2025-05-05,0,Monday,0,0,0,Sunny,26.3,318,1810,50
Ambaji,2025-05-05,1,Monday,0,0,0,Sunny,26.3,50,995,32
Ambaji,2025-05-05,2,Monday,0,0,0,Sunny,26.9,32,598,27
Ambaji,2025-05-05,3,Monday,0,0,0,Sunny,25.9,27,386,82
Ambaji,2025-05-05,4,Monday,0,0,0,Sunny,26.4,82,883,508
Ambaji,2025-05-05,5,Monday,0,0,0,Sunny,28.0,508,1856,1055
Ambaji,2025-05-05,6,Monday,0,0,0,Sunny,28.8,1055,3556,1943
Ambaji,2025-05-05,7,Monday,0,0,0,Sunny,31.9,1943,5056,2326
Ambaji,2025-05-05,8,Monday,0,0,0,Sunny,33.0,2326,5622,2410
Ambaji,2025-05-05,9,Monday,0,0,0,Sunny,35.2,2410,5637,2054
Ambaji,2025-05-05,10,Monday,0,0,0,Sunny,36.0,2054,5702,1948
Ambaji,2025-05-05,11,Monday,0,0,0,Sunny,37.5,1948,5257,1586
Ambaji,2025-05-05,12,Monday,0,0,0,Sunny,38.9,1586,3961,1025
Ambaji,2025-05-05,13,Monday,0,0,0,Sunny,38.7,1025,3246,974
Ambaji,2025-05-05,14,Monday,0,0,0,Sunny,39.5,974,3056,1172
Ambaji,2025-05-05,15,Monday,0,0,0,Sunny,38.4,1172,3032,1089
Ambaji,2025-05-05,16,Monday,0,0,0,Sunny,39.2,1089,3657,1618
Ambaji,2025-05-05,17,Monday,0,0,0,Sunny,37.4,1618,4794,2218
Ambaji,2025-05-05,18,Monday,0,0,0,Sunny,36.4,2218,5781,2573
Ambaji,2025-05-05,19,Monday,0,0,0,Sunny,33.2,2573,7118,2920
Ambaji,2025-05-05,20,Monday,0,0,0,Sunny,32.5,2920,5903,1698
Ambaji,2025-05-05,21,Monday,0,0,0,Sunny,31.4,1698,4181,885
Ambaji,2025-05-05,22,Monday,0,0,0,Sunny,29.7,885,2930,500
Ambaji,2025-05-05,23,Monday,0,0,0,Sunny,28.8,500,1658,135
Ambaji,2025-05-06,0,Tuesday,0,0,0,Clear,20.4,135,879,37
Ambaji,2025-05-06,1,Tuesday,0,0,0,Clear,20.3,37,525,28
Ambaji,2025-05-06,2,Tuesday,0,0,0,Clear,18.7,28,322,24
Ambaji,2025-05-06,3,Tuesday,0,0,0,Clear,19.5,24,244,60
Ambaji,2025-05-06,4,Tuesday,0,0,0,Clear,20.2,60,812,508
Ambaji,2025-05-06,5,Tuesday,0,0,0,Clear,21.7,508,1783,1022
Ambaji,2025-05-06,6,Tuesday,0,0,0,Clear,22.1,1022,3089,1647
Ambaji,2025-05-06,7,Tuesday,0,0,0,Clear,23.9,1647,5149,2626
Ambaji,2025-05-06,8,Tuesday,0,0,0,Clear,25.5,2626,6602,2999
Ambaji,2025-05-06,9,Tuesday,0,0,0,Clear,27.1,2999,6872,2463
Ambaji,2025-05-06,10,Tuesday,0,0,0,Clear,29.2,2463,6318,1993
Ambaji,2025-05-06,11,Tuesday,0,0,0,Clear,30.0,1993,4692,1111
Ambaji,2025-05-06,12,Tuesday,0,0,0,Clear,32.4,1111,3818,979
Ambaji,2025-05-06,13,Tuesday,0,0,0,Clear,32.5,979,2939,736
Ambaji,2025-05-06,14,Tuesday,0,0,0,Clear,32.8,736,2845,996
Ambaji,2025-05-06,15,Tuesday,0,0,0,Clear,32.6,996,3486,1429
Ambaji,2025-05-06,16,Tuesday,0,0,0,Clear,32.0,1429,4017,1665
Ambaji,2025-05-06,17,Tuesday,0,0,0,Clear,30.7,1665,5714,2722
Ambaji,2025-05-06,18,Tuesday,0,0,0,Clear,28.2,2722,6434,2648
Ambaji,2025-05-06,19,Tuesday,0,0,0,Clear,26.9,2648,6296,2065
Ambaji,2025-05-06,20,Tuesday,0,0,0,Clear,25.6,2065,5600,1640
Ambaji,2025-05-06,21,Tuesday,0,0,0,Clear,24.7,1640,3864,826
Ambaji,2025-05-06,22,Tuesday,0,0,0,Clear,22.0,826,2650,425
Ambaji,2025-05-06,23,Tuesday,0,0,0,Clear,20.7,425,1528,166
Ambaji,2025-05-07,0,Wednesday,0,0,0,Sunny,29.8,166,862,47
Ambaji,2025-05-07,1,Wednesday,0,0,0,Sunny,28.1,47,475,24
Ambaji,2025-05-07,2,Wednesday,0,0,0,Sunny,28.9,24,255,23
Ambaji,2025-05-07,3,Wednesday,0,0,0,Sunny,28.7,23,241,71
Ambaji,2025-05-07,4,Wednesday,0,0,0,Sunny,28.4,71,744,453
Ambaji,2025-05-07,5,Wednesday,0,0,0,Sunny,30.3,453,1704,964
Ambaji,2025-05-07,6,Wednesday,0,0,0,Sunny,31.3,964,3487,1968
Ambaji,2025-05-07,7,Wednesday,0,0,0,Sunny,32.3,1968,4504,2165
Ambaji,2025-05-07,8,Wednesday,0,0,0,Sunny,35.0,2165,5045,1978
Ambaji,2025-05-07,9,Wednesday,0,0,0,Sunny,36.8,1978,5589,2154
Ambaji,2025-05-07,10,Wednesday,0,0,0,Sunny,38.4,2154,5574,1779
Ambaji,2025-05-07,11,Wednesday,0,0,0,Sunny,39.9,1779,5295,1660
Ambaji,2025-05-07,12,Wednesday,0,0,0,Sunny,40.0,1660,4597,1349
Ambaji,2025-05-07,13,Wednesday,0,0,0,Sunny,40.0,1349,3510,852
Ambaji,2025-05-07,14,Wednesday,0,0,0,Sunny,40.0,852,3379,1213
Ambaji,2025-05-07,15,Wednesday,0,0,0,Sunny,40.0,1213,3860,1548
Ambaji,2025-05-07,16,Wednesday,0,0,0,Sunny,40.0,1548,4800,2075
Ambaji,2025-05-07,17,Wednesday,0,0,0,Sunny,37.9,2075,5513,2105
Ambaji,2025-05-07,18,Wednesday,0,0,0,Sunny,39.2,2105,6669,2733
Ambaji,2025-05-07,19,Wednesday,0,0,0,Sunny,36.2,2733,6437,2041
Ambaji,2025-05-07,20,Wednesday,0,0,0,Sunny,35.2,2041,5465,1592
Ambaji,2025-05-07,21,Wednesday,0,0,0,Sunny,33.9,1592,4357,1054
Ambaji,2025-05-07,22,Wednesday,0,0,0,Sunny,31.7,1054,2854,378
Ambaji,2025-05-07,23,Wednesday,0,0,0,Sunny,29.6,378,1536,118
Ambaji,2025-05-08,0,Thursday,0,0,0,Clear,26.4,118,970,41
Ambaji,2025-05-08,1,Thursday,0,0,0,Clear,25.7,41,564,22
Ambaji,2025-05-08,2,Thursday,0,0,0,Clear,25.0,22,320,27
Ambaji,2025-05-08,3,Thursday,0,0,0,Clear,25.6,27,256,70
Ambaji,2025-05-08,4,Thursday,0,0,0,Clear,25.8,70,774,486
Ambaji,2025-05-08,5,Thursday,0,0,0,Clear,26.3,486,2106,1257
Ambaji,2025-05-08,6,Thursday,0,0,0,Clear,28.2,1257,3132,1511
Ambaji,2025-05-08,7,Thursday,0,0,0,Clear,30.7,1511,6104,3201
Ambaji,2025-05-08,8,Thursday,0,0,0,Clear,31.3,3201,6170,2392
Ambaji,2025-05-08,9,Thursday,0,0,0,Clear,33.1,2392,6129,2207
Ambaji,2025-05-08,10,Thursday,0,0,0,Clear,36.4,2207,5394,1640
Ambaji,2025-05-08,11,Thursday,0,0,0,Clear,35.3,1640,4833,1642
Ambaji,2025-05-08,12,Thursday,0,0,0,Clear,38.3,1642,3768,1060
Ambaji,2025-05-08,13,Thursday,0,0,0,Clear,37.0,1060,3136,854
Ambaji,2025-05-08,14,Thursday,0,0,0,Clear,38.8,854,3189,1098
Ambaji,2025-05-08,15,Thursday,0,0,0,Clear,37.6,1098,3115,1062
Ambaji,2025-05-08,16,Thursday,0,0,0,Clear,38.4,1062,4653,2325
Ambaji,2025-05-08,17,Thursday,0,0,0,Clear,36.2,2325,5981,2694
Ambaji,2025-05-08,18,Thursday,0,0,0,Clear,35.3,2694,6255,2455
Ambaji,2025-05-08,19,Thursday,0,0,0,Clear,33.1,2455,6579,2462
Ambaji,2025-05-08,20,Thursday,0,0,0,Clear,32.6,2462,6061,1752
Ambaji,2025-05-08,21,Thursday,0,0,0,Clear,30.6,1752,4553,1052
Ambaji,2025-05-08,22,Thursday,0,0,0,Clear,30.3,1052,2697,417
Ambaji,2025-05-08,23,Thursday,0,0,0,Clear,27.3,417,1638,122
Ambaji,2025-05-09,0,Friday,0,0,0,Clear,27.7,122,891,49
Ambaji,2025-05-09,1,Friday,0,0,0,Clear,28.0,49,577,34
Ambaji,2025-05-09,2,Friday,0,0,0,Clear,27.0,34,340,31
Ambaji,2025-05-09,3,Friday,0,0,0,Clear,27.5,31,297,91
Ambaji,2025-05-09,4,Friday,0,0,0,Clear,29.4,91,966,604
Ambaji,2025-05-09,5,Friday,0,0,0,Clear,28.8,604,2350,1368
Ambaji,2025-05-09,6,Friday,0,0,0,Clear,30.6,1368,3949,2023
Ambaji,2025-05-09,7,Friday,0,0,0,Clear,31.9,2023,6478,3223
Ambaji,2025-05-09,8,Friday,0,0,0,Clear,33.9,3223,7315,2912
Ambaji,2025-05-09,9,Friday,0,0,0,Clear,35.7,2912,6639,2368
Ambaji,2025-05-09,10,Friday,0,0,0,Clear,36.8,2368,6322,2220
Ambaji,2025-05-09,11,Friday,0,0,0,Clear,39.2,2220,6027,1801
Ambaji,2025-05-09,12,Friday,0,0,0,Clear,39.4,1801,4857,1310
Ambaji,2025-05-09,13,Friday,0,0,0,Clear,40.0,1310,4332,1281
Ambaji,2025-05-09,14,Friday,0,0,0,Clear,39.4,1281,4100,1453
Ambaji,2025-05-09,15,Friday,0,0,0,Clear,40.0,1453,4610,1924
Ambaji,2025-05-09,16,Friday,0,0,0,Clear,40.0,1924,5679,2238
Ambaji,2025-05-09,17,Friday,0,0,0,Clear,38.7,2238,7931,3556
Ambaji,2025-05-09,18,Friday,0,0,0,Clear,36.9,3556,7772,2685
Ambaji,2025-05-09,19,Friday,0,0,0,Clear,35.3,2685,8195,3114
Ambaji,2025-05-09,20,Friday,0,0,0,Clear,33.8,3114,6557,1634
Ambaji,2025-05-09,21,Friday,0,0,0,Clear,31.5,1634,5112,1188
Ambaji,2025-05-09,22,Friday,0,0,0,Clear,30.2,1188,3353,542
Ambaji,2025-05-09,23,Friday,0,0,0,Clear,28.4,542,1925,194
Ambaji,2025-05-10,0,Saturday,1,0,0,Sunny,27.4,194,1047,70
Ambaji,2025-05-10,1,Saturday,1,0,0,Sunny,27.6,70,625,50
Ambaji,2025-05-10,2,Saturday,1,0,0,Sunny,25.5,50,390,40
Ambaji,2025-05-10,3,Saturday,1,0,0,Sunny,25.3,40,347,117
Ambaji,2025-05-10,4,Saturday,1,0,0,Sunny,26.7,117,1076,662
Ambaji,2025-05-10,5,Saturday,1,0,0,Sunny,28.9,662,2938,1752
Ambaji,2025-05-10,6,Saturday,1,0,0,Sunny,29.7,1752,5994,3282
Ambaji,2025-05-10,7,Saturday,1,0,0,Sunny,29.6,3282,8974,4246
Ambaji,2025-05-10,8,Saturday,1,0,0,Sunny,32.7,4246,9138,3270
Ambaji,2025-05-10,9,Saturday,1,0,0,Sunny,34.9,3270,9529,3506
Ambaji,2025-05-10,10,Saturday,1,0,0,Sunny,36.9,3506,10636,4181
Ambaji,2025-05-10,11,Saturday,1,0,0,Sunny,37.9,4181,8543,2334
Ambaji,2025-05-10,12,Saturday,1,0,0,Sunny,38.6,2334,7411,2064
Ambaji,2025-05-10,13,Saturday,1,0,0,Sunny,40.0,2064,5369,1311
Ambaji,2025-05-10,14,Saturday,1,0,0,Sunny,40.0,1311,5856,2266
Ambaji,2025-05-10,15,Saturday,1,0,0,Sunny,36.7,2266,6139,2254
Ambaji,2025-05-10,16,Saturday,1,0,0,Sunny,38.2,2254,7979,3321
Ambaji,2025-05-10,17,Saturday,1,0,0,Sunny,38.5,3321,10134,4443
Ambaji,2025-05-10,18,Saturday,1,0,0,Sunny,36.0,4443,11735,4784
Ambaji,2025-05-10,19,Saturday,1,0,0,Sunny,34.7,4784,9900,2975
Ambaji,2025-05-10,20,Saturday,1,0,0,Sunny,33.4,2975,8396,2355
Ambaji,2025-05-10,21,Saturday,1,0,0,Sunny,31.5,2355,6728,1659
Ambaji,2025-05-10,22,Saturday,1,0,0,Sunny,30.0,1659,4084,624
Ambaji,2025-05-10,23,Saturday,1,0,0,Sunny,27.7,624,2327,245
Ambaji,2025-05-11,0,Sunday,1,0,0,Clear,28.0,245,1214,86
Ambaji,2025-05-11,1,Sunday,1,0,0,Clear,27.3,86,707,73
Ambaji,2025-05-11,2,Sunday,1,0,0,Clear,26.7,73,459,61
Ambaji,2025-05-11,3,Sunday,1,0,0,Clear,26.9,61,466,181
Ambaji,2025-05-11,4,Sunday,1,0,0,Clear,28.4,181,1691,1078
Ambaji,2025-05-11,5,Sunday,1,0,0,Clear,29.7,1078,4473,2663
Ambaji,2025-05-11,6,Sunday,1,0,0,Clear,30.7,2663,8576,4612
Ambaji,2025-05-11,7,Sunday,1,0,0,Clear,32.3,4612,11752,5526
Ambaji,2025-05-11,8,Sunday,1,0,0,Clear,33.9,5526,15144,6590
Ambaji,2025-05-11,9,Sunday,1,0,0,Clear,36.6,6590,15300,5759
Ambaji,2025-05-11,10,Sunday,1,0,0,Clear,38.3,5759,14224,4369
Ambaji,2025-05-11,11,Sunday,1,0,0,Clear,39.0,4369,12737,3862
Ambaji,2025-05-11,12,Sunday,1,0,0,Clear,40.0,3862,8971,2126
Ambaji,2025-05-11,13,Sunday,1,0,0,Clear,40.0,2126,7674,2363
Ambaji,2025-05-11,14,Sunday,1,0,0,Clear,40.0,2363,7776,2322
Ambaji,2025-05-11,15,Sunday,1,0,0,Clear,40.0,2322,9233,3833
Ambaji,2025-05-11,16,Sunday,1,0,0,Clear,39.8,3833,10183,4007
Ambaji,2025-05-11,17,Sunday,1,0,0,Clear,38.6,4007,12058,5287
Ambaji,2025-05-11,18,Sunday,1,0,0,Clear,37.9,5287,14574,6027
Ambaji,2025-05-11,19,Sunday,1,0,0,Clear,36.4,6027,15767,5319
Ambaji,2025-05-11,20,Sunday,1,0,0,Clear,34.9,5319,12890,3336
Ambaji,2025-05-11,21,Sunday,1,0,0,Clear,32.6,3336,8828,1927
Ambaji,2025-05-11,22,Sunday,1,0,0,Clear,31.3,1927,5775,1055
Ambaji,2025-05-11,23,Sunday,1,0,0,Clear,30.3,1055,3635,335
Ambaji,2025-05-12,0,Monday,0,0,0,Clear,28.5,335,2166,37
Ambaji,2025-05-12,1,Monday,0,0,0,Clear,26.3,37,1132,28
Ambaji,2025-05-12,2,Monday,0,0,0,Clear,26.4,28,629,40
Ambaji,2025-05-12,3,Monday,0,0,0,Clear,27.3,40,434,68
Ambaji,2025-05-12,4,Monday,0,0,0,Clear,27.2,68,915,505
Ambaji,2025-05-12,5,Monday,0,0,0,Clear,28.1,505,2466,1462
Ambaji,2025-05-12,6,Monday,0,0,0,Clear,29.8,1462,3635,1738
Ambaji,2025-05-12,7,Monday,0,0,0,Clear,30.8,1738,5911,2948
Ambaji,2025-05-12,8,Monday,0,0,0,Clear,33.2,2948,6926,2936
Ambaji,2025-05-12,9,Monday,0,0,0,Clear,34.3,2936,6694,2274
Ambaji,2025-05-12,10,Monday,0,0,0,Clear,36.9,2274,5618,1642
Ambaji,2025-05-12,11,Monday,0,0,0,Clear,36.1,1642,4912,1397
Ambaji,2025-05-12,12,Monday,0,0,0,Clear,39.6,1397,3832,977
Ambaji,2025-05-12,13,Monday,0,0,0,Clear,39.7,977,3650,1115
Ambaji,2025-05-12,14,Monday,0,0,0,Clear,40.0,1115,3318,1153
Ambaji,2025-05-12,15,Monday,0,0,0,Clear,39.7,1153,4503,1975
Ambaji,2025-05-12,16,Monday,0,0,0,Clear,39.1,1975,5103,2105
Ambaji,2025-05-12,17,Monday,0,0,0,Clear,37.7,2105,6136,2565
Ambaji,2025-05-12,18,Monday,0,0,0,Clear,37.2,2565,7410,3064
Ambaji,2025-05-12,19,Monday,0,0,0,Clear,34.4,3064,6377,1996
Ambaji,2025-05-12,20,Monday,0,0,0,Clear,33.4,1996,5093,1317
Ambaji,2025-05-12,21,Monday,0,0,0,Clear,32.4,1317,4036,1062
Ambaji,2025-05-12,22,Monday,0,0,0,Clear,29.5,1062,2756,463
Ambaji,2025-05-12,23,Monday,0,0,0,Clear,28.4,463,1614,130
Ambaji,2025-05-13,0,Tuesday,0,0,0,Cloudy,21.5,130,830,31
Ambaji,2025-05-13,1,Tuesday,0,0,0,Cloudy,20.9,31,441,25
Ambaji,2025-05-13,2,Tuesday,0,0,0,Cloudy,20.5,25,290,26
Ambaji,2025-05-13,3,Tuesday,0,0,0,Cloudy,20.0,26,236,71
Ambaji,2025-05-13,4,Tuesday,0,0,0,Cloudy,21.6,71,787,485
Ambaji,2025-05-13,5,Tuesday,0,0,0,Cloudy,22.5,485,1622,916
Ambaji,2025-05-13,6,Tuesday,0,0,0,Cloudy,22.9,916,2628,1351
Ambaji,2025-05-13,7,Tuesday,0,0,0,Cloudy,25.1,1351,4173,2090
Ambaji,2025-05-13,8,Tuesday,0,0,0,Cloudy,26.1,2090,4686,1849
Ambaji,2025-05-13,9,Tuesday,0,0,0,Cloudy,28.5,1849,4817,1811
Ambaji,2025-05-13,10,Tuesday,0,0,0,Cloudy,30.8,1811,5004,1989
Ambaji,2025-05-13,11,Tuesday,0,0,0,Cloudy,31.2,1989,4859,1693
Ambaji,2025-05-13,12,Tuesday,0,0,0,Cloudy,32.1,1693,4174,1128
Ambaji,2025-05-13,13,Tuesday,0,0,0,Cloudy,33.5,1128,3375,839
Ambaji,2025-05-13,14,Tuesday,0,0,0,Cloudy,34.1,839,3246,1045
Ambaji,2025-05-13,15,Tuesday,0,0,0,Cloudy,31.6,1045,3420,1300
Ambaji,2025-05-13,16,Tuesday,0,0,0,Rainy,31.7,1300,3621,1326
Ambaji,2025-05-13,17,Tuesday,0,0,0,Cloudy,30.7,1326,4449,1791
Ambaji,2025-05-13,18,Tuesday,0,0,0,Cloudy,29.2,1791,5071,2149
Ambaji,2025-05-13,19,Tuesday,0,0,0,Cloudy,27.9,2149,4921,1777
Ambaji,2025-05-13,20,Tuesday,0,0,0,Cloudy,25.1,1777,4623,1507
Ambaji,2025-05-13,21,Tuesday,0,0,0,Cloudy,26.2,1507,3584,918
Ambaji,2025-05-13,22,Tuesday,0,0,0,Cloudy,22.5,918,2401,367
Ambaji,2025-05-13,23,Tuesday,0,0,0,Cloudy,21.5,367,1536,125
Ambaji,2025-05-14,0,Wednesday,0,0,0,Clear,22.8,125,786,41
Ambaji,2025-05-14,1,Wednesday,0,0,0,Clear,21.8,41,449,23
Ambaji,2025-05-14,2,Wednesday,0,0,0,Clear,22.5,23,281,26
Ambaji,2025-05-14,3,Wednesday,0,0,0,Clear,20.8,26,235,55
Ambaji,2025-05-14,4,Wednesday,0,0,0,Clear,22.4,55,800,497
Ambaji,2025-05-14,5,Wednesday,0,0,0,Clear,23.0,497,1902,1090
Ambaji,2025-05-14,6,Wednesday,0,0,0,Clear,23.9,1090,3929,2130
Ambaji,2025-05-14,7,Wednesday,0,0,0,Clear,25.5,2130,5114,2292
Ambaji,2025-05-14,8,Wednesday,0,0,0,Clear,28.8,2292,5913,2055
Ambaji,2025-05-14,9,Wednesday,0,0,0,Clear,29.6,2055,6492,2373
Ambaji,2025-05-14,10,Wednesday,0,0,0,Clear,31.2,2373,5744,1817
Ambaji,2025-05-14,11,Wednesday,0,0,0,Clear,32.2,1817,5078,1564
Ambaji,2025-05-14,12,Wednesday,0,0,0,Clear,33.4,1564,4063,997
Ambaji,2025-05-14,13,Wednesday,0,0,0,Clear,33.9,997,3415,894
Ambaji,2025-05-14,14,Wednesday,0,0,0,Clear,34.8,894,3105,986
Ambaji,2025-05-14,15,Wednesday,0,0,0,Clear,34.7,986,3754,1630
Ambaji,2025-05-14,16,Wednesday,0,0,0,Clear,33.4,1630,4258,1755
Ambaji,2025-05-14,17,Wednesday,0,0,0,Clear,32.9,1755,5765,2544
Ambaji,2025-05-14,18,Wednesday,0,0,0,Clear,31.3,2544,6025,2168
Ambaji,2025-05-14,19,Wednesday,0,0,0,Clear,29.8,2168,5795,2121
Ambaji,2025-05-14,20,Wednesday,0,0,0,Clear,27.9,2121,4933,1368
Ambaji,2025-05-14,21,Wednesday,0,0,0,Clear,26.0,1368,3537,866
Ambaji,2025-05-14,22,Wednesday,0,0,0,Clear,25.3,866,2364,383
Ambaji,2025-05-14,23,Wednesday,0,0,0,Clear,22.8,383,1342,108
Ambaji,2025-05-15,0,Thursday,0,0,0,Sunny,17.7,108,697,38
Ambaji,2025-05-15,1,Thursday,0,0,0,Sunny,17.3,38,420,25
Ambaji,2025-05-15,2,Thursday,0,0,0,Sunny,17.1,25,255,29
Ambaji,2025-05-15,3,Thursday,0,0,0,Sunny,17.4,29,208,62
Ambaji,2025-05-15,4,Thursday,0,0,0,Sunny,17.9,62,792,514
Ambaji,2025-05-15,5,Thursday,0,0,0,Sunny,18.7,514,2155,1284
Ambaji,2025-05-15,6,Thursday,0,0,0,Sunny,21.3,1284,3413,1717
Ambaji,2025-05-15,7,Thursday,0,0,0,Sunny,22.5,1717,5160,2514
Ambaji,2025-05-15,8,Thursday,0,0,0,Sunny,22.9,2514,6957,2916
Ambaji,2025-05-15,9,Thursday,0,0,0,Sunny,24.5,2916,7150,2679
Ambaji,2025-05-15,10,Thursday,0,0,0,Sunny,26.8,2679,6172,1984
Ambaji,2025-05-15,11,Thursday,0,0,0,Sunny,28.4,1984,5041,1300
Ambaji,2025-05-15,12,Thursday,0,0,0,Sunny,30.8,1300,3972,1017
Ambaji,2025-05-15,13,Thursday,0,0,0,Sunny,30.0,1017,3567,1081
Ambaji,2025-05-15,14,Thursday,0,0,0,Sunny,30.9,1081,3376,1097
Ambaji,2025-05-15,15,Thursday,0,0,0,Sunny,28.1,1097,3856,1635
Ambaji,2025-05-15,16,Thursday,0,0,0,Sunny,29.2,1635,4789,2176
Ambaji,2025-05-15,17,Thursday,0,0,0,Sunny,29.0,2176,5956,2433
Ambaji,2025-05-15,18,Thursday,0,0,0,Sunny,26.5,2433,5998,2152
Ambaji,2025-05-15,19,Thursday,0,0,0,Sunny,25.7,2152,6154,2379
Ambaji,2025-05-15,20,Thursday,0,0,0,Sunny,22.7,2379,5424,1586
Ambaji,2025-05-15,21,Thursday,0,0,0,Sunny,22.2,1586,4334,1160
Ambaji,2025-05-15,22,Thursday,0,0,0,Sunny,19.2,1160,2917,475
Ambaji,2025-05-15,23,Thursday,0,0,0,Sunny,19.1,475,1815,150
Ambaji,2025-05-16,0,Friday,0,0,0,Cloudy,23.0,150,991,43
Ambaji,2025-05-16,1,Friday,0,0,0,Cloudy,22.4,43,576,28
Ambaji,2025-05-16,2,Friday,0,0,0,Cloudy,21.9,28,364,32
Ambaji,2025-05-16,3,Friday,0,0,0,Cloudy,22.2,32,294,78
Ambaji,2025-05-16,4,Friday,0,0,0,Cloudy,22.6,78,922,562
Ambaji,2025-05-16,5,Friday,0,0,0,Cloudy,23.3,562,1951,1067
Ambaji,2025-05-16,6,Friday,0,0,0,Cloudy,24.7,1067,3875,2141
Ambaji,2025-05-16,7,Friday,0,0,0,Cloudy,25.7,2141,5760,2691
Ambaji,2025-05-16,8,Friday,0,0,0,Cloudy,28.4,2691,6243,2394
Ambaji,2025-05-16,9,Friday,0,0,0,Cloudy,29.7,2394,5747,1862
Ambaji,2025-05-16,10,Friday,0,0,0,Cloudy,32.0,1862,6615,2492
Ambaji,2025-05-16,11,Friday,0,0,0,Cloudy,33.5,2492,5903,1988
Ambaji,2025-05-16,12,Friday,0,0,0,Cloudy,35.1,1988,4957,1440
Ambaji,2025-05-16,13,Friday,0,0,0,Cloudy,35.2,1440,4333,1160
Ambaji,2025-05-16,14,Friday,0,0,0,Cloudy,35.0,1160,3853,1201
Ambaji,2025-05-16,15,Friday,0,0,0,Cloudy,33.6,1201,4587,1893
Ambaji,2025-05-16,16,Friday,0,0,0,Cloudy,34.2,1893,5028,1916
Ambaji,2025-05-16,17,Friday,0,0,0,Rainy,33.0,1916,5399,2119
Ambaji,2025-05-16,18,Friday,0,0,0,Cloudy,32.3,2119,6363,2688
Ambaji,2025-05-16,19,Friday,0,0,0,Cloudy,30.6,2688,6446,2364
Ambaji,2025-05-16,20,Friday,0,0,0,Cloudy,28.0,2364,5678,1679
Ambaji,2025-05-16,21,Friday,0,0,0,Cloudy,27.0,1679,4363,1112
Ambaji,2025-05-16,22,Friday,0,0,0,Cloudy,25.0,1112,2866,562
Ambaji,2025-05-16,23,Friday,0,0,0,Cloudy,24.8,562,1687,156
Ambaji,2025-05-17,0,Saturday,1,0,0,Cloudy,17.4,156,1005,50
Ambaji,2025-05-17,1,Saturday,1,0,0,Cloudy,17.2,50,534,49
Ambaji,2025-05-17,2,Saturday,1,0,0,Cloudy,17.0,49,369,52
Ambaji,2025-05-17,3,Saturday,1,0,0,Cloudy,17.0,52,372,121
Ambaji,2025-05-17,4,Saturday,1,0,0,Cloudy,17.0,121,1055,632
Ambaji,2025-05-17,5,Saturday,1,0,0,Cloudy,18.5,632,2657,1586
Ambaji,2025-05-17,6,Saturday,1,0,0,Cloudy,19.8,1586,4983,2647
Ambaji,2025-05-17,7,Saturday,1,0,0,Cloudy,21.8,2647,6753,2996
Ambaji,2025-05-17,8,Saturday,1,0,0,Cloudy,22.4,2996,8857,3893
Ambaji,2025-05-17,9,Saturday,1,0,0,Cloudy,23.8,3893,8355,3082
Ambaji,2025-05-17,10,Saturday,1,0,0,Cloudy,26.6,3082,8355,2879
Ambaji,2025-05-17,11,Saturday,1,0,0,Cloudy,26.9,2879,7390,2151
Ambaji,2025-05-17,12,Saturday,1,0,0,Cloudy,28.5,2151,6158,1672
Ambaji,2025-05-17,13,Saturday,1,0,0,Cloudy,28.4,1672,5718,1710
Ambaji,2025-05-17,14,Saturday,1,0,0,Cloudy,29.6,1710,5704,1748
Ambaji,2025-05-17,15,Saturday,1,0,0,Cloudy,29.1,1748,5745,2154
Ambaji,2025-05-17,16,Saturday,1,0,0,Rainy,28.4,2154,6165,2387
Ambaji,2025-05-17,17,Saturday,1,0,0,Cloudy,26.0,2387,7545,3345
Ambaji,2025-05-17,18,Saturday,1,0,0,Cloudy,26.0,3345,11848,6012
Ambaji,2025-05-17,19,Saturday,1,0,0,Cloudy,24.1,6012,12211,4592
Ambaji,2025-05-17,20,Saturday,1,0,0,Cloudy,22.8,4592,10411,3232
Ambaji,2025-05-17,21,Saturday,1,0,0,Cloudy,20.6,3232,6920,1420
Ambaji,2025-05-17,22,Saturday,1,0,0,Cloudy,20.2,1420,4252,601
Ambaji,2025-05-17,23,Saturday,1,0,0,Cloudy,17.6,601,2548,240
Ambaji,2025-05-18,0,Sunday,1,0,0,Sunny,18.5,240,1440,97
Ambaji,2025-05-18,1,Sunday,1,0,0,Sunny,18.0,97,894,63
Ambaji,2025-05-18,2,Sunday,1,0,0,Sunny,17.0,63,524,59
Ambaji,2025-05-18,3,Sunday,1,0,0,Sunny,17.2,59,473,162
Ambaji,2025-05-18,4,Sunday,1,0,0,Sunny,18.1,162,1863,1211
Ambaji,2025-05-18,5,Sunday,1,0,0,Sunny,18.8,1211,4421,2596
Ambaji,2025-05-18,6,Sunday,1,0,0,Sunny,20.3,2596,9222,4975
Ambaji,2025-05-18,7,Sunday,1,0,0,Sunny,22.3,4975,11948,5387
Ambaji,2025-05-18,8,Sunday,1,0,0,Sunny,24.3,5387,15108,6855
Ambaji,2025-05-18,9,Sunday,1,0,0,Sunny,26.0,6855,14216,4961
Ambaji,2025-05-18,10,Sunday,1,0,0,Sunny,27.0,4961,14392,5100
Ambaji,2025-05-18,11,Sunday,1,0,0,Sunny,28.6,5100,12897,3880
Ambaji,2025-05-18,12,Sunday,1,0,0,Sunny,29.5,3880,10253,2791
Ambaji,2025-05-18,13,Sunday,1,0,0,Sunny,30.6,2791,8905,2509
Ambaji,2025-05-18,14,Sunday,1,0,0,Sunny,30.9,2509,8827,2907
Ambaji,2025-05-18,15,Sunday,1,0,0,Sunny,28.8,2907,10364,3941
Ambaji,2025-05-18,16,Sunday,1,0,0,Sunny,29.2,3941,11533,4294
Ambaji,2025-05-18,17,Sunday,1,0,0,Sunny,27.9,4294,13303,5374
Ambaji,2025-05-18,18,Sunday,1,0,0,Sunny,26.6,5374,16099,7004
Ambaji,2025-05-18,19,Sunday,1,0,0,Sunny,25.7,7004,16296,5354
Ambaji,2025-05-18,20,Sunday,1,0,0,Sunny,24.5,5354,12855,3642
Ambaji,2025-05-18,21,Sunday,1,0,0,Sunny,22.5,3642,9398,2093
Ambaji,2025-05-18,22,Sunday,1,0,0,Sunny,19.8,2093,6151,1053
Ambaji,2025-05-18,23,Sunday,1,0,0,Sunny,19.0,1053,3664,323
Ambaji,2025-05-19,0,Monday,0,0,0,Rainy,21.7,323,1874,29
Ambaji,2025-05-19,1,Monday,0,0,0,Rainy,19.5,29,994,20
Ambaji,2025-05-19,2,Monday,0,0,0,Rainy,19.9,20,566,20
Ambaji,2025-05-19,3,Monday,0,0,0,Rainy,21.3,20,344,41
Ambaji,2025-05-19,4,Monday,0,0,0,Heavy Rain,21.8,41,479,228
Ambaji,2025-05-19,5,Monday,0,0,0,Heavy Rain,23.1,228,728,344
Ambaji,2025-05-19,6,Monday,0,0,0,Heavy Rain,23.5,344,1555,878
Ambaji,2025-05-19,7,Monday,0,0,0,Heavy Rain,25.1,878,1964,902
Ambaji,2025-05-19,8,Monday,0,0,0,Heavy Rain,26.0,902,2503,1060
Ambaji,2025-05-19,9,Monday,0,0,0,Heavy Rain,29.1,1060,2366,765
Ambaji,2025-05-19,10,Monday,0,0,0,Heavy Rain,29.7,765,2369,792
Ambaji,2025-05-19,11,Monday,0,0,0,Heavy Rain,31.9,792,2220,739
Ambaji,2025-05-19,12,Monday,0,0,0,Heavy Rain,32.6,739,1664,435
Ambaji,2025-05-19,13,Monday,0,0,0,Heavy Rain,33.2,435,1343,363
Ambaji,2025-05-19,14,Monday,0,0,0,Heavy Rain,33.8,363,1177,384
Ambaji,2025-05-19,15,Monday,0,0,0,Heavy Rain,34.1,384,1260,466
Ambaji,2025-05-19,16,Monday,0,0,0,Heavy Rain,32.5,466,1782,797
Ambaji,2025-05-19,17,Monday,0,0,0,Heavy Rain,31.6,797,2341,1046
Ambaji,2025-05-19,18,Monday,0,0,0,Heavy Rain,30.3,1046,2640,1022
Ambaji,2025-05-19,19,Monday,0,0,0,Heavy Rain,28.3,1022,2394,753
Ambaji,2025-05-19,20,Monday,0,0,0,Heavy Rain,27.1,753,1946,520
Ambaji,2025-05-19,21,Monday,0,0,0,Heavy Rain,24.6,520,1470,407
Ambaji,2025-05-19,22,Monday,0,0,0,Rainy,24.8,407,1112,282
Ambaji,2025-05-19,23,Monday,0,0,0,Rainy,22.1,282,746,105
Ambaji,2025-05-20,0,Tuesday,0,0,0,Clear,21.3,105,461,40
Ambaji,2025-05-20,1,Tuesday,0,0,0,Clear,22.0,40,286,26
Ambaji,2025-05-20,2,Tuesday,0,0,0,Clear,22.3,26,196,30
Ambaji,2025-05-20,3,Tuesday,0,0,0,Clear,20.9,30,201,72
Ambaji,2025-05-20,4,Tuesday,0,0,0,Clear,22.4,72,814,524
Ambaji,2025-05-20,5,Tuesday,0,0,0,Clear,23.0,524,1565,850
Ambaji,2025-05-20,6,Tuesday,0,0,0,Clear,24.6,850,3251,1798
Ambaji,2025-05-20,7,Tuesday,0,0,0,Clear,26.6,1798,4964,2429
Ambaji,2025-05-20,8,Tuesday,0,0,0,Clear,27.3,2429,6239,2495
Ambaji,2025-05-20,9,Tuesday,0,0,0,Clear,29.7,2495,6100,2051
Ambaji,2025-05-20,10,Tuesday,0,0,0,Clear,31.5,2051,6001,1934
Ambaji,2025-05-20,11,Tuesday,0,0,0,Clear,32.7,1934,5501,1737
Ambaji,2025-05-20,12,Tuesday,0,0,0,Clear,34.5,1737,4600,1191
Ambaji,2025-05-20,13,Tuesday,0,0,0,Clear,34.7,1191,4125,1188
Ambaji,2025-05-20,14,Tuesday,0,0,0,Clear,33.9,1188,3639,1128
Ambaji,2025-05-20,15,Tuesday,0,0,0,Clear,35.4,1128,4307,1646
Ambaji,2025-05-20,16,Tuesday,0,0,0,Clear,33.1,1646,4965,2132
Ambaji,2025-05-20,17,Tuesday,0,0,0,Clear,31.5,2132,5762,2211
Ambaji,2025-05-20,18,Tuesday,0,0,0,Clear,30.5,2211,6559,2507
Ambaji,2025-05-20,19,Tuesday,0,0,0,Clear,30.0,2507,7041,2689
Ambaji,2025-05-20,20,Tuesday,0,0,0,Clear,27.5,2689,5423,1355
Ambaji,2025-05-20,21,Tuesday,0,0,0,Clear,25.4,1355,4078,727
Ambaji,2025-05-20,22,Tuesday,0,0,0,Clear,24.5,727,2743,527
Ambaji,2025-05-20,23,Tuesday,0,0,0,Clear,22.8,527,1539,117
Ambaji,2025-05-21,0,Wednesday,0,0,0,Sunny,27.4,117,907,46
Ambaji,2025-05-21,1,Wednesday,0,0,0,Sunny,25.6,46,508,25
Ambaji,2025-05-21,2,Wednesday,0,0,0,Sunny,28.2,25,305,29
Ambaji,2025-05-21,3,Wednesday,0,0,0,Sunny,26.6,29,243,61
Ambaji,2025-05-21,4,Wednesday,0,0,0,Sunny,27.5,61,741,459
Ambaji,2025-05-21,5,Wednesday,0,0,0,Sunny,27.9,459,1642,950
Ambaji,2025-05-21,6,Wednesday,0,0,0,Sunny,29.0,950,2830,1503
Ambaji,2025-05-21,7,Wednesday,0,0,0,Sunny,30.3,1503,4967,2508
Ambaji,2025-05-21,8,Wednesday,0,0,0,Sunny,31.7,2508,6410,2943
Ambaji,2025-05-21,9,Wednesday,0,0,0,Sunny,34.8,2943,6463,2240
Ambaji,2025-05-21,10,Wednesday,0,0,0,Sunny,35.3,2240,5227,1482
Ambaji,2025-05-21,11,Wednesday,0,0,0,Sunny,37.6,1482,5162,1914
Ambaji,2025-05-21,12,Wednesday,0,0,0,Sunny,38.4,1914,3981,962
Ambaji,2025-05-21,13,Wednesday,0,0,0,Sunny,37.9,962,3562,1103
Ambaji,2025-05-21,14,Wednesday,0,0,0,Sunny,39.9,1103,3339,1088
Ambaji,2025-05-21,15,Wednesday,0,0,0,Sunny,39.8,1088,3737,1471
Ambaji,2025-05-21,16,Wednesday,0,0,0,Sunny,37.9,1471,4261,1790
Ambaji,2025-05-21,17,Wednesday,0,0,0,Sunny,36.9,1790,6133,2753
Ambaji,2025-05-21,18,Wednesday,0,0,0,Sunny,35.2,2753,6771,2691
Ambaji,2025-05-21,19,Wednesday,0,0,0,Sunny,35.2,2691,6409,2140
Ambaji,2025-05-21,20,Wednesday,0,0,0,Sunny,32.2,2140,5233,1314
Ambaji,2025-05-21,21,Wednesday,0,0,0,Sunny,31.2,1314,3941,964
Ambaji,2025-05-21,22,Wednesday,0,0,0,Sunny,29.2,964,2736,434
Ambaji,2025-05-21,23,Wednesday,0,0,0,Sunny,27.3,434,1489,122
Ambaji,2025-05-22,0,Thursday,0,0,0,Cloudy,23.7,122,810,36
Ambaji,2025-05-22,1,Thursday,0,0,0,Cloudy,24.6,36,477,30
Ambaji,2025-05-22,2,Thursday,0,0,0,Cloudy,23.2,30,272,26
Ambaji,2025-05-22,3,Thursday,0,0,0,Cloudy,22.6,26,218,62
Ambaji,2025-05-22,4,Thursday,0,0,0,Cloudy,23.6,62,727,455
Ambaji,2025-05-22,5,Thursday,0,0,0,Cloudy,24.6,455,1789,1048
Ambaji,2025-05-22,6,Thursday,0,0,0,Cloudy,26.5,1048,3158,1626
Ambaji,2025-05-22,7,Thursday,0,0,0,Cloudy,27.6,1626,5290,2716
Ambaji,2025-05-22,8,Thursday,0,0,0,Cloudy,29.6,2716,6395,2617
Ambaji,2025-05-22,9,Thursday,0,0,0,Cloudy,31.9,2617,7066,2689
Ambaji,2025-05-22,10,Thursday,0,0,0,Cloudy,33.0,2689,5985,1730
Ambaji,2025-05-22,11,Thursday,0,0,0,Cloudy,35.3,1730,4715,1282
Ambaji,2025-05-22,12,Thursday,0,0,0,Cloudy,35.3,1282,3690,954
Ambaji,2025-05-22,13,Thursday,0,0,0,Cloudy,37.2,954,3160,890
Ambaji,2025-05-22,14,Thursday,0,0,0,Cloudy,35.3,890,2894,981
Ambaji,2025-05-22,15,Thursday,0,0,0,Cloudy,36.2,981,3386,1538
Ambaji,2025-05-22,16,Thursday,0,0,0,Cloudy,35.6,1538,3888,1685
Ambaji,2025-05-22,17,Thursday,0,0,0,Rainy,35.9,1685,4114,1578
Ambaji,2025-05-22,18,Thursday,0,0,0,Cloudy,33.5,1578,5497,2561
Ambaji,2025-05-22,19,Thursday,0,0,0,Cloudy,32.0,2561,5832,2172
Ambaji,2025-05-22,20,Thursday,0,0,0,Cloudy,29.1,2172,4467,1164
Ambaji,2025-05-22,21,Thursday,0,0,0,Cloudy,27.3,1164,3382,857
Ambaji,2025-05-22,22,Thursday,0,0,0,Cloudy,26.4,857,2446,439
Ambaji,2025-05-22,23,Thursday,0,0,0,Cloudy,25.5,439,1435,118
Ambaji,2025-05-23,0,Friday,0,0,0,Clear,24.9,118,815,43
Ambaji,2025-05-23,1,Friday,0,0,0,Clear,23.6,43,516,33
Ambaji,2025-05-23,2,Friday,0,0,0,Clear,23.0,33,308,26
Ambaji,2025-05-23,3,Friday,0,0,0,Clear,23.3,26,283,86
Ambaji,2025-05-23,4,Friday,0,0,0,Clear,24.0,86,950,594
Ambaji,2025-05-23,5,Friday,0,0,0,Clear,26.2,594,2036,1155
Ambaji,2025-05-23,6,Friday,0,0,0,Clear,27.0,1155,3704,1944
Ambaji,2025-05-23,7,Friday,0,0,0,Clear,28.0,1944,5811,2704
Ambaji,2025-05-23,8,Friday,0,0,0,Clear,30.6,2704,7647,3367
Ambaji,2025-05-23,9,Friday,0,0,0,Clear,31.1,3367,7793,2741
Ambaji,2025-05-23,10,Friday,0,0,0,Clear,33.3,2741,7050,2280
Ambaji,2025-05-23,11,Friday,0,0,0,Clear,34.7,2280,6141,1738
Ambaji,2025-05-23,12,Friday,0,0,0,Clear,34.4,1738,5030,1516
Ambaji,2025-05-23,13,Friday,0,0,0,Clear,35.6,1516,4285,1184
Ambaji,2025-05-23,14,Friday,0,0,0,Clear,37.7,1184,4138,1418
Ambaji,2025-05-23,15,Friday,0,0,0,Clear,36.4,1418,5306,2143
Ambaji,2025-05-23,16,Friday,0,0,0,Clear,35.5,2143,6113,2492
Ambaji,2025-05-23,17,Friday,0,0,0,Clear,34.5,2492,7933,3631
Ambaji,2025-05-23,18,Friday,0,0,0,Clear,31.7,3631,8775,3261
Ambaji,2025-05-23,19,Friday,0,0,0,Clear,31.7,3261,8428,2736
Ambaji,2025-05-23,20,Friday,0,0,0,Clear,29.9,2736,7289,2065
Ambaji,2025-05-23,21,Friday,0,0,0,Clear,26.9,2065,5035,1143
Ambaji,2025-05-23,22,Friday,0,0,0,Clear,26.5,1143,3368,455
Ambaji,2025-05-23,23,Friday,0,0,0,Clear,25.3,455,1964,170
Ambaji,2025-05-24,0,Saturday,1,0,0,Clear,23.6,170,1104,78
Ambaji,2025-05-24,1,Saturday,1,0,0,Clear,22.2,78,677,53
Ambaji,2025-05-24,2,Saturday,1,0,0,Clear,23.7,53,442,45
Ambaji,2025-05-24,3,Saturday,1,0,0,Clear,24.3,45,420,135
Ambaji,2025-05-24,4,Saturday,1,0,0,Clear,24.2,135,1213,747
Ambaji,2025-05-24,5,Saturday,1,0,0,Clear,25.5,747,3052,1802
Ambaji,2025-05-24,6,Saturday,1,0,0,Clear,27.0,1802,5579,2906
Ambaji,2025-05-24,7,Saturday,1,0,0,Clear,27.7,2906,7395,3355
Ambaji,2025-05-24,8,Saturday,1,0,0,Clear,30.4,3355,8915,3606
Ambaji,2025-05-24,9,Saturday,1,0,0,Clear,30.7,3606,9152,3588
Ambaji,2025-05-24,10,Saturday,1,0,0,Clear,31.7,3588,9141,3277
Ambaji,2025-05-24,11,Saturday,1,0,0,Clear,33.8,3277,8127,2421
Ambaji,2025-05-24,12,Saturday,1,0,0,Clear,35.5,2421,6504,1750
Ambaji,2025-05-24,13,Saturday,1,0,0,Clear,36.0,1750,5247,1460
Ambaji,2025-05-24,14,Saturday,1,0,0,Clear,36.1,1460,4951,1685
Ambaji,2025-05-24,15,Saturday,1,0,0,Clear,36.0,1685,5599,2167
Ambaji,2025-05-24,16,Saturday,1,0,0,Clear,36.4,2167,7306,3248
Ambaji,2025-05-24,17,Saturday,1,0,0,Clear,34.2,3248,10316,4583
Ambaji,2025-05-24,18,Saturday,1,0,0,Clear,33.2,4583,10995,4103
Ambaji,2025-05-24,19,Saturday,1,0,0,Clear,31.7,4103,10408,3375
Ambaji,2025-05-24,20,Saturday,1,0,0,Clear,30.5,3375,9402,2446
Ambaji,2025-05-24,21,Saturday,1,0,0,Clear,27.3,2446,6858,1416
Ambaji,2025-05-24,22,Saturday,1,0,0,Clear,28.0,1416,4224,628
Ambaji,2025-05-24,23,Saturday,1,0,0,Clear,25.6,628,2562,217
Ambaji,2025-05-25,0,Sunday,1,0,0,Clear,23.7,217,1545,68
Ambaji,2025-05-25,1,Sunday,1,0,0,Clear,22.2,68,958,59
Ambaji,2025-05-25,2,Sunday,1,0,0,Clear,20.6,59,545,73
Ambaji,2025-05-25,3,Sunday,1,0,0,Clear,20.9,73,463,141
Ambaji,2025-05-25,4,Sunday,1,0,0,Clear,22.3,141,1600,1025
Ambaji,2025-05-25,5,Sunday,1,0,0,Clear,23.6,1025,4143,2440
Ambaji,2025-05-25,6,Sunday,1,0,0,Clear,24.8,2440,8756,4896
Ambaji,2025-05-25,7,Sunday,1,0,0,Clear,26.9,4896,11152,5009
Ambaji,2025-05-25,8,Sunday,1,0,0,Clear,28.9,5009,15469,7040
Ambaji,2025-05-25,9,Sunday,1,0,0,Clear,29.2,7040,14991,4750
Ambaji,2025-05-25,10,Sunday,1,0,0,Clear,32.1,4750,14774,4493
Ambaji,2025-05-25,11,Sunday,1,0,0,Clear,33.0,4493,11972,3256
Ambaji,2025-05-25,12,Sunday,1,0,0,Clear,33.8,3256,10143,2614
Ambaji,2025-05-25,13,Sunday,1,0,0,Clear,33.9,2614,8039,1930
Ambaji,2025-05-25,14,Sunday,1,0,0,Clear,34.4,1930,9341,3677
Ambaji,2025-05-25,15,Sunday,1,0,0,Clear,34.2,3677,10590,4115
Ambaji,2025-05-25,16,Sunday,1,0,0,Clear,34.2,4115,11861,4621
Ambaji,2025-05-25,17,Sunday,1,0,0,Clear,31.5,4621,14312,6818
Ambaji,2025-05-25,18,Sunday,1,0,0,Clear,31.1,6818,14285,5207
Ambaji,2025-05-25,19,Sunday,1,0,0,Clear,29.7,5207,12448,4482
Ambaji,2025-05-25,20,Sunday,1,0,0,Clear,28.2,4482,13089,4985
Ambaji,2025-05-25,21,Sunday,1,0,0,Clear,26.9,4985,9821,2712
Ambaji,2025-05-25,22,Sunday,1,0,0,Clear,24.5,2712,6024,832
Ambaji,2025-05-25,23,Sunday,1,0,0,Clear,24.4,832,3704,332
Ambaji,2025-05-26,0,Monday,0,0,0,Clear,23.0,332,2023,49
Ambaji,2025-05-26,1,Monday,0,0,0,Clear,22.2,49,1122,24
Ambaji,2025-05-26,2,Monday,0,0,0,Clear,22.5,24,570,29
Ambaji,2025-05-26,3,Monday,0,0,0,Clear,22.9,29,386,62
Ambaji,2025-05-26,4,Monday,0,0,0,Clear,23.1,62,936,558
Ambaji,2025-05-26,5,Monday,0,0,0,Clear,23.7,558,1947,1056
Ambaji,2025-05-26,6,Monday,0,0,0,Clear,25.3,1056,4076,2249
Ambaji,2025-05-26,7,Monday,0,0,0,Clear,26.6,2249,5570,2436
Ambaji,2025-05-26,8,Monday,0,0,0,Clear,27.6,2436,6703,2887
Ambaji,2025-05-26,9,Monday,0,0,0,Clear,29.6,2887,6858,2612
Ambaji,2025-05-26,10,Monday,0,0,0,Clear,31.9,2612,5641,1848
Ambaji,2025-05-26,11,Monday,0,0,0,Clear,33.3,1848,4860,1635
Ambaji,2025-05-26,12,Monday,0,0,0,Clear,33.7,1635,3837,902
Ambaji,2025-05-26,13,Monday,0,0,0,Clear,35.6,902,3559,1085
Ambaji,2025-05-26,14,Monday,0,0,0,Clear,34.7,1085,3566,1271
Ambaji,2025-05-26,15,Monday,0,0,0,Clear,34.9,1271,4295,1727
Ambaji,2025-05-26,16,Monday,0,0,0,Clear,33.9,1727,4526,1714
Ambaji,2025-05-26,17,Monday,0,0,0,Clear,32.9,1714,5972,2608
Ambaji,2025-05-26,18,Monday,0,0,0,Clear,30.5,2608,6356,2519
Ambaji,2025-05-26,19,Monday,0,0,0,Clear,30.8,2519,6170,2185
Ambaji,2025-05-26,20,Monday,0,0,0,Clear,28.7,2185,5319,1565
Ambaji,2025-05-26,21,Monday,0,0,0,Clear,27.7,1565,4348,1214
Ambaji,2025-05-26,22,Monday,0,0,0,Clear,24.9,1214,2570,390
Ambaji,2025-05-26,23,Monday,0,0,0,Clear,24.3,390,1559,187
Ambaji,2025-05-27,0,Tuesday,0,0,0,Clear,17.7,187,838,34
Ambaji,2025-05-27,1,Tuesday,0,0,0,Clear,17.6,34,499,26
Ambaji,2025-05-27,2,Tuesday,0,0,0,Clear,17.0,26,283,23
Ambaji,2025-05-27,3,Tuesday,0,0,0,Clear,17.1,23,214,56
Ambaji,2025-05-27,4,Tuesday,0,0,0,Clear,17.0,56,757,480
Ambaji,2025-05-27,5,Tuesday,0,0,0,Clear,19.4,480,1516,867
Ambaji,2025-05-27,6,Tuesday,0,0,0,Clear,20.0,867,3650,2119
Ambaji,2025-05-27,7,Tuesday,0,0,0,Clear,20.8,2119,4444,1802
Ambaji,2025-05-27,8,Tuesday,0,0,0,Clear,22.9,1802,6257,2867
Ambaji,2025-05-27,9,Tuesday,0,0,0,Clear,24.6,2867,6404,2445
Ambaji,2025-05-27,10,Tuesday,0,0,0,Clear,25.8,2445,5652,1625
Ambaji,2025-05-27,11,Tuesday,0,0,0,Clear,28.8,1625,4571,1412
Ambaji,2025-05-27,12,Tuesday,0,0,0,Clear,28.2,1412,3446,906
Ambaji,2025-05-27,13,Tuesday,0,0,0,Clear,30.0,906,3400,1138
Ambaji,2025-05-27,14,Tuesday,0,0,0,Clear,29.4,1138,3083,1007
Ambaji,2025-05-27,15,Tuesday,0,0,0,Clear,30.0,1007,3876,1711
Ambaji,2025-05-27,16,Tuesday,0,0,0,Clear,30.1,1711,5226,2404
Ambaji,2025-05-27,17,Tuesday,0,0,0,Clear,27.9,2404,5723,2220
Ambaji,2025-05-27,18,Tuesday,0,0,0,Clear,26.5,2220,6516,2793
Ambaji,2025-05-27,19,Tuesday,0,0,0,Clear,24.8,2793,6430,2144
Ambaji,2025-05-27,20,Tuesday,0,0,0,Clear,24.7,2144,5022,1324
Ambaji,2025-05-27,21,Tuesday,0,0,0,Clear,20.3,1324,3446,789
Ambaji,2025-05-27,22,Tuesday,0,0,0,Clear,19.7,789,2342,376
Ambaji,2025-05-27,23,Tuesday,0,0,0,Clear,18.5,376,1408,136
Ambaji,2025-05-28,0,Wednesday,0,0,0,Clear,21.8,136,890,48
Ambaji,2025-05-28,1,Wednesday,0,0,0,Clear,21.4,48,515,31
Ambaji,2025-05-28,2,Wednesday,0,0,0,Clear,20.8,31,303,27
Ambaji,2025-05-28,3,Wednesday,0,0,0,Clear,21.2,27,240,62
Ambaji,2025-05-28,4,Wednesday,0,0,0,Clear,20.8,62,778,488
Ambaji,2025-05-28,5,Wednesday,0,0,0,Clear,22.5,488,1831,1048
Ambaji,2025-05-28,6,Wednesday,0,0,0,Clear,24.4,1048,3313,1732
Ambaji,2025-05-28,7,Wednesday,0,0,0,Clear,25.2,1732,4153,1766
Ambaji,2025-05-28,8,Wednesday,0,0,0,Clear,27.4,1766,5868,2749
Ambaji,2025-05-28,9,Wednesday,0,0,0,Clear,28.0,2749,6086,2148
Ambaji,2025-05-28,10,Wednesday,0,0,0,Clear,30.8,2148,5345,1810
Ambaji,2025-05-28,11,Wednesday,0,0,0,Clear,31.3,1810,4712,1603
Ambaji,2025-05-28,12,Wednesday,0,0,0,Clear,32.8,1603,4019,1058
Ambaji,2025-05-28,13,Wednesday,0,0,0,Clear,34.0,1058,3517,1034
Ambaji,2025-05-28,14,Wednesday,0,0,0,Clear,33.4,1034,3146,1039
Ambaji,2025-05-28,15,Wednesday,0,0,0,Clear,34.0,1039,3402,1332
Ambaji,2025-05-28,16,Wednesday,0,0,0,Clear,33.0,1332,4965,2324
Ambaji,2025-05-28,17,Wednesday,0,0,0,Clear,31.5,2324,6051,2412
Ambaji,2025-05-28,18,Wednesday,0,0,0,Clear,30.9,2412,5862,2118
Ambaji,2025-05-28,19,Wednesday,0,0,0,Clear,28.3,2118,6619,2503
Ambaji,2025-05-28,20,Wednesday,0,0,0,Clear,26.8,2503,5422,1461
Ambaji,2025-05-28,21,Wednesday,0,0,0,Clear,25.5,1461,3893,821
Ambaji,2025-05-28,22,Wednesday,0,0,0,Clear,23.0,821,2467,460
Ambaji,2025-05-28,23,Wednesday,0,0,0,Clear,21.5,460,1391,139
Ambaji,2025-05-29,0,Thursday,0,0,0,Cloudy,27.9,139,802,40
Ambaji,2025-05-29,1,Thursday,0,0,0,Cloudy,27.4,40,462,33
Ambaji,2025-05-29,2,Thursday,0,0,0,Cloudy,28.0,33,302,27
Ambaji,2025-05-29,3,Thursday,0,0,0,Cloudy,28.1,27,251,66
Ambaji,2025-05-29,4,Thursday,0,0,0,Cloudy,28.0,66,724,446
Ambaji,2025-05-29,5,Thursday,0,0,0,Cloudy,28.7,446,2062,1265
Ambaji,2025-05-29,6,Thursday,0,0,0,Cloudy,30.2,1265,3442,1758
Ambaji,2025-05-29,7,Thursday,0,0,0,Cloudy,32.4,1758,4688,2117
Ambaji,2025-05-29,8,Thursday,0,0,0,Cloudy,34.6,2117,6235,2837
Ambaji,2025-05-29,9,Thursday,0,0,0,Cloudy,36.0,2837,5682,1894
Ambaji,2025-05-29,10,Thursday,0,0,0,Cloudy,36.6,1894,5304,1834
Ambaji,2025-05-29,11,Thursday,0,0,0,Cloudy,37.7,1834,4472,1446
Ambaji,2025-05-29,12,Thursday,0,0,0,Cloudy,40.0,1446,3771,986
Ambaji,2025-05-29,13,Thursday,0,0,0,Cloudy,40.0,986,3155,799
Ambaji,2025-05-29,14,Thursday,0,0,0,Rainy,40.0,799,3068,1024
Ambaji,2025-05-29,15,Thursday,0,0,0,Cloudy,39.9,1024,3854,1476
Ambaji,2025-05-29,16,Thursday,0,0,0,Cloudy,39.5,1476,4259,1640
Ambaji,2025-05-29,17,Thursday,0,0,0,Cloudy,39.2,1640,5022,2102
Ambaji,2025-05-29,18,Thursday,0,0,0,Cloudy,38.2,2102,6207,2512
Ambaji,2025-05-29,19,Thursday,0,0,0,Cloudy,35.9,2512,6530,2400
Ambaji,2025-05-29,20,Thursday,0,0,0,Cloudy,34.2,2400,5635,1730
Ambaji,2025-05-29,21,Thursday,0,0,0,Cloudy,31.9,1730,4512,961
Ambaji,2025-05-29,22,Thursday,0,0,0,Cloudy,29.7,961,2734,310
Ambaji,2025-05-29,23,Thursday,0,0,0,Cloudy,29.8,310,1518,133
Ambaji,2025-05-30,0,Friday,0,0,0,Clear,23.3,133,850,47
Ambaji,2025-05-30,1,Friday,0,0,0,Clear,22.5,47,475,33
Ambaji,2025-05-30,2,Friday,0,0,0,Clear,22.6,33,272,35
Ambaji,2025-05-30,3,Friday,0,0,0,Clear,22.1,35,228,71
Ambaji,2025-05-30,4,Friday,0,0,0,Clear,23.2,71,841,536
Ambaji,2025-05-30,5,Friday,0,0,0,Clear,23.5,536,2156,1262
Ambaji,2025-05-30,6,Friday,0,0,0,Clear,26.6,1262,3911,2127
Ambaji,2025-05-30,7,Friday,0,0,0,Clear,26.6,2127,6046,3030
Ambaji,2025-05-30,8,Friday,0,0,0,Clear,27.8,3030,6735,2722
Ambaji,2025-05-30,9,Friday,0,0,0,Clear,29.7,2722,7170,2727
Ambaji,2025-05-30,10,Friday,0,0,0,Clear,32.4,2727,6717,2137
Ambaji,2025-05-30,11,Friday,0,0,0,Clear,33.0,2137,5581,1617
Ambaji,2025-05-30,12,Friday,0,0,0,Clear,33.4,1617,5077,1596
Ambaji,2025-05-30,13,Friday,0,0,0,Clear,34.6,1596,3771,1077
Ambaji,2025-05-30,14,Friday,0,0,0,Clear,36.2,1077,4141,1607
Ambaji,2025-05-30,15,Friday,0,0,0,Clear,35.3,1607,4078,1521
Ambaji,2025-05-30,16,Friday,0,0,0,Clear,33.4,1521,5325,2290
Ambaji,2025-05-30,17,Friday,0,0,0,Clear,33.1,2290,6983,3021
Ambaji,2025-05-30,18,Friday,0,0,0,Clear,31.0,3021,9131,3918
Ambaji,2025-05-30,19,Friday,0,0,0,Clear,30.7,3918,8864,2878
Ambaji,2025-05-30,20,Friday,0,0,0,Clear,28.8,2878,7601,2293
Ambaji,2025-05-30,21,Friday,0,0,0,Clear,27.2,2293,5204,1321
Ambaji,2025-05-30,22,Friday,0,0,0,Clear,25.6,1321,3186,527
Ambaji,2025-05-30,23,Friday,0,0,0,Clear,24.1,527,1887,146
Pavagadh,2025-01-01,0,Wednesday,0,1,0,Clear,23.9,47,157,38
Pavagadh,2025-01-01,1,Wednesday,0,1,0,Clear,22.5,38,117,23
Pavagadh,2025-01-01,2,Wednesday,0,1,0,Clear,22.0,23,101,25
Pavagadh,2025-01-01,3,Wednesday,0,1,0,Clear,22.7,25,145,70
Pavagadh,2025-01-01,4,Wednesday,0,1,0,Clear,24.6,70,588,378
Pavagadh,2025-01-01,5,Wednesday,0,1,0,Clear,24.4,378,2171,1361
Pavagadh,2025-01-01,6,Wednesday,0,1,0,Clear,25.7,1361,3388,1621
Pavagadh,2025-01-01,7,Wednesday,0,1,0,Clear,27.2,1621,4522,1900
Pavagadh,2025-01-01,8,Wednesday,0,1,0,Clear,29.6,1900,5746,2464
Pavagadh,2025-01-01,9,Wednesday,0,1,0,Clear,31.0,2464,5624,1622
Pavagadh,2025-01-01,10,Wednesday,0,1,0,Clear,32.2,1622,5888,1906
Pavagadh,2025-01-01,11,Wednesday,0,1,0,Clear,33.8,1906,5259,1414
Pavagadh,2025-01-01,12,Wednesday,0,1,0,Clear,34.8,1414,4174,1236
Pavagadh,2025-01-01,13,Wednesday,0,1,0,Clear,36.2,1236,3384,773
Pavagadh,2025-01-01,14,Wednesday,0,1,0,Clear,35.5,773,3043,961
Pavagadh,2025-01-01,15,Wednesday,0,1,0,Clear,35.9,961,3276,1312
Pavagadh,2025-01-01,16,Wednesday,0,1,0,Clear,33.4,1312,4422,1857
Pavagadh,2025-01-01,17,Wednesday,0,1,0,Clear,33.5,1857,5210,2009
Pavagadh,2025-01-01,18,Wednesday,0,1,0,Clear,31.9,2009,6957,2888
Pavagadh,2025-01-01,19,Wednesday,0,1,0,Clear,31.0,2888,6322,1856
Pavagadh,2025-01-01,20,Wednesday,0,1,0,Clear,29.8,1856,5368,1384
Pavagadh,2025-01-01,21,Wednesday,0,1,0,Clear,28.3,1384,4285,932
Pavagadh,2025-01-01,22,Wednesday,0,1,0,Clear,25.0,932,2900,342
Pavagadh,2025-01-01,23,Wednesday,0,1,0,Clear,23.4,342,1652,125
Pavagadh,2025-01-02,0,Thursday,0,0,0,Clear,25.6,125,993,33
Pavagadh,2025-01-02,1,Thursday,0,0,0,Clear,25.9,33,617,16
Pavagadh,2025-01-02,2,Thursday,0,0,0,Clear,26.1,16,355,18
Pavagadh,2025-01-02,3,Thursday,0,0,0,Clear,25.7,18,276,44
Pavagadh,2025-01-02,4,Thursday,0,0,0,Clear,26.1,44,551,287
Pavagadh,2025-01-02,5,Thursday,0,0,0,Clear,27.0,287,1349,767
Pavagadh,2025-01-02,6,Thursday,0,0,0,Clear,28.7,767,2249,1118
Pavagadh,2025-01-02,7,Thursday,0,0,0,Clear,29.7,1118,3415,1578
Pavagadh,2025-01-02,8,Thursday,0,0,0,Clear,33.1,1578,3896,1512
Pavagadh,2025-01-02,9,Thursday,0,0,0,Clear,33.5,1512,4122,1587
Pavagadh,2025-01-02,10,Thursday,0,0,0,Clear,34.9,1587,3540,1064
Pavagadh,2025-01-02,11,Thursday,0,0,0,Clear,36.4,1064,3747,1308
Pavagadh,2025-01-02,12,Thursday,0,0,0,Clear,37.9,1308,3282,875
Pavagadh,2025-01-02,13,Thursday,0,0,0,Clear,38.8,875,2579,616
Pavagadh,2025-01-02,14,Thursday,0,0,0,Clear,37.9,616,2392,736
Pavagadh,2025-01-02,15,Thursday,0,0,0,Clear,38.7,736,2669,1020
Pavagadh,2025-01-02,16,Thursday,0,0,0,Clear,37.3,1020,3343,1416
Pavagadh,2025-01-02,17,Thursday,0,0,0,Clear,37.0,1416,3668,1332
Pavagadh,2025-01-02,18,Thursday,0,0,0,Clear,35.9,1332,4638,1956
Pavagadh,2025-01-02,19,Thursday,0,0,0,Clear,34.4,1956,4266,1279
Pavagadh,2025-01-02,20,Thursday,0,0,0,Clear,32.0,1279,3817,1265
Pavagadh,2025-01-02,21,Thursday,0,0,0,Clear,29.7,1265,2930,804
Pavagadh,2025-01-02,22,Thursday,0,0,0,Clear,29.2,804,1979,257
Pavagadh,2025-01-02,23,Thursday,0,0,0,Clear,28.2,257,1296,96
Pavagadh,2025-01-03,0,Friday,0,0,0,Clear,19.4,96,776,31
Pavagadh,2025-01-03,1,Friday,0,0,0,Clear,19.0,31,426,24
Pavagadh,2025-01-03,2,Friday,0,0,0,Clear,18.0,24,262,23
Pavagadh,2025-01-03,3,Friday,0,0,0,Clear,18.3,23,217,57
Pavagadh,2025-01-03,4,Friday,0,0,0,Clear,18.8,57,565,332
Pavagadh,2025-01-03,5,Friday,0,0,0,Clear,19.1,332,1430,831
Pavagadh,2025-01-03,6,Friday,0,0,0,Clear,20.8,831,3243,1827
Pavagadh,2025-01-03,7,Friday,0,0,0,Clear,23.2,1827,4069,1720
Pavagadh,2025-01-03,8,Friday,0,0,0,Clear,24.9,1720,4860,1942
Pavagadh,2025-01-03,9,Friday,0,0,0,Clear,26.9,1942,4782,1694
Pavagadh,2025-01-03,10,Friday,0,0,0,Clear,27.1,1694,5207,1818
Pavagadh,2025-01-03,11,Friday,0,0,0,Clear,29.8,1818,4282,1192
Pavagadh,2025-01-03,12,Friday,0,0,0,Clear,30.3,1192,3388,864
Pavagadh,2025-01-03,13,Friday,0,0,0,Clear,30.3,864,2763,621
Pavagadh,2025-01-03,14,Friday,0,0,0,Clear,30.6,621,2791,964
Pavagadh,2025-01-03,15,Friday,0,0,0,Clear,31.5,964,3206,1251
Pavagadh,2025-01-03,16,Friday,0,0,0,Clear,30.6,1251,3819,1563
Pavagadh,2025-01-03,17,Friday,0,0,0,Clear,30.0,1563,4614,1869
Pavagadh,2025-01-03,18,Friday,0,0,0,Clear,27.2,1869,5433,2202
Pavagadh,2025-01-03,19,Friday,0,0,0,Clear,26.2,2202,5103,1580
Pavagadh,2025-01-03,20,Friday,0,0,0,Clear,23.5,1580,4722,1423
Pavagadh,2025-01-03,21,Friday,0,0,0,Clear,22.7,1423,3511,635
Pavagadh,2025-01-03,22,Friday,0,0,0,Clear,21.0,635,2495,383
Pavagadh,2025-01-03,23,Friday,0,0,0,Clear,20.9,383,1596,111
Pavagadh,2025-01-04,0,Saturday,1,0,0,Clear,28.0,111,1024,41
Pavagadh,2025-01-04,1,Saturday,1,0,0,Clear,27.2,41,615,30
Pavagadh,2025-01-04,2,Saturday,1,0,0,Clear,26.4,30,370,36
Pavagadh,2025-01-04,3,Saturday,1,0,0,Clear,26.5,36,290,74
Pavagadh,2025-01-04,4,Saturday,1,0,0,Clear,28.9,74,832,517
Pavagadh,2025-01-04,5,Saturday,1,0,0,Clear,29.1,517,2092,1218
Pavagadh,2025-01-04,6,Saturday,1,0,0,Clear,29.6,1218,3859,2027
Pavagadh,2025-01-04,7,Saturday,1,0,0,Clear,31.4,2027,5209,2274
Pavagadh,2025-01-04,8,Saturday,1,0,0,Clear,34.2,2274,6630,2972
Pavagadh,2025-01-04,9,Saturday,1,0,0,Clear,35.8,2972,7616,2752
Pavagadh,2025-01-04,10,Saturday,1,0,0,Clear,36.4,2752,7162,2114
Pavagadh,2025-01-04,11,Saturday,1,0,0,Clear,38.1,2114,6456,1868
Pavagadh,2025-01-04,12,Saturday,1,0,0,Clear,38.9,1868,5271,1110
Pavagadh,2025-01-04,13,Saturday,1,0,0,Clear,39.5,1110,4198,925
Pavagadh,2025-01-04,14,Saturday,1,0,0,Clear,40.3,925,3739,1104
Pavagadh,2025-01-04,15,Saturday,1,0,0,Clear,39.6,1104,4406,1548
Pavagadh,2025-01-04,16,Saturday,1,0,0,Clear,39.3,1548,5345,1983
Pavagadh,2025-01-04,17,Saturday,1,0,0,Clear,38.9,1983,6847,2985
Pavagadh,2025-01-04,18,Saturday,1,0,0,Clear,37.7,2985,8207,3269
Pavagadh,2025-01-04,19,Saturday,1,0,0,Clear,34.4,3269,8179,2426
Pavagadh,2025-01-04,20,Saturday,1,0,0,Clear,33.8,2426,6800,1743
Pavagadh,2025-01-04,21,Saturday,1,0,0,Clear,31.9,1743,5038,967
Pavagadh,2025-01-04,22,Saturday,1,0,0,Clear,31.2,967,3389,535
Pavagadh,2025-01-04,23,Saturday,1,0,0,Clear,29.8,535,2148,167
Pavagadh,2025-01-05,0,Sunday,1,0,0,Clear,25.6,167,1211,75
Pavagadh,2025-01-05,1,Sunday,1,0,0,Clear,24.6,75,703,47
Pavagadh,2025-01-05,2,Sunday,1,0,0,Clear,25.4,47,448,42
Pavagadh,2025-01-05,3,Sunday,1,0,0,Clear,25.4,42,388,107
Pavagadh,2025-01-05,4,Sunday,1,0,0,Clear,25.4,107,1275,794
Pavagadh,2025-01-05,5,Sunday,1,0,0,Clear,26.8,794,3179,1865
Pavagadh,2025-01-05,6,Sunday,1,0,0,Clear,28.0,1865,5975,3265
Pavagadh,2025-01-05,7,Sunday,1,0,0,Clear,31.0,3265,8946,4380
Pavagadh,2025-01-05,8,Sunday,1,0,0,Clear,30.3,4380,10342,4220
Pavagadh,2025-01-05,9,Sunday,1,0,0,Clear,33.9,4220,11031,3932
Pavagadh,2025-01-05,10,Sunday,1,0,0,Clear,34.6,3932,11501,3856
Pavagadh,2025-01-05,11,Sunday,1,0,0,Clear,36.7,3856,10079,3019
Pavagadh,2025-01-05,12,Sunday,1,0,0,Clear,38.1,3019,8014,1761
Pavagadh,2025-01-05,13,Sunday,1,0,0,Clear,37.9,1761,6333,1270
Pavagadh,2025-01-05,14,Sunday,1,0,0,Clear,37.2,1270,5726,1720
Pavagadh,2025-01-05,15,Sunday,1,0,0,Clear,36.9,1720,6146,2191
Pavagadh,2025-01-05,16,Sunday,1,0,0,Clear,37.2,2191,7536,3193
Pavagadh,2025-01-05,17,Sunday,1,0,0,Clear,36.3,3193,9117,3935
Pavagadh,2025-01-05,18,Sunday,1,0,0,Clear,34.8,3935,10394,3818
Pavagadh,2025-01-05,19,Sunday,1,0,0,Clear,33.1,3818,12638,4922
Pavagadh,2025-01-05,20,Sunday,1,0,0,Clear,31.5,4922,10172,2924
Pavagadh,2025-01-05,21,Sunday,1,0,0,Clear,30.5,2924,7566,1442
Pavagadh,2025-01-05,22,Sunday,1,0,0,Clear,27.8,1442,4978,633
Pavagadh,2025-01-05,23,Sunday,1,0,0,Clear,26.9,633,3044,227
Pavagadh,2025-01-06,0,Monday,0,0,0,Sunny,23.4,227,1686,30
Pavagadh,2025-01-06,1,Monday,0,0,0,Sunny,22.1,30,966,19
Pavagadh,2025-01-06,2,Monday,0,0,0,Sunny,23.1,19,603,24
Pavagadh,2025-01-06,3,Monday,0,0,0,Sunny,21.5,24,398,45
Pavagadh,2025-01-06,4,Monday,0,0,0,Sunny,23.0,45,642,331
Pavagadh,2025-01-06,5,Monday,0,0,0,Sunny,24.9,331,1093,569
Pavagadh,2025-01-06,6,Monday,0,0,0,Sunny,25.1,569,2264,1268
Pavagadh,2025-01-06,7,Monday,0,0,0,Sunny,26.6,1268,3741,1854
Pavagadh,2025-01-06,8,Monday,0,0,0,Sunny,29.3,1854,4097,1515
Pavagadh,2025-01-06,9,Monday,0,0,0,Sunny,30.6,1515,4171,1425
Pavagadh,2025-01-06,10,Monday,0,0,0,Sunny,31.2,1425,4141,1402
Pavagadh,2025-01-06,11,Monday,0,0,0,Sunny,33.6,1402,3960,1210
Pavagadh,2025-01-06,12,Monday,0,0,0,Sunny,34.6,1210,3220,665
Pavagadh,2025-01-06,13,Monday,0,0,0,Sunny,34.6,665,2598,717
Pavagadh,2025-01-06,14,Monday,0,0,0,Sunny,36.2,717,2523,912
Pavagadh,2025-01-06,15,Monday,0,0,0,Sunny,35.7,912,2911,1092
Pavagadh,2025-01-06,16,Monday,0,0,0,Sunny,35.0,1092,3240,1227
Pavagadh,2025-01-06,17,Monday,0,0,0,Sunny,34.7,1227,3832,1497
Pavagadh,2025-01-06,18,Monday,0,0,0,Sunny,33.0,1497,4179,1645
Pavagadh,2025-01-06,19,Monday,0,0,0,Sunny,30.0,1645,4304,1594
Pavagadh,2025-01-06,20,Monday,0,0,0,Sunny,28.9,1594,4176,1344
Pavagadh,2025-01-06,21,Monday,0,0,0,Sunny,26.8,1344,3200,675
Pavagadh,2025-01-06,22,Monday,0,0,0,Sunny,26.0,675,2262,346
Pavagadh,2025-01-06,23,Monday,0,0,0,Sunny,25.5,346,1331,100
Pavagadh,2025-01-07,0,Tuesday,0,0,0,Clear,24.9,100,752,35
Pavagadh,2025-01-07,1,Tuesday,0,0,0,Clear,24.4,35,439,16
Pavagadh,2025-01-07,2,Tuesday,0,0,0,Clear,25.2,16,270,13
Pavagadh,2025-01-07,3,Tuesday,0,0,0,Clear,24.5,13,218,42
Pavagadh,2025-01-07,4,Tuesday,0,0,0,Clear,25.6,42,556,323
Pavagadh,2025-01-07,5,Tuesday,0,0,0,Clear,27.0,323,1343,796
Pavagadh,2025-01-07,6,Tuesday,0,0,0,Clear,28.6,796,2676,1421
Pavagadh,2025-01-07,7,Tuesday,0,0,0,Clear,29.1,1421,3393,1294
Pavagadh,2025-01-07,8,Tuesday,0,0,0,Clear,30.7,1294,4522,1940
Pavagadh,2025-01-07,9,Tuesday,0,0,0,Clear,34.2,1940,4161,1388
Pavagadh,2025-01-07,10,Tuesday,0,0,0,Clear,34.6,1388,3977,1024
Pavagadh,2025-01-07,11,Tuesday,0,0,0,Clear,36.3,1024,3762,1103
Pavagadh,2025-01-07,12,Tuesday,0,0,0,Clear,36.6,1103,3009,688
Pavagadh,2025-01-07,13,Tuesday,0,0,0,Clear,38.8,688,2313,532
Pavagadh,2025-01-07,14,Tuesday,0,0,0,Clear,37.7,532,2104,685
Pavagadh,2025-01-07,15,Tuesday,0,0,0,Clear,36.0,685,2263,772
Pavagadh,2025-01-07,16,Tuesday,0,0,0,Clear,37.0,772,3100,1401
Pavagadh,2025-01-07,17,Tuesday,0,0,0,Clear,35.9,1401,4415,1909
Pavagadh,2025-01-07,18,Tuesday,0,0,0,Clear,35.1,1909,4848,1746
Pavagadh,2025-01-07,19,Tuesday,0,0,0,Clear,33.2,1746,4463,1371
Pavagadh,2025-01-07,20,Tuesday,0,0,0,Clear,31.9,1371,3849,898
Pavagadh,2025-01-07,21,Tuesday,0,0,0,Clear,29.4,898,2765,523
Pavagadh,2025-01-07,22,Tuesday,0,0,0,Clear,27.4,523,1806,245
Pavagadh,2025-01-07,23,Tuesday,0,0,0,Clear,26.2,245,1103,84
Pavagadh,2025-01-08,0,Wednesday,0,0,0,Clear,29.2,84,659,27
Pavagadh,2025-01-08,1,Wednesday,0,0,0,Clear,28.4,27,369,17
Pavagadh,2025-01-08,2,Wednesday,0,0,0,Clear,28.2,17,229,21
Pavagadh,2025-01-08,3,Wednesday,0,0,0,Clear,27.9,21,180,43
Pavagadh,2025-01-08,4,Wednesday,0,0,0,Clear,28.6,43,453,263
Pavagadh,2025-01-08,5,Wednesday,0,0,0,Clear,30.2,263,1032,588
Pavagadh,2025-01-08,6,Wednesday,0,0,0,Clear,30.9,588,1919,1021
Pavagadh,2025-01-08,7,Wednesday,0,0,0,Clear,32.9,1021,2792,1292
Pavagadh,2025-01-08,8,Wednesday,0,0,0,Clear,34.3,1292,3560,1478
Pavagadh,2025-01-08,9,Wednesday,0,0,0,Clear,36.1,1478,3966,1393
Pavagadh,2025-01-08,10,Wednesday,0,0,0,Clear,37.5,1393,4181,1509
Pavagadh,2025-01-08,11,Wednesday,0,0,0,Clear,38.8,1509,3605,961
Pavagadh,2025-01-08,12,Wednesday,0,0,0,Clear,41.0,961,3050,786
Pavagadh,2025-01-08,13,Wednesday,0,0,0,Clear,41.0,786,2372,499
Pavagadh,2025-01-08,14,Wednesday,0,0,0,Clear,41.0,499,2265,789
Pavagadh,2025-01-08,15,Wednesday,0,0,0,Clear,40.6,789,2615,963
Pavagadh,2025-01-08,16,Wednesday,0,0,0,Clear,41.0,963,2959,1196
Pavagadh,2025-01-08,17,Wednesday,0,0,0,Clear,40.0,1196,4688,2200
Pavagadh,2025-01-08,18,Wednesday,0,0,0,Clear,37.6,2200,5981,2455
Pavagadh,2025-01-08,19,Wednesday,0,0,0,Clear,36.0,2455,5579,1802
Pavagadh,2025-01-08,20,Wednesday,0,0,0,Clear,34.4,1802,4643,1169
Pavagadh,2025-01-08,21,Wednesday,0,0,0,Clear,33.1,1169,3544,628
Pavagadh,2025-01-08,22,Wednesday,0,0,0,Clear,30.1,628,2295,277
Pavagadh,2025-01-08,23,Wednesday,0,0,0,Clear,29.6,277,1207,82
Pavagadh,2025-01-09,0,Thursday,0,0,0,Sunny,22.3,82,653,27
Pavagadh,2025-01-09,1,Thursday,0,0,0,Sunny,21.6,27,407,22
Pavagadh,2025-01-09,2,Thursday,0,0,0,Sunny,20.3,22,265,17
Pavagadh,2025-01-09,3,Thursday,0,0,0,Sunny,20.4,17,199,49
Pavagadh,2025-01-09,4,Thursday,0,0,0,Sunny,21.6,49,582,350
Pavagadh,2025-01-09,5,Thursday,0,0,0,Sunny,23.2,350,1121,603
Pavagadh,2025-01-09,6,Thursday,0,0,0,Sunny,24.5,603,2467,1366
Pavagadh,2025-01-09,7,Thursday,0,0,0,Sunny,26.4,1366,3076,1297
Pavagadh,2025-01-09,8,Thursday,0,0,0,Sunny,28.7,1297,4458,2009
Pavagadh,2025-01-09,9,Thursday,0,0,0,Sunny,29.2,2009,4852,1739
Pavagadh,2025-01-09,10,Thursday,0,0,0,Sunny,30.0,1739,4536,1469
Pavagadh,2025-01-09,11,Thursday,0,0,0,Sunny,32.7,1469,3885,882
Pavagadh,2025-01-09,12,Thursday,0,0,0,Sunny,33.2,882,2943,652
Pavagadh,2025-01-09,13,Thursday,0,0,0,Sunny,33.8,652,2604,651
Pavagadh,2025-01-09,14,Thursday,0,0,0,Sunny,34.3,651,2168,610
Pavagadh,2025-01-09,15,Thursday,0,0,0,Sunny,35.7,610,2654,1041
Pavagadh,2025-01-09,16,Thursday,0,0,0,Sunny,33.2,1041,3041,1197
Pavagadh,2025-01-09,17,Thursday,0,0,0,Sunny,32.4,1197,3974,1586
Pavagadh,2025-01-09,18,Thursday,0,0,0,Sunny,30.5,1586,4434,1600
Pavagadh,2025-01-09,19,Thursday,0,0,0,Sunny,29.9,1600,4384,1495
Pavagadh,2025-01-09,20,Thursday,0,0,0,Sunny,26.4,1495,4261,1293
Pavagadh,2025-01-09,21,Thursday,0,0,0,Sunny,25.6,1293,3203,656
Pavagadh,2025-01-09,22,Thursday,0,0,0,Sunny,25.2,656,2040,247
Pavagadh,2025-01-09,23,Thursday,0,0,0,Sunny,22.4,247,1256,97
Pavagadh,2025-01-10,0,Friday,0,0,0,Rainy,20.6,97,768,19
Pavagadh,2025-01-10,1,Friday,0,0,0,Rainy,19.5,19,510,16
Pavagadh,2025-01-10,2,Friday,0,0,0,Rainy,19.1,16,299,15
Pavagadh,2025-01-10,3,Friday,0,0,0,Rainy,21.0,15,212,34
Pavagadh,2025-01-10,4,Friday,0,0,0,Rainy,20.6,34,453,246
Pavagadh,2025-01-10,5,Friday,0,0,0,Rainy,21.6,246,1013,564
Pavagadh,2025-01-10,6,Friday,0,0,0,Rainy,22.5,564,1825,928
Pavagadh,2025-01-10,7,Friday,0,0,0,Rainy,24.8,928,2990,1402
Pavagadh,2025-01-10,8,Friday,0,0,0,Rainy,25.9,1402,3431,1335
Pavagadh,2025-01-10,9,Friday,0,0,0,Rainy,27.3,1335,3653,1254
Pavagadh,2025-01-10,10,Friday,0,0,0,Rainy,28.9,1254,3244,950
Pavagadh,2025-01-10,11,Friday,0,0,0,Rainy,30.0,950,2780,813
Pavagadh,2025-01-10,12,Friday,0,0,0,Rainy,32.1,813,2351,587
Pavagadh,2025-01-10,13,Friday,0,0,0,Rainy,32.9,587,2047,597
Pavagadh,2025-01-10,14,Friday,0,0,0,Rainy,32.4,597,1988,653
Pavagadh,2025-01-10,15,Friday,0,0,0,Rainy,32.6,653,2327,836
Pavagadh,2025-01-10,16,Friday,0,0,0,Rainy,31.9,836,2400,862
Pavagadh,2025-01-10,17,Friday,0,0,0,Heavy Rain,31.3,862,2096,691
Pavagadh,2025-01-10,18,Friday,0,0,0,Rainy,29.6,691,2983,1319
Pavagadh,2025-01-10,19,Friday,0,0,0,Rainy,26.8,1319,3305,1137
Pavagadh,2025-01-10,20,Friday,0,0,0,Rainy,26.6,1137,3143,959
Pavagadh,2025-01-10,21,Friday,0,0,0,Rainy,23.5,959,2448,507
Pavagadh,2025-01-10,22,Friday,0,0,0,Rainy,22.3,507,1435,210
Pavagadh,2025-01-10,23,Friday,0,0,0,Rainy,21.3,210,935,67
Pavagadh,2025-01-11,0,Saturday,1,0,0,Clear,18.4,67,589,42
Pavagadh,2025-01-11,1,Saturday,1,0,0,Clear,18.0,42,371,35
Pavagadh,2025-01-11,2,Saturday,1,0,0,Clear,18.3,35,209,22
Pavagadh,2025-01-11,3,Saturday,1,0,0,Clear,18.0,22,221,81
Pavagadh,2025-01-11,4,Saturday,1,0,0,Clear,18.8,81,933,598
Pavagadh,2025-01-11,5,Saturday,1,0,0,Clear,19.5,598,2054,1153
Pavagadh,2025-01-11,6,Saturday,1,0,0,Clear,20.8,1153,3536,1815
Pavagadh,2025-01-11,7,Saturday,1,0,0,Clear,22.8,1815,5172,2444
Pavagadh,2025-01-11,8,Saturday,1,0,0,Clear,24.4,2444,6787,2943
Pavagadh,2025-01-11,9,Saturday,1,0,0,Clear,25.8,2943,7472,2636
Pavagadh,2025-01-11,10,Saturday,1,0,0,Clear,27.6,2636,6554,1844
Pavagadh,2025-01-11,11,Saturday,1,0,0,Clear,28.6,1844,5775,1541
Pavagadh,2025-01-11,12,Saturday,1,0,0,Clear,30.3,1541,4810,1327
Pavagadh,2025-01-11,13,Saturday,1,0,0,Clear,30.7,1327,4121,1063
Pavagadh,2025-01-11,14,Saturday,1,0,0,Clear,30.9,1063,3993,1290
Pavagadh,2025-01-11,15,Saturday,1,0,0,Clear,31.3,1290,4213,1508
Pavagadh,2025-01-11,16,Saturday,1,0,0,Clear,30.6,1508,4929,2000
Pavagadh,2025-01-11,17,Saturday,1,0,0,Clear,29.3,2000,5914,2306
Pavagadh,2025-01-11,18,Saturday,1,0,0,Clear,27.2,2306,7257,3113
Pavagadh,2025-01-11,19,Saturday,1,0,0,Clear,26.6,3113,6972,2101
Pavagadh,2025-01-11,20,Saturday,1,0,0,Clear,23.5,2101,6880,2266
Pavagadh,2025-01-11,21,Saturday,1,0,0,Clear,23.6,2266,5002,964
Pavagadh,2025-01-11,22,Saturday,1,0,0,Clear,21.6,964,3173,384
Pavagadh,2025-01-11,23,Saturday,1,0,0,Clear,19.8,384,1973,135
Pavagadh,2025-01-12,0,Sunday,1,0,0,Clear,24.7,135,1207,59
Pavagadh,2025-01-12,1,Sunday,1,0,0,Clear,23.6,59,685,43
Pavagadh,2025-01-12,2,Sunday,1,0,0,Clear,23.5,43,455,41
Pavagadh,2025-01-12,3,Sunday,1,0,0,Clear,24.2,41,440,138
Pavagadh,2025-01-12,4,Sunday,1,0,0,Clear,23.9,138,1274,768
Pavagadh,2025-01-12,5,Sunday,1,0,0,Clear,25.4,768,3168,1796
Pavagadh,2025-01-12,6,Sunday,1,0,0,Clear,26.6,1796,5207,2593
Pavagadh,2025-01-12,7,Sunday,1,0,0,Clear,29.1,2593,7298,3206
Pavagadh,2025-01-12,8,Sunday,1,0,0,Clear,29.7,3206,9199,3782
Pavagadh,2025-01-12,9,Sunday,1,0,0,Clear,32.6,3782,10267,3907
Pavagadh,2025-01-12,10,Sunday,1,0,0,Clear,32.5,3907,9516,3145
Pavagadh,2025-01-12,11,Sunday,1,0,0,Clear,34.4,3145,8118,2594
Pavagadh,2025-01-12,12,Sunday,1,0,0,Clear,36.5,2594,6539,1567
Pavagadh,2025-01-12,13,Sunday,1,0,0,Clear,36.7,1567,5968,1862
Pavagadh,2025-01-12,14,Sunday,1,0,0,Clear,35.1,1862,6046,2199
Pavagadh,2025-01-12,15,Sunday,1,0,0,Clear,36.5,2199,6335,2630
Pavagadh,2025-01-12,16,Sunday,1,0,0,Clear,34.7,2630,7243,3118
Pavagadh,2025-01-12,17,Sunday,1,0,0,Clear,33.8,3118,9571,4152
Pavagadh,2025-01-12,18,Sunday,1,0,0,Clear,33.4,4152,11137,4678
Pavagadh,2025-01-12,19,Sunday,1,0,0,Clear,30.9,4678,11972,3985
Pavagadh,2025-01-12,20,Sunday,1,0,0,Clear,29.3,3985,10649,2814
Pavagadh,2025-01-12,21,Sunday,1,0,0,Clear,28.3,2814,7754,1544
Pavagadh,2025-01-12,22,Sunday,1,0,0,Clear,27.8,1544,5279,690
Pavagadh,2025-01-12,23,Sunday,1,0,0,Clear,25.4,690,3189,206
Pavagadh,2025-01-13,0,Monday,0,0,0,Clear,19.7,206,1683,26
Pavagadh,2025-01-13,1,Monday,0,0,0,Clear,19.1,26,934,18
Pavagadh,2025-01-13,2,Monday,0,0,0,Clear,18.0,18,556,21
Pavagadh,2025-01-13,3,Monday,0,0,0,Clear,19.3,21,350,50
Pavagadh,2025-01-13,4,Monday,0,0,0,Clear,19.6,50,600,309
Pavagadh,2025-01-13,5,Monday,0,0,0,Clear,20.9,309,1528,869
Pavagadh,2025-01-13,6,Monday,0,0,0,Clear,22.3,869,2557,1278
Pavagadh,2025-01-13,7,Monday,0,0,0,Clear,23.0,1278,3582,1564
Pavagadh,2025-01-13,8,Monday,0,0,0,Clear,26.4,1564,3924,1593
Pavagadh,2025-01-13,9,Monday,0,0,0,Clear,26.7,1593,4740,1747
Pavagadh,2025-01-13,10,Monday,0,0,0,Clear,29.4,1747,4591,1552
Pavagadh,2025-01-13,11,Monday,0,0,0,Clear,29.5,1552,3699,932
Pavagadh,2025-01-13,12,Monday,0,0,0,Clear,31.6,932,3317,924
Pavagadh,2025-01-13,13,Monday,0,0,0,Clear,31.5,924,2604,585
Pavagadh,2025-01-13,14,Monday,0,0,0,Clear,32.0,585,2412,677
Pavagadh,2025-01-13,15,Monday,0,0,0,Clear,31.4,677,2891,1159
Pavagadh,2025-01-13,16,Monday,0,0,0,Clear,31.2,1159,3272,1266
Pavagadh,2025-01-13,17,Monday,0,0,0,Clear,30.4,1266,3972,1683
Pavagadh,2025-01-13,18,Monday,0,0,0,Clear,28.7,1683,4954,1940
Pavagadh,2025-01-13,19,Monday,0,0,0,Clear,27.7,1940,4686,1508
Pavagadh,2025-01-13,20,Monday,0,0,0,Clear,25.1,1508,4088,1071
Pavagadh,2025-01-13,21,Monday,0,0,0,Clear,24.2,1071,3244,772
Pavagadh,2025-01-13,22,Monday,0,0,0,Clear,21.6,772,1978,271
Pavagadh,2025-01-13,23,Monday,0,0,0,Clear,19.8,271,1237,95
Pavagadh,2025-01-14,0,Tuesday,0,1,1,Cloudy,29.1,95,711,47
Pavagadh,2025-01-14,1,Tuesday,0,1,1,Cloudy,27.3,47,409,33
Pavagadh,2025-01-14,2,Tuesday,0,1,1,Cloudy,26.8,33,269,34
Pavagadh,2025-01-14,3,Tuesday,0,1,1,Cloudy,28.1,34,280,89
Pavagadh,2025-01-14,4,Tuesday,0,1,1,Cloudy,28.8,89,960,597
Pavagadh,2025-01-14,5,Tuesday,0,1,1,Cloudy,29.2,597,2520,1498
Pavagadh,2025-01-14,6,Tuesday,0,1,1,Cloudy,31.5,1498,5146,2797
Pavagadh,2025-01-14,7,Tuesday,0,1,1,Cloudy,32.9,2797,6630,2803
Pavagadh,2025-01-14,8,Tuesday,0,1,1,Cloudy,35.3,2803,8921,4007
Pavagadh,2025-01-14,9,Tuesday,0,1,1,Cloudy,38.0,4007,8704,2935
Pavagadh,2025-01-14,10,Tuesday,0,1,1,Cloudy,37.3,2935,8112,2388
Pavagadh,2025-01-14,11,Tuesday,0,1,1,Cloudy,39.4,2388,7280,2212
Pavagadh,2025-01-14,12,Tuesday,0,1,1,Cloudy,40.4,2212,6592,1922
Pavagadh,2025-01-14,13,Tuesday,0,1,1,Cloudy,41.0,1922,5265,1213
Pavagadh,2025-01-14,14,Tuesday,0,1,1,Cloudy,41.0,1213,4249,1185
Pavagadh,2025-01-14,15,Tuesday,0,1,1,Cloudy,41.0,1185,5122,2019
Pavagadh,2025-01-14,16,Tuesday,0,1,1,Rainy,39.6,2019,5160,1713
Pavagadh,2025-01-14,17,Tuesday,0,1,1,Cloudy,38.6,1713,6689,2855
Pavagadh,2025-01-14,18,Tuesday,0,1,1,Cloudy,36.9,2855,7817,3008
Pavagadh,2025-01-14,19,Tuesday,0,1,1,Cloudy,36.8,3008,8435,3227
Pavagadh,2025-01-14,20,Tuesday,0,1,1,Cloudy,35.0,3227,7729,2191
Pavagadh,2025-01-14,21,Tuesday,0,1,1,Cloudy,32.7,2191,5030,792
Pavagadh,2025-01-14,22,Tuesday,0,1,1,Cloudy,31.0,792,3262,514
Pavagadh,2025-01-14,23,Tuesday,0,1,1,Cloudy,29.2,514,2197,218
Pavagadh,2025-01-15,0,Wednesday,0,0,1,Sunny,29.6,218,1280,58
Pavagadh,2025-01-15,1,Wednesday,0,0,1,Sunny,28.8,58,789,33
Pavagadh,2025-01-15,2,Wednesday,0,0,1,Sunny,27.7,33,480,31
Pavagadh,2025-01-15,3,Wednesday,0,0,1,Sunny,27.8,31,440,139
Pavagadh,2025-01-15,4,Wednesday,0,0,1,Sunny,28.6,139,1357,814
Pavagadh,2025-01-15,5,Wednesday,0,0,1,Sunny,29.2,814,2191,1069
Pavagadh,2025-01-15,6,Wednesday,0,0,1,Sunny,30.6,1069,5364,3113
Pavagadh,2025-01-15,7,Wednesday,0,0,1,Sunny,32.6,3113,8104,3895
Pavagadh,2025-01-15,8,Wednesday,0,0,1,Sunny,34.2,3895,8860,3223
Pavagadh,2025-01-15,9,Wednesday,0,0,1,Sunny,37.0,3223,9361,3225
Pavagadh,2025-01-15,10,Wednesday,0,0,1,Sunny,38.4,3225,7836,2025
Pavagadh,2025-01-15,11,Wednesday,0,0,1,Sunny,39.0,2025,6553,1822
Pavagadh,2025-01-15,12,Wednesday,0,0,1,Sunny,40.1,1822,5022,1134
Pavagadh,2025-01-15,13,Wednesday,0,0,1,Sunny,41.0,1134,4725,1566
Pavagadh,2025-01-15,14,Wednesday,0,0,1,Sunny,41.0,1566,5047,1753
Pavagadh,2025-01-15,15,Wednesday,0,0,1,Sunny,40.5,1753,5164,1830
Pavagadh,2025-01-15,16,Wednesday,0,0,1,Sunny,40.4,1830,6637,2781
Pavagadh,2025-01-15,17,Wednesday,0,0,1,Sunny,38.4,2781,8380,3754
Pavagadh,2025-01-15,18,Wednesday,0,0,1,Sunny,36.8,3754,10956,4629
Pavagadh,2025-01-15,19,Wednesday,0,0,1,Sunny,37.2,4629,9837,2770
Pavagadh,2025-01-15,20,Wednesday,0,0,1,Sunny,34.9,2770,9469,3207
Pavagadh,2025-01-15,21,Wednesday,0,0,1,Sunny,33.2,3207,6596,1022
Pavagadh,2025-01-15,22,Wednesday,0,0,1,Sunny,30.5,1022,4592,665
Pavagadh,2025-01-15,23,Wednesday,0,0,1,Sunny,30.4,665,2637,193
Pavagadh,2025-01-16,0,Thursday,0,0,0,Clear,25.1,193,1376,26
Pavagadh,2025-01-16,1,Thursday,0,0,0,Clear,26.1,26,813,21
Pavagadh,2025-01-16,2,Thursday,0,0,0,Clear,25.4,21,471,22
Pavagadh,2025-01-16,3,Thursday,0,0,0,Clear,25.5,22,314,42
Pavagadh,2025-01-16,4,Thursday,0,0,0,Clear,26.2,42,471,225
Pavagadh,2025-01-16,5,Thursday,0,0,0,Clear,27.1,225,1187,692
Pavagadh,2025-01-16,6,Thursday,0,0,0,Clear,28.7,692,2172,1155
Pavagadh,2025-01-16,7,Thursday,0,0,0,Clear,30.7,1155,3581,1794
Pavagadh,2025-01-16,8,Thursday,0,0,0,Clear,31.7,1794,4547,1906
Pavagadh,2025-01-16,9,Thursday,0,0,0,Clear,33.7,1906,4656,1626
Pavagadh,2025-01-16,10,Thursday,0,0,0,Clear,35.3,1626,4179,1161
Pavagadh,2025-01-16,11,Thursday,0,0,0,Clear,36.4,1161,3539,1025
Pavagadh,2025-01-16,12,Thursday,0,0,0,Clear,37.5,1025,2875,748
Pavagadh,2025-01-16,13,Thursday,0,0,0,Clear,37.2,748,2283,535
Pavagadh,2025-01-16,14,Thursday,0,0,0,Clear,38.5,535,2587,988
Pavagadh,2025-01-16,15,Thursday,0,0,0,Clear,37.1,988,2861,999
Pavagadh,2025-01-16,16,Thursday,0,0,0,Clear,37.0,999,3672,1544
Pavagadh,2025-01-16,17,Thursday,0,0,0,Clear,36.8,1544,4662,2095
Pavagadh,2025-01-16,18,Thursday,0,0,0,Clear,35.6,2095,4866,1795
Pavagadh,2025-01-16,19,Thursday,0,0,0,Clear,33.4,1795,5319,1825
Pavagadh,2025-01-16,20,Thursday,0,0,0,Clear,30.5,1825,4439,1019
Pavagadh,2025-01-16,21,Thursday,0,0,0,Clear,30.0,1019,3128,650
Pavagadh,2025-01-16,22,Thursday,0,0,0,Clear,27.9,650,1898,237
Pavagadh,2025-01-16,23,Thursday,0,0,0,Clear,26.2,237,1116,83
Pavagadh,2025-01-17,0,Friday,0,0,0,Sunny,20.5,83,652,39
Pavagadh,2025-01-17,1,Friday,0,0,0,Sunny,20.7,39,374,23
Pavagadh,2025-01-17,2,Friday,0,0,0,Sunny,20.0,23,238,21
Pavagadh,2025-01-17,3,Friday,0,0,0,Sunny,20.3,21,199,50
Pavagadh,2025-01-17,4,Friday,0,0,0,Sunny,21.3,50,754,477
Pavagadh,2025-01-17,5,Friday,0,0,0,Sunny,22.1,477,1560,863
Pavagadh,2025-01-17,6,Friday,0,0,0,Sunny,22.5,863,2822,1421
Pavagadh,2025-01-17,7,Friday,0,0,0,Sunny,25.8,1421,3604,1482
Pavagadh,2025-01-17,8,Friday,0,0,0,Sunny,25.5,1482,4905,2136
Pavagadh,2025-01-17,9,Friday,0,0,0,Sunny,27.5,2136,5676,2032
Pavagadh,2025-01-17,10,Friday,0,0,0,Sunny,30.1,2032,5453,1556
Pavagadh,2025-01-17,11,Friday,0,0,0,Sunny,30.9,1556,4360,1101
Pavagadh,2025-01-17,12,Friday,0,0,0,Sunny,32.6,1101,3517,878
Pavagadh,2025-01-17,13,Friday,0,0,0,Sunny,33.1,878,2855,717
Pavagadh,2025-01-17,14,Friday,0,0,0,Sunny,33.0,717,2558,848
Pavagadh,2025-01-17,15,Friday,0,0,0,Sunny,33.1,848,2742,950
Pavagadh,2025-01-17,16,Friday,0,0,0,Sunny,32.3,950,3589,1562
Pavagadh,2025-01-17,17,Friday,0,0,0,Sunny,31.4,1562,4929,2288
Pavagadh,2025-01-17,18,Friday,0,0,0,Sunny,29.2,2288,5561,2161
Pavagadh,2025-01-17,19,Friday,0,0,0,Sunny,28.8,2161,5461,1905
Pavagadh,2025-01-17,20,Friday,0,0,0,Sunny,27.2,1905,4581,1160
Pavagadh,2025-01-17,21,Friday,0,0,0,Sunny,24.4,1160,3566,777
Pavagadh,2025-01-17,22,Friday,0,0,0,Sunny,22.8,777,2410,278
Pavagadh,2025-01-17,23,Friday,0,0,0,Sunny,21.9,278,1456,123
Pavagadh,2025-01-18,0,Saturday,1,0,0,Rainy,29.0,123,895,26
Pavagadh,2025-01-18,1,Saturday,1,0,0,Rainy,27.6,26,496,21
Pavagadh,2025-01-18,2,Saturday,1,0,0,Rainy,27.7,21,298,22
Pavagadh,2025-01-18,3,Saturday,1,0,0,Rainy,26.2,22,213,43
Pavagadh,2025-01-18,4,Saturday,1,0,0,Heavy Rain,28.4,43,358,180
Pavagadh,2025-01-18,5,Saturday,1,0,0,Heavy Rain,28.9,180,853,486
Pavagadh,2025-01-18,6,Saturday,1,0,0,Heavy Rain,30.7,486,1388,681
Pavagadh,2025-01-18,7,Saturday,1,0,0,Heavy Rain,31.6,681,2020,963
Pavagadh,2025-01-18,8,Saturday,1,0,0,Heavy Rain,34.4,963,2406,920
Pavagadh,2025-01-18,9,Saturday,1,0,0,Heavy Rain,36.8,920,2621,897
Pavagadh,2025-01-18,10,Saturday,1,0,0,Heavy Rain,37.7,897,2315,641
Pavagadh,2025-01-18,11,Saturday,1,0,0,Heavy Rain,38.9,641,2190,671
Pavagadh,2025-01-18,12,Saturday,1,0,0,Heavy Rain,39.8,671,1800,435
Pavagadh,2025-01-18,13,Saturday,1,0,0,Heavy Rain,39.6,435,1418,370
Pavagadh,2025-01-18,14,Saturday,1,0,0,Heavy Rain,40.3,370,1335,430
Pavagadh,2025-01-18,15,Saturday,1,0,0,Heavy Rain,39.7,430,1556,617
Pavagadh,2025-01-18,16,Saturday,1,0,0,Heavy Rain,39.4,617,1741,665
Pavagadh,2025-01-18,17,Saturday,1,0,0,Heavy Rain,39.3,665,2493,1124
Pavagadh,2025-01-18,18,Saturday,1,0,0,Heavy Rain,37.1,1124,2855,1133
Pavagadh,2025-01-18,19,Saturday,1,0,0,Heavy Rain,35.5,1133,2715,795
Pavagadh,2025-01-18,20,Saturday,1,0,0,Heavy Rain,34.4,795,2499,649
Pavagadh,2025-01-18,21,Saturday,1,0,0,Heavy Rain,32.5,649,1928,397
Pavagadh,2025-01-18,22,Saturday,1,0,0,Rainy,29.8,397,1417,266
Pavagadh,2025-01-18,23,Saturday,1,0,0,Rainy,29.2,266,896,106
Pavagadh,2025-01-19,0,Sunday,1,0,0,Cloudy,27.9,106,547,66
Pavagadh,2025-01-19,1,Sunday,1,0,0,Cloudy,25.8,66,346,39
Pavagadh,2025-01-19,2,Sunday,1,0,0,Cloudy,26.2,39,259,43
Pavagadh,2025-01-19,3,Sunday,1,0,0,Cloudy,27.6,43,305,115
Pavagadh,2025-01-19,4,Sunday,1,0,0,Cloudy,27.2,115,1149,723
Pavagadh,2025-01-19,5,Sunday,1,0,0,Cloudy,28.6,723,2791,1556
Pavagadh,2025-01-19,6,Sunday,1,0,0,Cloudy,30.3,1556,6309,3640
Pavagadh,2025-01-19,7,Sunday,1,0,0,Cloudy,31.4,3640,8746,3896
Pavagadh,2025-01-19,8,Sunday,1,0,0,Cloudy,32.3,3896,10707,3927
Pavagadh,2025-01-19,9,Sunday,1,0,0,Cloudy,35.4,3927,10925,3871
Pavagadh,2025-01-19,10,Sunday,1,0,0,Cloudy,37.0,3871,10462,3050
Pavagadh,2025-01-19,11,Sunday,1,0,0,Cloudy,38.9,3050,9332,2635
Pavagadh,2025-01-19,12,Sunday,1,0,0,Cloudy,38.3,2635,7072,1421
Pavagadh,2025-01-19,13,Sunday,1,0,0,Cloudy,40.5,1421,6136,1792
Pavagadh,2025-01-19,14,Sunday,1,0,0,Rainy,39.3,1792,5155,1405
Pavagadh,2025-01-19,15,Sunday,1,0,0,Cloudy,39.9,1405,5816,2262
Pavagadh,2025-01-19,16,Sunday,1,0,0,Cloudy,40.1,2262,8086,3510
Pavagadh,2025-01-19,17,Sunday,1,0,0,Cloudy,38.1,3510,10607,4606
Pavagadh,2025-01-19,18,Sunday,1,0,0,Cloudy,37.2,4606,11575,4052
Pavagadh,2025-01-19,19,Sunday,1,0,0,Cloudy,35.3,4052,12141,3918
Pavagadh,2025-01-19,20,Sunday,1,0,0,Cloudy,33.9,3918,10147,2589
Pavagadh,2025-01-19,21,Sunday,1,0,0,Cloudy,30.0,2589,7734,1402
Pavagadh,2025-01-19,22,Sunday,1,0,0,Cloudy,30.8,1402,5097,599
Pavagadh,2025-01-19,23,Sunday,1,0,0,Cloudy,28.7,599,3433,237
Pavagadh,2025-01-20,0,Monday,0,0,0,Clear,27.4,237,1801,34
Pavagadh,2025-01-20,1,Monday,0,0,0,Clear,26.4,34,1083,21
Pavagadh,2025-01-20,2,Monday,0,0,0,Clear,26.9,21,636,18
Pavagadh,2025-01-20,3,Monday,0,0,0,Clear,27.0,18,416,50
Pavagadh,2025-01-20,4,Monday,0,0,0,Clear,27.5,50,659,298
Pavagadh,2025-01-20,5,Monday,0,0,0,Clear,28.6,298,1386,761
Pavagadh,2025-01-20,6,Monday,0,0,0,Clear,30.4,761,2177,1097
Pavagadh,2025-01-20,7,Monday,0,0,0,Clear,31.5,1097,4059,2066
Pavagadh,2025-01-20,8,Monday,0,0,0,Clear,32.7,2066,4686,1870
Pavagadh,2025-01-20,9,Monday,0,0,0,Clear,35.2,1870,4944,1665
Pavagadh,2025-01-20,10,Monday,0,0,0,Clear,35.6,1665,4252,1143
Pavagadh,2025-01-20,11,Monday,0,0,0,Clear,37.3,1143,3661,956
Pavagadh,2025-01-20,12,Monday,0,0,0,Clear,38.4,956,3304,996
Pavagadh,2025-01-20,13,Monday,0,0,0,Clear,39.5,996,2610,689
Pavagadh,2025-01-20,14,Monday,0,0,0,Clear,40.2,689,2546,841
Pavagadh,2025-01-20,15,Monday,0,0,0,Clear,39.8,841,2986,1100
Pavagadh,2025-01-20,16,Monday,0,0,0,Clear,40.5,1100,3173,1213
Pavagadh,2025-01-20,17,Monday,0,0,0,Clear,38.0,1213,3600,1332
Pavagadh,2025-01-20,18,Monday,0,0,0,Clear,36.6,1332,4564,1936
Pavagadh,2025-01-20,19,Monday,0,0,0,Clear,35.1,1936,4707,1609
Pavagadh,2025-01-20,20,Monday,0,0,0,Clear,32.4,1609,4400,1164
Pavagadh,2025-01-20,21,Monday,0,0,0,Clear,31.6,1164,3521,676
Pavagadh,2025-01-20,22,Monday,0,0,0,Clear,29.5,676,2313,317
Pavagadh,2025-01-20,23,Monday,0,0,0,Clear,29.2,317,1388,105
Pavagadh,2025-01-21,0,Tuesday,0,0,0,Cloudy,21.3,105,819,24
Pavagadh,2025-01-21,1,Tuesday,0,0,0,Cloudy,21.6,24,427,17
Pavagadh,2025-01-21,2,Tuesday,0,0,0,Cloudy,21.0,17,250,18
Pavagadh,2025-01-21,3,Tuesday,0,0,0,Cloudy,21.0,18,206,48
Pavagadh,2025-01-21,4,Tuesday,0,0,0,Cloudy,21.8,48,511,299
Pavagadh,2025-01-21,5,Tuesday,0,0,0,Cloudy,23.4,299,1138,643
Pavagadh,2025-01-21,6,Tuesday,0,0,0,Cloudy,25.3,643,2336,1261
Pavagadh,2025-01-21,7,Tuesday,0,0,0,Cloudy,26.7,1261,2990,1198
Pavagadh,2025-01-21,8,Tuesday,0,0,0,Cloudy,28.1,1198,3529,1387
Pavagadh,2025-01-21,9,Tuesday,0,0,0,Cloudy,30.3,1387,3823,1472
Pavagadh,2025-01-21,10,Tuesday,0,0,0,Cloudy,32.0,1472,3729,1166
Pavagadh,2025-01-21,11,Tuesday,0,0,0,Cloudy,32.4,1166,3547,1094
Pavagadh,2025-01-21,12,Tuesday,0,0,0,Cloudy,34.7,1094,2567,558
Pavagadh,2025-01-21,13,Tuesday,0,0,0,Cloudy,34.5,558,2495,700
Pavagadh,2025-01-21,14,Tuesday,0,0,0,Cloudy,34.3,700,2236,718
Pavagadh,2025-01-21,15,Tuesday,0,0,0,Cloudy,35.0,718,2362,930
Pavagadh,2025-01-21,16,Tuesday,0,0,0,Cloudy,34.4,930,2905,1168
Pavagadh,2025-01-21,17,Tuesday,0,0,0,Rainy,32.1,1168,3019,978
Pavagadh,2025-01-21,18,Tuesday,0,0,0,Cloudy,31.0,978,4615,2136
Pavagadh,2025-01-21,19,Tuesday,0,0,0,Cloudy,30.7,2136,4368,1187
Pavagadh,2025-01-21,20,Tuesday,0,0,0,Cloudy,27.5,1187,3885,982
Pavagadh,2025-01-21,21,Tuesday,0,0,0,Cloudy,26.8,982,2941,506
Pavagadh,2025-01-21,22,Tuesday,0,0,0,Cloudy,25.1,506,1815,239
Pavagadh,2025-01-21,23,Tuesday,0,0,0,Cloudy,23.7,239,1117,82
Pavagadh,2025-01-22,0,Wednesday,0,0,0,Clear,20.8,82,654,34
Pavagadh,2025-01-22,1,Wednesday,0,0,0,Clear,20.7,34,391,20
Pavagadh,2025-01-22,2,Wednesday,0,0,0,Clear,19.0,20,243,16
Pavagadh,2025-01-22,3,Wednesday,0,0,0,Clear,19.6,16,188,41
Pavagadh,2025-01-22,4,Wednesday,0,0,0,Clear,20.4,41,571,348
Pavagadh,2025-01-22,5,Wednesday,0,0,0,Clear,22.1,348,1241,706
Pavagadh,2025-01-22,6,Wednesday,0,0,0,Clear,23.1,706,1833,875
Pavagadh,2025-01-22,7,Wednesday,0,0,0,Clear,24.8,875,2966,1516
Pavagadh,2025-01-22,8,Wednesday,0,0,0,Clear,25.6,1516,3153,1208
Pavagadh,2025-01-22,9,Wednesday,0,0,0,Clear,28.4,1208,3609,1378
Pavagadh,2025-01-22,10,Wednesday,0,0,0,Clear,29.6,1378,3781,1255
Pavagadh,2025-01-22,11,Wednesday,0,0,0,Clear,30.9,1255,3369,1146
Pavagadh,2025-01-22,12,Wednesday,0,0,0,Clear,32.7,1146,2580,612
Pavagadh,2025-01-22,13,Wednesday,0,0,0,Clear,32.3,612,2317,712
Pavagadh,2025-01-22,14,Wednesday,0,0,0,Clear,32.5,712,2203,676
Pavagadh,2025-01-22,15,Wednesday,0,0,0,Clear,33.2,676,2984,1205
Pavagadh,2025-01-22,16,Wednesday,0,0,0,Clear,32.4,1205,3368,1353
Pavagadh,2025-01-22,17,Wednesday,0,0,0,Clear,32.1,1353,4052,1649
Pavagadh,2025-01-22,18,Wednesday,0,0,0,Clear,29.8,1649,4146,1613
Pavagadh,2025-01-22,19,Wednesday,0,0,0,Clear,28.4,1613,4610,1679
Pavagadh,2025-01-22,20,Wednesday,0,0,0,Clear,26.3,1679,4006,1073
Pavagadh,2025-01-22,21,Wednesday,0,0,0,Clear,24.7,1073,3044,621
Pavagadh,2025-01-22,22,Wednesday,0,0,0,Clear,23.9,621,2066,284
Pavagadh,2025-01-22,23,Wednesday,0,0,0,Clear,22.0,284,1321,97
Pavagadh,2025-01-23,0,Thursday,0,0,0,Clear,18.8,97,794,31
Pavagadh,2025-01-23,1,Thursday,0,0,0,Clear,18.0,31,494,20
Pavagadh,2025-01-23,2,Thursday,0,0,0,Clear,18.2,20,307,19
Pavagadh,2025-01-23,3,Thursday,0,0,0,Clear,18.0,19,243,47
Pavagadh,2025-01-23,4,Thursday,0,0,0,Clear,18.9,47,620,360
Pavagadh,2025-01-23,5,Thursday,0,0,0,Clear,19.9,360,1264,690
Pavagadh,2025-01-23,6,Thursday,0,0,0,Clear,21.2,690,2343,1219
Pavagadh,2025-01-23,7,Thursday,0,0,0,Clear,23.2,1219,3373,1533
Pavagadh,2025-01-23,8,Thursday,0,0,0,Clear,25.3,1533,3858,1501
Pavagadh,2025-01-23,9,Thursday,0,0,0,Clear,25.5,1501,4172,1507
Pavagadh,2025-01-23,10,Thursday,0,0,0,Clear,28.7,1507,4150,1328
Pavagadh,2025-01-23,11,Thursday,0,0,0,Clear,29.8,1328,3488,987
Pavagadh,2025-01-23,12,Thursday,0,0,0,Clear,30.6,987,2824,679
Pavagadh,2025-01-23,13,Thursday,0,0,0,Clear,31.1,679,2482,685
Pavagadh,2025-01-23,14,Thursday,0,0,0,Clear,31.9,685,2479,834
Pavagadh,2025-01-23,15,Thursday,0,0,0,Clear,31.4,834,2999,1088
Pavagadh,2025-01-23,16,Thursday,0,0,0,Clear,30.2,1088,3383,1357
Pavagadh,2025-01-23,17,Thursday,0,0,0,Clear,29.7,1357,3937,1546
Pavagadh,2025-01-23,18,Thursday,0,0,0,Clear,28.4,1546,4283,1712
Pavagadh,2025-01-23,19,Thursday,0,0,0,Clear,27.6,1712,4564,1647
Pavagadh,2025-01-23,20,Thursday,0,0,0,Clear,24.5,1647,4080,1129
Pavagadh,2025-01-23,21,Thursday,0,0,0,Clear,23.8,1129,3338,723
Pavagadh,2025-01-23,22,Thursday,0,0,0,Clear,20.6,723,2290,269
Pavagadh,2025-01-23,23,Thursday,0,0,0,Clear,19.8,269,1519,108
Pavagadh,2025-01-24,0,Friday,0,0,0,Sunny,27.0,108,825,34
Pavagadh,2025-01-24,1,Friday,0,0,0,Sunny,26.2,34,482,20
Pavagadh,2025-01-24,2,Friday,0,0,0,Sunny,26.2,20,308,23
Pavagadh,2025-01-24,3,Friday,0,0,0,Sunny,26.2,23,241,56
Pavagadh,2025-01-24,4,Friday,0,0,0,Sunny,27.4,56,699,415
Pavagadh,2025-01-24,5,Friday,0,0,0,Sunny,28.8,415,1519,861
Pavagadh,2025-01-24,6,Friday,0,0,0,Sunny,29.1,861,2654,1336
Pavagadh,2025-01-24,7,Friday,0,0,0,Sunny,30.6,1336,4090,1934
Pavagadh,2025-01-24,8,Friday,0,0,0,Sunny,31.9,1934,4762,1774
Pavagadh,2025-01-24,9,Friday,0,0,0,Sunny,35.2,1774,4681,1628
Pavagadh,2025-01-24,10,Friday,0,0,0,Sunny,34.9,1628,5044,1825
Pavagadh,2025-01-24,11,Friday,0,0,0,Sunny,38.9,1825,4471,1228
Pavagadh,2025-01-24,12,Friday,0,0,0,Sunny,39.4,1228,3957,1064
Pavagadh,2025-01-24,13,Friday,0,0,0,Sunny,39.5,1064,3098,767
Pavagadh,2025-01-24,14,Friday,0,0,0,Sunny,39.5,767,3083,934
Pavagadh,2025-01-24,15,Friday,0,0,0,Sunny,39.2,934,3531,1365
Pavagadh,2025-01-24,16,Friday,0,0,0,Sunny,39.6,1365,4321,1718
Pavagadh,2025-01-24,17,Friday,0,0,0,Sunny,38.4,1718,5437,2173
Pavagadh,2025-01-24,18,Friday,0,0,0,Sunny,37.7,2173,6553,2587
Pavagadh,2025-01-24,19,Friday,0,0,0,Sunny,34.5,2587,5723,1827
Pavagadh,2025-01-24,20,Friday,0,0,0,Sunny,33.6,1827,4882,1154
Pavagadh,2025-01-24,21,Friday,0,0,0,Sunny,32.5,1154,3546,643
Pavagadh,2025-01-24,22,Friday,0,0,0,Sunny,29.1,643,2299,266
Pavagadh,2025-01-24,23,Friday,0,0,0,Sunny,28.8,266,1436,120
Pavagadh,2025-01-25,0,Saturday,1,0,0,Clear,19.6,120,802,38
Pavagadh,2025-01-25,1,Saturday,1,0,0,Clear,20.5,38,491,32
Pavagadh,2025-01-25,2,Saturday,1,0,0,Clear,19.1,32,291,29
Pavagadh,2025-01-25,3,Saturday,1,0,0,Clear,20.7,29,298,99
Pavagadh,2025-01-25,4,Saturday,1,0,0,Clear,20.9,99,855,522
Pavagadh,2025-01-25,5,Saturday,1,0,0,Clear,21.1,522,1916,1078
Pavagadh,2025-01-25,6,Saturday,1,0,0,Clear,22.6,1078,3795,2064
Pavagadh,2025-01-25,7,Saturday,1,0,0,Clear,25.8,2064,5140,2193
Pavagadh,2025-01-25,8,Saturday,1,0,0,Clear,26.1,2193,6912,2973
Pavagadh,2025-01-25,9,Saturday,1,0,0,Clear,28.1,2973,6694,2189
Pavagadh,2025-01-25,10,Saturday,1,0,0,Clear,29.7,2189,6403,2155
Pavagadh,2025-01-25,11,Saturday,1,0,0,Clear,31.7,2155,5227,1296
Pavagadh,2025-01-25,12,Saturday,1,0,0,Clear,31.5,1296,4699,1243
Pavagadh,2025-01-25,13,Saturday,1,0,0,Clear,31.8,1243,4515,1411
Pavagadh,2025-01-25,14,Saturday,1,0,0,Clear,33.1,1411,3945,1087
Pavagadh,2025-01-25,15,Saturday,1,0,0,Clear,33.3,1087,4500,1715
Pavagadh,2025-01-25,16,Saturday,1,0,0,Clear,32.0,1715,4826,1868
Pavagadh,2025-01-25,17,Saturday,1,0,0,Clear,31.7,1868,6898,3042
Pavagadh,2025-01-25,18,Saturday,1,0,0,Clear,29.1,3042,7953,2908
Pavagadh,2025-01-25,19,Saturday,1,0,0,Clear,27.3,2908,8006,2785
Pavagadh,2025-01-25,20,Saturday,1,0,0,Clear,25.8,2785,6610,1817
Pavagadh,2025-01-25,21,Saturday,1,0,0,Clear,23.4,1817,5183,1074
Pavagadh,2025-01-25,22,Saturday,1,0,0,Clear,23.7,1074,3792,490
Pavagadh,2025-01-25,23,Saturday,1,0,0,Clear,22.4,490,2359,166
Pavagadh,2025-01-26,0,Sunday,1,1,1,Clear,24.1,166,1440,108
Pavagadh,2025-01-26,1,Sunday,1,1,1,Clear,24.7,108,914,102
Pavagadh,2025-01-26,2,Sunday,1,1,1,Clear,23.2,102,577,83
Pavagadh,2025-01-26,3,Sunday,1,1,1,Clear,23.5,83,762,344
Pavagadh,2025-01-26,4,Sunday,1,1,1,Clear,25.3,344,3300,2127
Pavagadh,2025-01-26,5,Sunday,1,1,1,Clear,25.7,2127,6278,3288
Pavagadh,2025-01-26,6,Sunday,1,1,1,Clear,26.8,3288,12747,6714
Pavagadh,2025-01-26,7,Sunday,1,1,1,Clear,29.1,6714,14438,5774
Pavagadh,2025-01-26,8,Sunday,1,1,1,Clear,29.9,5774,20836,9658
Pavagadh,2025-01-26,9,Sunday,1,1,1,Clear,32.5,9658,24744,9691
Pavagadh,2025-01-26,10,Sunday,1,1,1,Clear,33.2,9691,21794,7010
Pavagadh,2025-01-26,11,Sunday,1,1,1,Clear,35.3,7010,18741,5241
Pavagadh,2025-01-26,12,Sunday,1,1,1,Clear,36.0,5241,16632,4170
Pavagadh,2025-01-26,13,Sunday,1,1,1,Clear,36.6,4170,14172,3868
Pavagadh,2025-01-26,14,Sunday,1,1,1,Clear,36.4,3868,12616,3198
Pavagadh,2025-01-26,15,Sunday,1,1,1,Clear,37.0,3198,15671,6822
Pavagadh,2025-01-26,16,Sunday,1,1,1,Clear,36.1,6822,16544,6610
Pavagadh,2025-01-26,17,Sunday,1,1,1,Clear,34.3,6610,19038,7355
Pavagadh,2025-01-26,18,Sunday,1,1,1,Clear,33.3,7355,25625,11171
Pavagadh,2025-01-26,19,Sunday,1,1,1,Clear,31.1,11171,23277,6930
Pavagadh,2025-01-26,20,Sunday,1,1,1,Clear,30.1,6930,19305,5296
Pavagadh,2025-01-26,21,Sunday,1,1,1,Clear,28.0,5296,14991,2748
Pavagadh,2025-01-26,22,Sunday,1,1,1,Clear,26.8,2748,9765,1416
Pavagadh,2025-01-26,23,Sunday,1,1,1,Clear,25.3,1416,6445,478
Pavagadh,2025-01-27,0,Monday,0,0,0,Clear,19.6,478,3552,34
Pavagadh,2025-01-27,1,Monday,0,0,0,Clear,18.2,34,2068,19
Pavagadh,2025-01-27,2,Monday,0,0,0,Clear,19.1,19,1166,16
Pavagadh,2025-01-27,3,Monday,0,0,0,Clear,18.0,16,726,53
Pavagadh,2025-01-27,4,Monday,0,0,0,Clear,18.7,53,946,400
Pavagadh,2025-01-27,5,Monday,0,0,0,Clear,20.5,400,1461,697
Pavagadh,2025-01-27,6,Monday,0,0,0,Clear,21.5,697,2436,1173
Pavagadh,2025-01-27,7,Monday,0,0,0,Clear,23.0,1173,3378,1516
Pavagadh,2025-01-27,8,Monday,0,0,0,Clear,25.9,1516,4539,2013
Pavagadh,2025-01-27,9,Monday,0,0,0,Clear,27.5,2013,4535,1588
Pavagadh,2025-01-27,10,Monday,0,0,0,Clear,28.1,1588,4871,1568
Pavagadh,2025-01-27,11,Monday,0,0,0,Clear,29.9,1568,4041,1021
Pavagadh,2025-01-27,12,Monday,0,0,0,Clear,30.3,1021,3096,706
Pavagadh,2025-01-27,13,Monday,0,0,0,Clear,31.4,706,2601,675
Pavagadh,2025-01-27,14,Monday,0,0,0,Clear,31.5,675,2609,885
Pavagadh,2025-01-27,15,Monday,0,0,0,Clear,31.4,885,2927,1023
Pavagadh,2025-01-27,16,Monday,0,0,0,Clear,30.5,1023,3548,1480
Pavagadh,2025-01-27,17,Monday,0,0,0,Clear,29.9,1480,4522,1826
Pavagadh,2025-01-27,18,Monday,0,0,0,Clear,28.1,1826,4578,1621
Pavagadh,2025-01-27,19,Monday,0,0,0,Clear,27.3,1621,5257,1951
Pavagadh,2025-01-27,20,Monday,0,0,0,Clear,24.3,1951,4449,1255
Pavagadh,2025-01-27,21,Monday,0,0,0,Clear,23.1,1255,3408,680
Pavagadh,2025-01-27,22,Monday,0,0,0,Clear,21.7,680,2331,265
Pavagadh,2025-01-27,23,Monday,0,0,0,Clear,20.0,265,1343,110
Pavagadh,2025-01-28,0,Tuesday,0,0,0,Clear,24.0,110,829,25
Pavagadh,2025-01-28,1,Tuesday,0,0,0,Clear,24.6,25,482,19
Pavagadh,2025-01-28,2,Tuesday,0,0,0,Clear,23.7,19,301,20
Pavagadh,2025-01-28,3,Tuesday,0,0,0,Clear,23.9,20,242,52
Pavagadh,2025-01-28,4,Tuesday,0,0,0,Clear,24.7,52,521,290
Pavagadh,2025-01-28,5,Tuesday,0,0,0,Clear,25.4,290,1233,692
Pavagadh,2025-01-28,6,Tuesday,0,0,0,Clear,26.1,692,1907,934
Pavagadh,2025-01-28,7,Tuesday,0,0,0,Clear,28.3,934,3349,1715
Pavagadh,2025-01-28,8,Tuesday,0,0,0,Clear,30.4,1715,4043,1700
Pavagadh,2025-01-28,9,Tuesday,0,0,0,Clear,32.9,1700,4195,1332
Pavagadh,2025-01-28,10,Tuesday,0,0,0,Clear,33.5,1332,3765,1175
Pavagadh,2025-01-28,11,Tuesday,0,0,0,Clear,35.1,1175,3892,1317
Pavagadh,2025-01-28,12,Tuesday,0,0,0,Clear,36.2,1317,3075,645
Pavagadh,2025-01-28,13,Tuesday,0,0,0,Clear,36.8,645,2553,607
Pavagadh,2025-01-28,14,Tuesday,0,0,0,Clear,35.8,607,2311,734
Pavagadh,2025-01-28,15,Tuesday,0,0,0,Clear,36.7,734,2419,881
Pavagadh,2025-01-28,16,Tuesday,0,0,0,Clear,35.2,881,3242,1449
Pavagadh,2025-01-28,17,Tuesday,0,0,0,Clear,34.6,1449,4385,1890
Pavagadh,2025-01-28,18,Tuesday,0,0,0,Clear,32.4,1890,5328,2013
Pavagadh,2025-01-28,19,Tuesday,0,0,0,Clear,32.9,2013,4814,1515
Pavagadh,2025-01-28,20,Tuesday,0,0,0,Clear,30.2,1515,3722,881
Pavagadh,2025-01-28,21,Tuesday,0,0,0,Clear,27.9,881,2829,567
Pavagadh,2025-01-28,22,Tuesday,0,0,0,Clear,26.7,567,1867,247
Pavagadh,2025-01-28,23,Tuesday,0,0,0,Clear,26.5,247,1156,113
Pavagadh,2025-01-29,0,Wednesday,0,0,0,Sunny,18.0,113,693,24
Pavagadh,2025-01-29,1,Wednesday,0,0,0,Sunny,18.0,24,441,16
Pavagadh,2025-01-29,2,Wednesday,0,0,0,Sunny,18.0,16,269,13
Pavagadh,2025-01-29,3,Wednesday,0,0,0,Sunny,18.0,13,224,41
Pavagadh,2025-01-29,4,Wednesday,0,0,0,Sunny,18.0,41,537,310
Pavagadh,2025-01-29,5,Wednesday,0,0,0,Sunny,18.6,310,1022,544
Pavagadh,2025-01-29,6,Wednesday,0,0,0,Sunny,19.7,544,2228,1237
Pavagadh,2025-01-29,7,Wednesday,0,0,0,Sunny,20.9,1237,3412,1695
Pavagadh,2025-01-29,8,Wednesday,0,0,0,Sunny,22.9,1695,4067,1552
Pavagadh,2025-01-29,9,Wednesday,0,0,0,Sunny,24.5,1552,4371,1553
Pavagadh,2025-01-29,10,Wednesday,0,0,0,Sunny,25.3,1553,3869,1240
Pavagadh,2025-01-29,11,Wednesday,0,0,0,Sunny,28.0,1240,3525,941
Pavagadh,2025-01-29,12,Wednesday,0,0,0,Sunny,28.7,941,2934,651
Pavagadh,2025-01-29,13,Wednesday,0,0,0,Sunny,28.9,651,2591,696
Pavagadh,2025-01-29,14,Wednesday,0,0,0,Sunny,29.5,696,2387,647
Pavagadh,2025-01-29,15,Wednesday,0,0,0,Sunny,29.8,647,2537,895
Pavagadh,2025-01-29,16,Wednesday,0,0,0,Sunny,29.4,895,3183,1312
Pavagadh,2025-01-29,17,Wednesday,0,0,0,Sunny,28.4,1312,4350,1933
Pavagadh,2025-01-29,18,Wednesday,0,0,0,Sunny,25.6,1933,4320,1489
Pavagadh,2025-01-29,19,Wednesday,0,0,0,Sunny,24.2,1489,4172,1168
Pavagadh,2025-01-29,20,Wednesday,0,0,0,Sunny,23.4,1168,3649,1006
Pavagadh,2025-01-29,21,Wednesday,0,0,0,Sunny,20.3,1006,2781,718
Pavagadh,2025-01-29,22,Wednesday,0,0,0,Sunny,20.0,718,1788,215
Pavagadh,2025-01-29,23,Wednesday,0,0,0,Sunny,19.1,215,1075,73
Pavagadh,2025-01-30,0,Thursday,0,0,0,Sunny,28.3,73,614,30
Pavagadh,2025-01-30,1,Thursday,0,0,0,Sunny,28.7,30,378,15
Pavagadh,2025-01-30,2,Thursday,0,0,0,Sunny,27.5,15,243,20
Pavagadh,2025-01-30,3,Thursday,0,0,0,Sunny,27.9,20,188,42
Pavagadh,2025-01-30,4,Thursday,0,0,0,Sunny,27.4,42,529,314
Pavagadh,2025-01-30,5,Thursday,0,0,0,Sunny,29.6,314,1254,732
Pavagadh,2025-01-30,6,Thursday,0,0,0,Sunny,30.3,732,2212,1161
Pavagadh,2025-01-30,7,Thursday,0,0,0,Sunny,31.8,1161,3440,1583
Pavagadh,2025-01-30,8,Thursday,0,0,0,Sunny,33.4,1583,3866,1504
Pavagadh,2025-01-30,9,Thursday,0,0,0,Sunny,35.9,1504,4519,1779
Pavagadh,2025-01-30,10,Thursday,0,0,0,Sunny,36.4,1779,4026,1124
Pavagadh,2025-01-30,11,Thursday,0,0,0,Sunny,39.3,1124,3880,1331
Pavagadh,2025-01-30,12,Thursday,0,0,0,Sunny,39.8,1331,2926,658
Pavagadh,2025-01-30,13,Thursday,0,0,0,Sunny,39.8,658,2383,626
Pavagadh,2025-01-30,14,Thursday,0,0,0,Sunny,41.0,626,2387,749
Pavagadh,2025-01-30,15,Thursday,0,0,0,Sunny,40.0,749,3143,1339
Pavagadh,2025-01-30,16,Thursday,0,0,0,Sunny,40.2,1339,3511,1258
Pavagadh,2025-01-30,17,Thursday,0,0,0,Sunny,38.9,1258,3988,1601
Pavagadh,2025-01-30,18,Thursday,0,0,0,Sunny,37.2,1601,4646,1746
Pavagadh,2025-01-30,19,Thursday,0,0,0,Sunny,35.6,1746,4235,1183
Pavagadh,2025-01-30,20,Thursday,0,0,0,Sunny,34.8,1183,3775,915
Pavagadh,2025-01-30,21,Thursday,0,0,0,Sunny,33.1,915,2776,604
Pavagadh,2025-01-30,22,Thursday,0,0,0,Sunny,31.3,604,1796,237
Pavagadh,2025-01-30,23,Thursday,0,0,0,Sunny,28.5,237,1186,93
Pavagadh,2025-01-31,0,Friday,0,0,0,Cloudy,25.2,93,655,32
Pavagadh,2025-01-31,1,Friday,0,0,0,Cloudy,24.7,32,383,19
Pavagadh,2025-01-31,2,Friday,0,0,0,Cloudy,24.4,19,260,20
Pavagadh,2025-01-31,3,Friday,0,0,0,Cloudy,25.8,20,240,62
Pavagadh,2025-01-31,4,Friday,0,0,0,Cloudy,26.3,62,625,366
Pavagadh,2025-01-31,5,Friday,0,0,0,Cloudy,26.6,366,1361,767
Pavagadh,2025-01-31,6,Friday,0,0,0,Cloudy,28.0,767,2337,1173
Pavagadh,2025-01-31,7,Friday,0,0,0,Cloudy,28.9,1173,3682,1766
Pavagadh,2025-01-31,8,Friday,0,0,0,Cloudy,31.0,1766,4057,1594
Pavagadh,2025-01-31,9,Friday,0,0,0,Cloudy,33.2,1594,4480,1619
Pavagadh,2025-01-31,10,Friday,0,0,0,Cloudy,34.5,1619,4443,1434
Pavagadh,2025-01-31,11,Friday,0,0,0,Cloudy,35.5,1434,4100,1265
Pavagadh,2025-01-31,12,Friday,0,0,0,Cloudy,38.5,1265,3203,732
Pavagadh,2025-01-31,13,Friday,0,0,0,Cloudy,37.4,732,2668,624
Pavagadh,2025-01-31,14,Friday,0,0,0,Rainy,37.6,624,2139,454
Pavagadh,2025-01-31,15,Friday,0,0,0,Cloudy,37.5,454,2645,1104
Pavagadh,2025-01-31,16,Friday,0,0,0,Rainy,38.4,1104,2480,795
Pavagadh,2025-01-31,17,Friday,0,0,0,Cloudy,34.8,795,3955,1943
Pavagadh,2025-01-31,18,Friday,0,0,0,Cloudy,34.9,1943,4959,2042
Pavagadh,2025-01-31,19,Friday,0,0,0,Cloudy,33.7,2042,5015,1769
Pavagadh,2025-01-31,20,Friday,0,0,0,Cloudy,31.4,1769,5107,1682
Pavagadh,2025-01-31,21,Friday,0,0,0,Cloudy,29.5,1682,3752,623
Pavagadh,2025-01-31,22,Friday,0,0,0,Cloudy,28.4,623,2517,327
Pavagadh,2025-01-31,23,Friday,0,0,0,Cloudy,28.2,327,1627,116
Pavagadh,2025-02-01,0,Saturday,1,0,0,Clear,27.0,116,953,45
Pavagadh,2025-02-01,1,Saturday,1,0,0,Clear,26.3,45,569,29
Pavagadh,2025-02-01,2,Saturday,1,0,0,Clear,25.8,29,349,34
Pavagadh,2025-02-01,3,Saturday,1,0,0,Clear,24.8,34,294,73
Pavagadh,2025-02-01,4,Saturday,1,0,0,Clear,27.2,73,828,490
Pavagadh,2025-02-01,5,Saturday,1,0,0,Clear,28.4,490,2122,1248
Pavagadh,2025-02-01,6,Saturday,1,0,0,Clear,28.7,1248,4181,2162
Pavagadh,2025-02-01,7,Saturday,1,0,0,Clear,30.7,2162,5562,2533
Pavagadh,2025-02-01,8,Saturday,1,0,0,Clear,32.2,2533,6548,2581
Pavagadh,2025-02-01,9,Saturday,1,0,0,Clear,33.2,2581,6675,2411
Pavagadh,2025-02-01,10,Saturday,1,0,0,Clear,36.3,2411,6158,1920
Pavagadh,2025-02-01,11,Saturday,1,0,0,Clear,37.3,1920,6021,1655
Pavagadh,2025-02-01,12,Saturday,1,0,0,Clear,38.7,1655,5018,1219
Pavagadh,2025-02-01,13,Saturday,1,0,0,Clear,37.4,1219,4495,1233
Pavagadh,2025-02-01,14,Saturday,1,0,0,Clear,39.0,1233,4424,1383
Pavagadh,2025-02-01,15,Saturday,1,0,0,Clear,38.6,1383,4923,1750
Pavagadh,2025-02-01,16,Saturday,1,0,0,Clear,38.5,1750,5634,2138
Pavagadh,2025-02-01,17,Saturday,1,0,0,Clear,38.0,2138,6977,3006
Pavagadh,2025-02-01,18,Saturday,1,0,0,Clear,36.1,3006,8286,3130
Pavagadh,2025-02-01,19,Saturday,1,0,0,Clear,34.2,3130,7387,2327
Pavagadh,2025-02-01,20,Saturday,1,0,0,Clear,32.0,2327,6950,2109
Pavagadh,2025-02-01,21,Saturday,1,0,0,Clear,30.6,2109,5709,1243
Pavagadh,2025-02-01,22,Saturday,1,0,0,Clear,28.7,1243,3591,527
Pavagadh,2025-02-01,23,Saturday,1,0,0,Clear,28.0,527,2302,158
Pavagadh,2025-02-02,0,Sunday,1,0,0,Clear,28.8,158,1398,94
Pavagadh,2025-02-02,1,Sunday,1,0,0,Clear,28.6,94,786,36
Pavagadh,2025-02-02,2,Sunday,1,0,0,Clear,28.4,36,494,37
Pavagadh,2025-02-02,3,Sunday,1,0,0,Clear,27.8,37,397,100
Pavagadh,2025-02-02,4,Sunday,1,0,0,Clear,29.9,100,1326,828
Pavagadh,2025-02-02,5,Sunday,1,0,0,Clear,30.5,828,3257,1883
Pavagadh,2025-02-02,6,Sunday,1,0,0,Clear,31.9,1883,6541,3462
Pavagadh,2025-02-02,7,Sunday,1,0,0,Clear,32.6,3462,7821,3354
Pavagadh,2025-02-02,8,Sunday,1,0,0,Clear,34.3,3354,9671,4023
Pavagadh,2025-02-02,9,Sunday,1,0,0,Clear,36.4,4023,11462,4617
Pavagadh,2025-02-02,10,Sunday,1,0,0,Clear,38.0,4617,10460,2558
Pavagadh,2025-02-02,11,Sunday,1,0,0,Clear,38.6,2558,9194,2401
Pavagadh,2025-02-02,12,Sunday,1,0,0,Clear,40.6,2401,8229,2215
Pavagadh,2025-02-02,13,Sunday,1,0,0,Clear,41.0,2215,7223,1803
Pavagadh,2025-02-02,14,Sunday,1,0,0,Clear,41.0,1803,6857,2169
Pavagadh,2025-02-02,15,Sunday,1,0,0,Clear,41.0,2169,7133,2543
Pavagadh,2025-02-02,16,Sunday,1,0,0,Clear,40.2,2543,8630,3709
Pavagadh,2025-02-02,17,Sunday,1,0,0,Clear,38.8,3709,10718,4436
Pavagadh,2025-02-02,18,Sunday,1,0,0,Clear,38.6,4436,11748,4627
Pavagadh,2025-02-02,19,Sunday,1,0,0,Clear,36.5,4627,11772,3878
Pavagadh,2025-02-02,20,Sunday,1,0,0,Clear,34.4,3878,9856,2639
Pavagadh,2025-02-02,21,Sunday,1,0,0,Clear,32.2,2639,7329,1335
Pavagadh,2025-02-02,22,Sunday,1,0,0,Clear,30.8,1335,4898,731
Pavagadh,2025-02-02,23,Sunday,1,0,0,Clear,29.2,731,3268,216
Pavagadh,2025-02-03,0,Monday,0,0,0,Rainy,23.0,216,1949,16
Pavagadh,2025-02-03,1,Monday,0,0,0,Rainy,22.1,16,1059,11
Pavagadh,2025-02-03,2,Monday,0,0,0,Rainy,21.9,11,582,14
Pavagadh,2025-02-03,3,Monday,0,0,0,Rainy,23.8,14,368,28
Pavagadh,2025-02-03,4,Monday,0,0,0,Rainy,21.7,28,494,213
Pavagadh,2025-02-03,5,Monday,0,0,0,Rainy,23.3,213,1026,554
Pavagadh,2025-02-03,6,Monday,0,0,0,Rainy,25.1,554,1732,877
Pavagadh,2025-02-03,7,Monday,0,0,0,Rainy,27.7,877,2571,1186
Pavagadh,2025-02-03,8,Monday,0,0,0,Rainy,29.0,1186,2810,957
Pavagadh,2025-02-03,9,Monday,0,0,0,Rainy,30.3,957,3159,1152
Pavagadh,2025-02-03,10,Monday,0,0,0,Rainy,32.6,1152,2686,762
Pavagadh,2025-02-03,11,Monday,0,0,0,Rainy,34.7,762,2195,592
Pavagadh,2025-02-03,12,Monday,0,0,0,Rainy,34.4,592,1846,497
Pavagadh,2025-02-03,13,Monday,0,0,0,Rainy,35.4,497,1665,482
Pavagadh,2025-02-03,14,Monday,0,0,0,Heavy Rain,35.1,482,1348,288
Pavagadh,2025-02-03,15,Monday,0,0,0,Rainy,35.0,288,1558,667
Pavagadh,2025-02-03,16,Monday,0,0,0,Rainy,34.1,667,2198,998
Pavagadh,2025-02-03,17,Monday,0,0,0,Heavy Rain,32.3,998,1900,563
Pavagadh,2025-02-03,18,Monday,0,0,0,Rainy,32.8,563,2871,1328
Pavagadh,2025-02-03,19,Monday,0,0,0,Rainy,30.9,1328,3070,1049
Pavagadh,2025-02-03,20,Monday,0,0,0,Rainy,28.2,1049,2977,874
Pavagadh,2025-02-03,21,Monday,0,0,0,Rainy,27.2,874,2101,418
Pavagadh,2025-02-03,22,Monday,0,0,0,Rainy,25.5,418,1395,227
Pavagadh,2025-02-03,23,Monday,0,0,0,Rainy,24.6,227,831,58
Pavagadh,2025-02-04,0,Tuesday,0,0,0,Clear,19.5,58,504,24
Pavagadh,2025-02-04,1,Tuesday,0,0,0,Clear,20.0,24,295,18
Pavagadh,2025-02-04,2,Tuesday,0,0,0,Clear,18.7,18,184,18
Pavagadh,2025-02-04,3,Tuesday,0,0,0,Clear,19.7,18,156,42
Pavagadh,2025-02-04,4,Tuesday,0,0,0,Clear,20.3,42,522,319
Pavagadh,2025-02-04,5,Tuesday,0,0,0,Clear,21.1,319,1258,700
Pavagadh,2025-02-04,6,Tuesday,0,0,0,Clear,23.0,700,2502,1357
Pavagadh,2025-02-04,7,Tuesday,0,0,0,Clear,23.9,1357,3341,1458
Pavagadh,2025-02-04,8,Tuesday,0,0,0,Clear,26.6,1458,3829,1481
Pavagadh,2025-02-04,9,Tuesday,0,0,0,Clear,28.4,1481,4103,1480
Pavagadh,2025-02-04,10,Tuesday,0,0,0,Clear,29.5,1480,3571,1069
Pavagadh,2025-02-04,11,Tuesday,0,0,0,Clear,29.8,1069,3445,1030
Pavagadh,2025-02-04,12,Tuesday,0,0,0,Clear,32.2,1030,3115,802
Pavagadh,2025-02-04,13,Tuesday,0,0,0,Clear,32.5,802,2659,607
Pavagadh,2025-02-04,14,Tuesday,0,0,0,Clear,32.2,607,2308,645
Pavagadh,2025-02-04,15,Tuesday,0,0,0,Clear,32.2,645,2521,967
Pavagadh,2025-02-04,16,Tuesday,0,0,0,Clear,32.0,967,3070,1184
Pavagadh,2025-02-04,17,Tuesday,0,0,0,Clear,30.0,1184,3749,1547
Pavagadh,2025-02-04,18,Tuesday,0,0,0,Clear,29.5,1547,4661,1905
Pavagadh,2025-02-04,19,Tuesday,0,0,0,Clear,27.7,1905,4722,1519
Pavagadh,2025-02-04,20,Tuesday,0,0,0,Clear,26.2,1519,4165,1099
Pavagadh,2025-02-04,21,Tuesday,0,0,0,Clear,23.3,1099,3126,587
Pavagadh,2025-02-04,22,Tuesday,0,0,0,Clear,22.5,587,2093,253
Pavagadh,2025-02-04,23,Tuesday,0,0,0,Clear,21.5,253,1230,92
Pavagadh,2025-02-05,0,Wednesday,0,0,0,Sunny,20.4,92,678,24
Pavagadh,2025-02-05,1,Wednesday,0,0,0,Sunny,20.9,24,404,18
Pavagadh,2025-02-05,2,Wednesday,0,0,0,Sunny,20.4,18,258,18
Pavagadh,2025-02-05,3,Wednesday,0,0,0,Sunny,19.4,18,186,39
Pavagadh,2025-02-05,4,Wednesday,0,0,0,Sunny,21.1,39,548,332
Pavagadh,2025-02-05,5,Wednesday,0,0,0,Sunny,21.7,332,1344,780
Pavagadh,2025-02-05,6,Wednesday,0,0,0,Sunny,23.4,780,2278,1110
Pavagadh,2025-02-05,7,Wednesday,0,0,0,Sunny,25.2,1110,2969,1283
Pavagadh,2025-02-05,8,Wednesday,0,0,0,Sunny,25.3,1283,4285,1841
Pavagadh,2025-02-05,9,Wednesday,0,0,0,Sunny,27.0,1841,4053,1242
Pavagadh,2025-02-05,10,Wednesday,0,0,0,Sunny,29.9,1242,3642,1190
Pavagadh,2025-02-05,11,Wednesday,0,0,0,Sunny,31.5,1190,3830,1142
Pavagadh,2025-02-05,12,Wednesday,0,0,0,Sunny,33.1,1142,2930,611
Pavagadh,2025-02-05,13,Wednesday,0,0,0,Sunny,33.4,611,2452,576
Pavagadh,2025-02-05,14,Wednesday,0,0,0,Sunny,33.7,576,2592,881
Pavagadh,2025-02-05,15,Wednesday,0,0,0,Sunny,33.2,881,2562,910
Pavagadh,2025-02-05,16,Wednesday,0,0,0,Sunny,32.5,910,3053,1234
Pavagadh,2025-02-05,17,Wednesday,0,0,0,Sunny,32.0,1234,4132,1894
Pavagadh,2025-02-05,18,Wednesday,0,0,0,Sunny,29.8,1894,4540,1653
Pavagadh,2025-02-05,19,Wednesday,0,0,0,Sunny,27.0,1653,4101,1199
Pavagadh,2025-02-05,20,Wednesday,0,0,0,Sunny,27.1,1199,3791,1081
Pavagadh,2025-02-05,21,Wednesday,0,0,0,Sunny,25.0,1081,3224,729
Pavagadh,2025-02-05,22,Wednesday,0,0,0,Sunny,22.8,729,2221,298
Pavagadh,2025-02-05,23,Wednesday,0,0,0,Sunny,23.4,298,1324,81
Pavagadh,2025-02-06,0,Thursday,0,0,0,Clear,21.1,81,787,29
Pavagadh,2025-02-06,1,Thursday,0,0,0,Clear,20.5,29,452,18
Pavagadh,2025-02-06,2,Thursday,0,0,0,Clear,19.4,18,271,17
Pavagadh,2025-02-06,3,Thursday,0,0,0,Clear,20.3,17,222,51
Pavagadh,2025-02-06,4,Thursday,0,0,0,Clear,21.8,51,512,290
Pavagadh,2025-02-06,5,Thursday,0,0,0,Clear,21.4,290,1373,814
Pavagadh,2025-02-06,6,Thursday,0,0,0,Clear,24.0,814,2790,1496
Pavagadh,2025-02-06,7,Thursday,0,0,0,Clear,25.1,1496,3657,1590
Pavagadh,2025-02-06,8,Thursday,0,0,0,Clear,26.4,1590,4479,1692
Pavagadh,2025-02-06,9,Thursday,0,0,0,Clear,27.7,1692,4676,1574
Pavagadh,2025-02-06,10,Thursday,0,0,0,Clear,29.8,1574,4228,1370
Pavagadh,2025-02-06,11,Thursday,0,0,0,Clear,32.1,1370,3969,1226
Pavagadh,2025-02-06,12,Thursday,0,0,0,Clear,31.9,1226,3163,819
Pavagadh,2025-02-06,13,Thursday,0,0,0,Clear,32.5,819,2746,648
Pavagadh,2025-02-06,14,Thursday,0,0,0,Clear,33.7,648,2371,732
Pavagadh,2025-02-06,15,Thursday,0,0,0,Clear,33.1,732,2724,1055
Pavagadh,2025-02-06,16,Thursday,0,0,0,Clear,33.5,1055,3121,1329
Pavagadh,2025-02-06,17,Thursday,0,0,0,Clear,31.1,1329,4139,1770
Pavagadh,2025-02-06,18,Thursday,0,0,0,Clear,29.9,1770,4401,1742
Pavagadh,2025-02-06,19,Thursday,0,0,0,Clear,28.4,1742,4381,1430
Pavagadh,2025-02-06,20,Thursday,0,0,0,Clear,26.9,1430,4045,1297
Pavagadh,2025-02-06,21,Thursday,0,0,0,Clear,24.1,1297,2964,608
Pavagadh,2025-02-06,22,Thursday,0,0,0,Clear,22.8,608,2090,332
Pavagadh,2025-02-06,23,Thursday,0,0,0,Clear,23.1,332,1208,93
Pavagadh,2025-02-07,0,Friday,0,0,0,Sunny,20.4,93,700,35
Pavagadh,2025-02-07,1,Friday,0,0,0,Sunny,19.9,35,409,26
Pavagadh,2025-02-07,2,Friday,0,0,0,Sunny,19.7,26,249,22
Pavagadh,2025-02-07,3,Friday,0,0,0,Sunny,21.8,22,217,62
Pavagadh,2025-02-07,4,Friday,0,0,0,Sunny,20.8,62,525,300
Pavagadh,2025-02-07,5,Friday,0,0,0,Sunny,21.7,300,1378,828
Pavagadh,2025-02-07,6,Friday,0,0,0,Sunny,23.5,828,3201,1808
Pavagadh,2025-02-07,7,Friday,0,0,0,Sunny,24.7,1808,4256,1853
Pavagadh,2025-02-07,8,Friday,0,0,0,Sunny,28.2,1853,4822,1942
Pavagadh,2025-02-07,9,Friday,0,0,0,Sunny,28.6,1942,5217,1845
Pavagadh,2025-02-07,10,Friday,0,0,0,Sunny,30.6,1845,5395,1934
Pavagadh,2025-02-07,11,Friday,0,0,0,Sunny,31.2,1934,4424,1006
Pavagadh,2025-02-07,12,Friday,0,0,0,Sunny,32.1,1006,3687,973
Pavagadh,2025-02-07,13,Friday,0,0,0,Sunny,34.3,973,3001,644
Pavagadh,2025-02-07,14,Friday,0,0,0,Sunny,34.1,644,2893,989
Pavagadh,2025-02-07,15,Friday,0,0,0,Sunny,33.6,989,3093,1220
Pavagadh,2025-02-07,16,Friday,0,0,0,Sunny,33.6,1220,3879,1520
Pavagadh,2025-02-07,17,Friday,0,0,0,Sunny,31.5,1520,5029,2213
Pavagadh,2025-02-07,18,Friday,0,0,0,Sunny,30.3,2213,5647,2167
Pavagadh,2025-02-07,19,Friday,0,0,0,Sunny,28.1,2167,4608,1210
Pavagadh,2025-02-07,20,Friday,0,0,0,Sunny,27.3,1210,3881,1109
Pavagadh,2025-02-07,21,Friday,0,0,0,Sunny,24.3,1109,3098,784
Pavagadh,2025-02-07,22,Friday,0,0,0,Sunny,24.3,784,2204,358
Pavagadh,2025-02-07,23,Friday,0,0,0,Sunny,22.3,358,1301,100
Pavagadh,2025-02-08,0,Saturday,1,0,0,Cloudy,27.9,100,807,49
Pavagadh,2025-02-08,1,Saturday,1,0,0,Cloudy,26.6,49,461,28
Pavagadh,2025-02-08,2,Saturday,1,0,0,Cloudy,27.1,28,257,23
Pavagadh,2025-02-08,3,Saturday,1,0,0,Cloudy,25.6,23,227,56
Pavagadh,2025-02-08,4,Saturday,1,0,0,Cloudy,28.0,56,721,442
Pavagadh,2025-02-08,5,Saturday,1,0,0,Cloudy,29.4,442,2007,1162
Pavagadh,2025-02-08,6,Saturday,1,0,0,Cloudy,29.9,1162,3503,1821
Pavagadh,2025-02-08,7,Saturday,1,0,0,Cloudy,31.6,1821,5684,2776
Pavagadh,2025-02-08,8,Saturday,1,0,0,Cloudy,33.1,2776,7447,3139
Pavagadh,2025-02-08,9,Saturday,1,0,0,Cloudy,34.9,3139,7008,2196
Pavagadh,2025-02-08,10,Saturday,1,0,0,Cloudy,36.9,2196,6128,1860
Pavagadh,2025-02-08,11,Saturday,1,0,0,Cloudy,37.7,1860,5852,1668
Pavagadh,2025-02-08,12,Saturday,1,0,0,Cloudy,38.3,1668,4794,1200
Pavagadh,2025-02-08,13,Saturday,1,0,0,Cloudy,39.6,1200,4307,1229
Pavagadh,2025-02-08,14,Saturday,1,0,0,Cloudy,39.4,1229,4179,1380
Pavagadh,2025-02-08,15,Saturday,1,0,0,Cloudy,40.1,1380,4223,1391
Pavagadh,2025-02-08,16,Saturday,1,0,0,Rainy,39.0,1391,4211,1354
Pavagadh,2025-02-08,17,Saturday,1,0,0,Cloudy,38.3,1354,5509,2522
Pavagadh,2025-02-08,18,Saturday,1,0,0,Cloudy,36.4,2522,7112,2911
Pavagadh,2025-02-08,19,Saturday,1,0,0,Cloudy,34.7,2911,7533,2871
Pavagadh,2025-02-08,20,Saturday,1,0,0,Cloudy,33.4,2871,6720,1702
Pavagadh,2025-02-08,21,Saturday,1,0,0,Cloudy,30.7,1702,5102,1075
Pavagadh,2025-02-08,22,Saturday,1,0,0,Cloudy,30.9,1075,3399,396
Pavagadh,2025-02-08,23,Saturday,1,0,0,Cloudy,28.1,396,2036,149
Pavagadh,2025-02-09,0,Sunday,1,0,0,Clear,23.5,149,1138,60
Pavagadh,2025-02-09,1,Sunday,1,0,0,Clear,21.7,60,696,40
Pavagadh,2025-02-09,2,Sunday,1,0,0,Clear,22.7,40,429,49
Pavagadh,2025-02-09,3,Sunday,1,0,0,Clear,22.8,49,390,106
Pavagadh,2025-02-09,4,Sunday,1,0,0,Clear,23.6,106,1218,735
Pavagadh,2025-02-09,5,Sunday,1,0,0,Clear,24.7,735,2562,1443
Pavagadh,2025-02-09,6,Sunday,1,0,0,Clear,24.9,1443,6387,3740
Pavagadh,2025-02-09,7,Sunday,1,0,0,Clear,28.5,3740,7895,3399
Pavagadh,2025-02-09,8,Sunday,1,0,0,Clear,29.6,3399,10807,4699
Pavagadh,2025-02-09,9,Sunday,1,0,0,Clear,31.2,4699,10790,3406
Pavagadh,2025-02-09,10,Sunday,1,0,0,Clear,32.5,3406,10075,3046
Pavagadh,2025-02-09,11,Sunday,1,0,0,Clear,34.4,3046,8642,2740
Pavagadh,2025-02-09,12,Sunday,1,0,0,Clear,35.3,2740,7370,2005
Pavagadh,2025-02-09,13,Sunday,1,0,0,Clear,35.5,2005,5830,1613
Pavagadh,2025-02-09,14,Sunday,1,0,0,Clear,35.5,1613,5679,1850
Pavagadh,2025-02-09,15,Sunday,1,0,0,Clear,35.2,1850,6652,2707
Pavagadh,2025-02-09,16,Sunday,1,0,0,Clear,35.4,2707,8697,3548
Pavagadh,2025-02-09,17,Sunday,1,0,0,Clear,34.8,3548,11305,5041
Pavagadh,2025-02-09,18,Sunday,1,0,0,Clear,32.6,5041,12727,4066
Pavagadh,2025-02-09,19,Sunday,1,0,0,Clear,31.1,4066,12971,4310
Pavagadh,2025-02-09,20,Sunday,1,0,0,Clear,27.5,4310,10242,2483
Pavagadh,2025-02-09,21,Sunday,1,0,0,Clear,27.1,2483,8017,1661
Pavagadh,2025-02-09,22,Sunday,1,0,0,Clear,24.2,1661,5197,663
Pavagadh,2025-02-09,23,Sunday,1,0,0,Clear,25.2,663,3162,244
Pavagadh,2025-02-10,0,Monday,0,0,0,Clear,22.5,244,1828,23
Pavagadh,2025-02-10,1,Monday,0,0,0,Clear,21.4,23,1094,17
Pavagadh,2025-02-10,2,Monday,0,0,0,Clear,21.6,17,608,18
Pavagadh,2025-02-10,3,Monday,0,0,0,Clear,21.9,18,401,49
Pavagadh,2025-02-10,4,Monday,0,0,0,Clear,21.6,49,608,293
Pavagadh,2025-02-10,5,Monday,0,0,0,Clear,23.3,293,1289,709
Pavagadh,2025-02-10,6,Monday,0,0,0,Clear,24.7,709,2909,1607
Pavagadh,2025-02-10,7,Monday,0,0,0,Clear,27.1,1607,3912,1708
Pavagadh,2025-02-10,8,Monday,0,0,0,Clear,28.3,1708,4677,1806
Pavagadh,2025-02-10,9,Monday,0,0,0,Clear,29.2,1806,4902,1710
Pavagadh,2025-02-10,10,Monday,0,0,0,Clear,30.3,1710,4334,1344
Pavagadh,2025-02-10,11,Monday,0,0,0,Clear,32.5,1344,3651,1072
Pavagadh,2025-02-10,12,Monday,0,0,0,Clear,33.8,1072,3118,766
Pavagadh,2025-02-10,13,Monday,0,0,0,Clear,34.2,766,2634,687
Pavagadh,2025-02-10,14,Monday,0,0,0,Clear,34.5,687,2333,661
Pavagadh,2025-02-10,15,Monday,0,0,0,Clear,35.0,661,2530,934
Pavagadh,2025-02-10,16,Monday,0,0,0,Clear,33.8,934,3516,1572
Pavagadh,2025-02-10,17,Monday,0,0,0,Clear,33.0,1572,4192,1708
Pavagadh,2025-02-10,18,Monday,0,0,0,Clear,30.7,1708,4767,1790
Pavagadh,2025-02-10,19,Monday,0,0,0,Clear,29.9,1790,5196,1815
Pavagadh,2025-02-10,20,Monday,0,0,0,Clear,28.8,1815,4289,893
Pavagadh,2025-02-10,21,Monday,0,0,0,Clear,26.5,893,3407,698
Pavagadh,2025-02-10,22,Monday,0,0,0,Clear,24.8,698,2348,251
Pavagadh,2025-02-10,23,Monday,0,0,0,Clear,22.9,251,1390,84
Pavagadh,2025-02-11,0,Tuesday,0,0,0,Cloudy,29.1,84,794,25
Pavagadh,2025-02-11,1,Tuesday,0,0,0,Cloudy,29.5,25,442,18
Pavagadh,2025-02-11,2,Tuesday,0,0,0,Cloudy,28.0,18,260,16
Pavagadh,2025-02-11,3,Tuesday,0,0,0,Cloudy,28.4,16,195,37
Pavagadh,2025-02-11,4,Tuesday,0,0,0,Cloudy,29.1,37,464,262
Pavagadh,2025-02-11,5,Tuesday,0,0,0,Cloudy,30.9,262,1103,611
Pavagadh,2025-02-11,6,Tuesday,0,0,0,Cloudy,33.1,611,2215,1202
Pavagadh,2025-02-11,7,Tuesday,0,0,0,Cloudy,33.6,1202,2827,1231
Pavagadh,2025-02-11,8,Tuesday,0,0,0,Cloudy,34.1,1231,3402,1439
Pavagadh,2025-02-11,9,Tuesday,0,0,0,Cloudy,37.2,1439,3605,1265
Pavagadh,2025-02-11,10,Tuesday,0,0,0,Cloudy,38.9,1265,3773,1352
Pavagadh,2025-02-11,11,Tuesday,0,0,0,Cloudy,40.0,1352,3564,1005
Pavagadh,2025-02-11,12,Tuesday,0,0,0,Cloudy,41.0,1005,2857,785
Pavagadh,2025-02-11,13,Tuesday,0,0,0,Cloudy,41.0,785,2515,665
Pavagadh,2025-02-11,14,Tuesday,0,0,0,Cloudy,41.0,665,2225,674
Pavagadh,2025-02-11,15,Tuesday,0,0,0,Cloudy,41.0,674,2600,1015
Pavagadh,2025-02-11,16,Tuesday,0,0,0,Rainy,40.6,1015,2619,875
Pavagadh,2025-02-11,17,Tuesday,0,0,0,Rainy,40.5,875,2867,1017
Pavagadh,2025-02-11,18,Tuesday,0,0,0,Cloudy,38.5,1017,3223,1301
Pavagadh,2025-02-11,19,Tuesday,0,0,0,Cloudy,36.2,1301,3736,1418
Pavagadh,2025-02-11,20,Tuesday,0,0,0,Cloudy,36.1,1418,3392,891
Pavagadh,2025-02-11,21,Tuesday,0,0,0,Cloudy,32.2,891,2684,589
Pavagadh,2025-02-11,22,Tuesday,0,0,0,Cloudy,31.9,589,1813,243
Pavagadh,2025-02-11,23,Tuesday,0,0,0,Cloudy,29.7,243,1135,93
Pavagadh,2025-02-12,0,Wednesday,0,0,0,Clear,28.4,93,713,29
Pavagadh,2025-02-12,1,Wednesday,0,0,0,Clear,27.1,29,418,15
Pavagadh,2025-02-12,2,Wednesday,0,0,0,Clear,27.5,15,254,18
Pavagadh,2025-02-12,3,Wednesday,0,0,0,Clear,28.3,18,189,43
Pavagadh,2025-02-12,4,Wednesday,0,0,0,Clear,28.2,43,512,307
Pavagadh,2025-02-12,5,Wednesday,0,0,0,Clear,29.7,307,1188,675
Pavagadh,2025-02-12,6,Wednesday,0,0,0,Clear,31.2,675,1963,993
Pavagadh,2025-02-12,7,Wednesday,0,0,0,Clear,32.0,993,3482,1687
Pavagadh,2025-02-12,8,Wednesday,0,0,0,Clear,33.9,1687,4017,1606
Pavagadh,2025-02-12,9,Wednesday,0,0,0,Clear,36.2,1606,4090,1370
Pavagadh,2025-02-12,10,Wednesday,0,0,0,Clear,38.1,1370,3737,1079
Pavagadh,2025-02-12,11,Wednesday,0,0,0,Clear,38.0,1079,3367,996
Pavagadh,2025-02-12,12,Wednesday,0,0,0,Clear,40.0,996,2735,688
Pavagadh,2025-02-12,13,Wednesday,0,0,0,Clear,40.7,688,2392,643
Pavagadh,2025-02-12,14,Wednesday,0,0,0,Clear,41.0,643,2344,709
Pavagadh,2025-02-12,15,Wednesday,0,0,0,Clear,41.0,709,2436,842
Pavagadh,2025-02-12,16,Wednesday,0,0,0,Clear,39.9,842,3292,1447
Pavagadh,2025-02-12,17,Wednesday,0,0,0,Clear,39.1,1447,4087,1706
Pavagadh,2025-02-12,18,Wednesday,0,0,0,Clear,38.7,1706,4851,1851
Pavagadh,2025-02-12,19,Wednesday,0,0,0,Clear,36.0,1851,4677,1408
Pavagadh,2025-02-12,20,Wednesday,0,0,0,Clear,34.8,1408,3833,922
Pavagadh,2025-02-12,21,Wednesday,0,0,0,Clear,33.0,922,2978,615
Pavagadh,2025-02-12,22,Wednesday,0,0,0,Clear,31.0,615,1807,205
Pavagadh,2025-02-12,23,Wednesday,0,0,0,Clear,30.3,205,1121,87
Pavagadh,2025-02-13,0,Thursday,0,0,0,Clear,23.4,87,669,29
Pavagadh,2025-02-13,1,Thursday,0,0,0,Clear,24.4,29,423,18
Pavagadh,2025-02-13,2,Thursday,0,0,0,Clear,22.3,18,262,20
Pavagadh,2025-02-13,3,Thursday,0,0,0,Clear,23.0,20,203,47
Pavagadh,2025-02-13,4,Thursday,0,0,0,Clear,24.3,47,512,295
Pavagadh,2025-02-13,5,Thursday,0,0,0,Clear,25.2,295,1408,824
Pavagadh,2025-02-13,6,Thursday,0,0,0,Clear,26.5,824,2315,1164
Pavagadh,2025-02-13,7,Thursday,0,0,0,Clear,27.1,1164,3116,1365
Pavagadh,2025-02-13,8,Thursday,0,0,0,Clear,29.0,1365,4349,1989
Pavagadh,2025-02-13,9,Thursday,0,0,0,Clear,31.3,1989,4233,1488
Pavagadh,2025-02-13,10,Thursday,0,0,0,Clear,33.5,1488,4335,1417
Pavagadh,2025-02-13,11,Thursday,0,0,0,Clear,34.5,1417,3615,977
Pavagadh,2025-02-13,12,Thursday,0,0,0,Clear,35.5,977,3236,896
Pavagadh,2025-02-13,13,Thursday,0,0,0,Clear,36.5,896,2704,612
Pavagadh,2025-02-13,14,Thursday,0,0,0,Clear,35.9,612,2559,814
Pavagadh,2025-02-13,15,Thursday,0,0,0,Clear,36.4,814,2844,1141
Pavagadh,2025-02-13,16,Thursday,0,0,0,Clear,36.0,1141,3960,1795
Pavagadh,2025-02-13,17,Thursday,0,0,0,Clear,34.1,1795,4811,1945
Pavagadh,2025-02-13,18,Thursday,0,0,0,Clear,32.8,1945,5545,2280
Pavagadh,2025-02-13,19,Thursday,0,0,0,Clear,30.7,2280,4917,1566
Pavagadh,2025-02-13,20,Thursday,0,0,0,Clear,29.3,1566,4275,1067
Pavagadh,2025-02-13,21,Thursday,0,0,0,Clear,28.2,1067,2989,533
Pavagadh,2025-02-13,22,Thursday,0,0,0,Clear,25.7,533,1921,272
Pavagadh,2025-02-13,23,Thursday,0,0,0,Clear,25.0,272,1204,86
Pavagadh,2025-02-14,0,Friday,0,0,0,Clear,29.7,86,747,29
Pavagadh,2025-02-14,1,Friday,0,0,0,Clear,29.9,29,437,23
Pavagadh,2025-02-14,2,Friday,0,0,0,Clear,28.2,23,284,25
Pavagadh,2025-02-14,3,Friday,0,0,0,Clear,28.5,25,227,50
Pavagadh,2025-02-14,4,Friday,0,0,0,Clear,29.0,50,598,355
Pavagadh,2025-02-14,5,Friday,0,0,0,Clear,30.1,355,1359,752
Pavagadh,2025-02-14,6,Friday,0,0,0,Clear,31.1,752,2855,1554
Pavagadh,2025-02-14,7,Friday,0,0,0,Clear,34.3,1554,4126,1915
Pavagadh,2025-02-14,8,Friday,0,0,0,Clear,35.0,1915,5398,2276
Pavagadh,2025-02-14,9,Friday,0,0,0,Clear,36.9,2276,5616,2010
Pavagadh,2025-02-14,10,Friday,0,0,0,Clear,38.8,2010,5091,1422
Pavagadh,2025-02-14,11,Friday,0,0,0,Clear,39.6,1422,4345,1212
Pavagadh,2025-02-14,12,Friday,0,0,0,Clear,41.0,1212,3494,916
Pavagadh,2025-02-14,13,Friday,0,0,0,Clear,41.0,916,2998,641
Pavagadh,2025-02-14,14,Friday,0,0,0,Clear,41.0,641,3087,1053
Pavagadh,2025-02-14,15,Friday,0,0,0,Clear,41.0,1053,3180,1045
Pavagadh,2025-02-14,16,Friday,0,0,0,Clear,41.0,1045,4004,1676
Pavagadh,2025-02-14,17,Friday,0,0,0,Clear,40.2,1676,4572,1768
Pavagadh,2025-02-14,18,Friday,0,0,0,Clear,38.5,1768,5173,1957
Pavagadh,2025-02-14,19,Friday,0,0,0,Clear,37.4,1957,5262,1801
Pavagadh,2025-02-14,20,Friday,0,0,0,Clear,35.7,1801,4731,1350
Pavagadh,2025-02-14,21,Friday,0,0,0,Clear,33.8,1350,3635,881
Pavagadh,2025-02-14,22,Friday,0,0,0,Clear,31.9,881,2301,341
Pavagadh,2025-02-14,23,Friday,0,0,0,Clear,31.6,341,1479,113
Pavagadh,2025-02-15,0,Saturday,1,0,0,Sunny,26.7,113,884,46
Pavagadh,2025-02-15,1,Saturday,1,0,0,Sunny,26.7,46,531,25
Pavagadh,2025-02-15,2,Saturday,1,0,0,Sunny,26.4,25,349,39
Pavagadh,2025-02-15,3,Saturday,1,0,0,Sunny,28.2,39,302,76
Pavagadh,2025-02-15,4,Saturday,1,0,0,Sunny,28.0,76,959,600
Pavagadh,2025-02-15,5,Saturday,1,0,0,Sunny,29.6,600,2191,1235
Pavagadh,2025-02-15,6,Saturday,1,0,0,Sunny,30.2,1235,3895,1980
Pavagadh,2025-02-15,7,Saturday,1,0,0,Sunny,32.8,1980,5232,2424
Pavagadh,2025-02-15,8,Saturday,1,0,0,Sunny,35.3,2424,6936,3048
Pavagadh,2025-02-15,9,Saturday,1,0,0,Sunny,36.2,3048,7695,2805
Pavagadh,2025-02-15,10,Saturday,1,0,0,Sunny,36.8,2805,7575,2305
Pavagadh,2025-02-15,11,Saturday,1,0,0,Sunny,37.4,2305,6653,1796
Pavagadh,2025-02-15,12,Saturday,1,0,0,Sunny,39.7,1796,5527,1223
Pavagadh,2025-02-15,13,Saturday,1,0,0,Sunny,40.1,1223,4524,1064
Pavagadh,2025-02-15,14,Saturday,1,0,0,Sunny,40.3,1064,3992,1094
Pavagadh,2025-02-15,15,Saturday,1,0,0,Sunny,40.3,1094,4341,1600
Pavagadh,2025-02-15,16,Saturday,1,0,0,Sunny,37.6,1600,5935,2548
Pavagadh,2025-02-15,17,Saturday,1,0,0,Sunny,37.7,2548,6907,2523
Pavagadh,2025-02-15,18,Saturday,1,0,0,Sunny,36.4,2523,7943,3139
Pavagadh,2025-02-15,19,Saturday,1,0,0,Sunny,35.7,3139,7610,2447
Pavagadh,2025-02-15,20,Saturday,1,0,0,Sunny,34.0,2447,6133,1719
Pavagadh,2025-02-15,21,Saturday,1,0,0,Sunny,31.5,1719,4369,938
Pavagadh,2025-02-15,22,Saturday,1,0,0,Sunny,30.7,938,3049,447
Pavagadh,2025-02-15,23,Saturday,1,0,0,Sunny,29.4,447,1935,166
Pavagadh,2025-02-16,0,Sunday,1,0,0,Sunny,19.8,166,1185,89
Pavagadh,2025-02-16,1,Sunday,1,0,0,Sunny,19.3,89,714,45
Pavagadh,2025-02-16,2,Sunday,1,0,0,Sunny,18.8,45,454,43
Pavagadh,2025-02-16,3,Sunday,1,0,0,Sunny,19.4,43,406,108
Pavagadh,2025-02-16,4,Sunday,1,0,0,Sunny,20.1,108,1179,716
Pavagadh,2025-02-16,5,Sunday,1,0,0,Sunny,21.0,716,2760,1589
Pavagadh,2025-02-16,6,Sunday,1,0,0,Sunny,23.2,1589,5091,2732
Pavagadh,2025-02-16,7,Sunday,1,0,0,Sunny,23.3,2732,8174,3973
Pavagadh,2025-02-16,8,Sunday,1,0,0,Sunny,26.6,3973,9725,3834
Pavagadh,2025-02-16,9,Sunday,1,0,0,Sunny,27.9,3834,10215,3465
Pavagadh,2025-02-16,10,Sunday,1,0,0,Sunny,27.7,3465,11203,3930
Pavagadh,2025-02-16,11,Sunday,1,0,0,Sunny,29.7,3930,10464,2887
Pavagadh,2025-02-16,12,Sunday,1,0,0,Sunny,30.4,2887,8427,1692
Pavagadh,2025-02-16,13,Sunday,1,0,0,Sunny,31.9,1692,6915,1677
Pavagadh,2025-02-16,14,Sunday,1,0,0,Sunny,32.6,1677,6598,2055
Pavagadh,2025-02-16,15,Sunday,1,0,0,Sunny,30.6,2055,7406,2700
Pavagadh,2025-02-16,16,Sunday,1,0,0,Sunny,30.5,2700,8044,2863
Pavagadh,2025-02-16,17,Sunday,1,0,0,Sunny,30.3,2863,8600,3228
Pavagadh,2025-02-16,18,Sunday,1,0,0,Sunny,29.0,3228,11081,4807
Pavagadh,2025-02-16,19,Sunday,1,0,0,Sunny,27.1,4807,10915,3272
Pavagadh,2025-02-16,20,Sunday,1,0,0,Sunny,25.6,3272,9054,2517
Pavagadh,2025-02-16,21,Sunday,1,0,0,Sunny,23.0,2517,7605,1977
Pavagadh,2025-02-16,22,Sunday,1,0,0,Sunny,21.9,1977,4949,665
Pavagadh,2025-02-16,23,Sunday,1,0,0,Sunny,20.7,665,3032,228
Pavagadh,2025-02-17,0,Monday,0,0,0,Sunny,20.5,228,1644,26
Pavagadh,2025-02-17,1,Monday,0,0,0,Sunny,19.5,26,972,20
Pavagadh,2025-02-17,2,Monday,0,0,0,Sunny,19.5,20,527,15
Pavagadh,2025-02-17,3,Monday,0,0,0,Sunny,19.9,15,337,41
Pavagadh,2025-02-17,4,Monday,0,0,0,Sunny,20.5,41,620,332
Pavagadh,2025-02-17,5,Monday,0,0,0,Sunny,22.2,332,1540,870
Pavagadh,2025-02-17,6,Monday,0,0,0,Sunny,22.9,870,2747,1390
Pavagadh,2025-02-17,7,Monday,0,0,0,Sunny,24.8,1390,3790,1650
Pavagadh,2025-02-17,8,Monday,0,0,0,Sunny,27.1,1650,4314,1594
Pavagadh,2025-02-17,9,Monday,0,0,0,Sunny,29.3,1594,4908,1743
Pavagadh,2025-02-17,10,Monday,0,0,0,Sunny,28.4,1743,4664,1429
Pavagadh,2025-02-17,11,Monday,0,0,0,Sunny,31.9,1429,3788,954
Pavagadh,2025-02-17,12,Monday,0,0,0,Sunny,32.9,954,3012,669
Pavagadh,2025-02-17,13,Monday,0,0,0,Sunny,33.0,669,2582,650
Pavagadh,2025-02-17,14,Monday,0,0,0,Sunny,32.6,650,2402,735
Pavagadh,2025-02-17,15,Monday,0,0,0,Sunny,32.3,735,2903,1211
Pavagadh,2025-02-17,16,Monday,0,0,0,Sunny,32.8,1211,3327,1240
Pavagadh,2025-02-17,17,Monday,0,0,0,Sunny,30.3,1240,4667,2025
Pavagadh,2025-02-17,18,Monday,0,0,0,Sunny,29.6,2025,4891,1678
Pavagadh,2025-02-17,19,Monday,0,0,0,Sunny,27.4,1678,4642,1526
Pavagadh,2025-02-17,20,Monday,0,0,0,Sunny,26.4,1526,3875,1055
Pavagadh,2025-02-17,21,Monday,0,0,0,Sunny,25.9,1055,2959,730
Pavagadh,2025-02-17,22,Monday,0,0,0,Sunny,22.7,730,2133,316
Pavagadh,2025-02-17,23,Monday,0,0,0,Sunny,21.0,316,1328,103
Pavagadh,2025-02-18,0,Tuesday,0,0,0,Clear,21.3,103,717,26
Pavagadh,2025-02-18,1,Tuesday,0,0,0,Clear,20.2,26,405,16
Pavagadh,2025-02-18,2,Tuesday,0,0,0,Clear,20.2,16,249,17
Pavagadh,2025-02-18,3,Tuesday,0,0,0,Clear,21.8,17,212,49
Pavagadh,2025-02-18,4,Tuesday,0,0,0,Clear,21.1,49,487,271
Pavagadh,2025-02-18,5,Tuesday,0,0,0,Clear,22.4,271,1223,716
Pavagadh,2025-02-18,6,Tuesday,0,0,0,Clear,24.2,716,2216,1155
Pavagadh,2025-02-18,7,Tuesday,0,0,0,Clear,25.2,1155,3394,1576
Pavagadh,2025-02-18,8,Tuesday,0,0,0,Clear,26.9,1576,4173,1685
Pavagadh,2025-02-18,9,Tuesday,0,0,0,Clear,29.3,1685,4694,1623
Pavagadh,2025-02-18,10,Tuesday,0,0,0,Clear,30.2,1623,4565,1458
Pavagadh,2025-02-18,11,Tuesday,0,0,0,Clear,31.2,1458,3825,930
Pavagadh,2025-02-18,12,Tuesday,0,0,0,Clear,33.3,930,2859,619
Pavagadh,2025-02-18,13,Tuesday,0,0,0,Clear,33.2,619,2170,552
Pavagadh,2025-02-18,14,Tuesday,0,0,0,Clear,32.4,552,2167,710
Pavagadh,2025-02-18,15,Tuesday,0,0,0,Clear,33.9,710,2213,816
Pavagadh,2025-02-18,16,Tuesday,0,0,0,Clear,32.6,816,2990,1268
Pavagadh,2025-02-18,17,Tuesday,0,0,0,Clear,32.3,1268,3706,1505
Pavagadh,2025-02-18,18,Tuesday,0,0,0,Clear,29.9,1505,4354,1720
Pavagadh,2025-02-18,19,Tuesday,0,0,0,Clear,29.7,1720,4306,1484
Pavagadh,2025-02-18,20,Tuesday,0,0,0,Clear,26.7,1484,3544,1008
Pavagadh,2025-02-18,21,Tuesday,0,0,0,Clear,25.3,1008,2806,601
Pavagadh,2025-02-18,22,Tuesday,0,0,0,Clear,24.2,601,1775,265
Pavagadh,2025-02-18,23,Tuesday,0,0,0,Clear,21.7,265,1117,81
Pavagadh,2025-02-19,0,Wednesday,0,0,0,Clear,30.6,81,696,32
Pavagadh,2025-02-19,1,Wednesday,0,0,0,Clear,28.9,32,416,19
Pavagadh,2025-02-19,2,Wednesday,0,0,0,Clear,27.2,19,248,16
Pavagadh,2025-02-19,3,Wednesday,0,0,0,Clear,28.5,16,198,44
Pavagadh,2025-02-19,4,Wednesday,0,0,0,Clear,27.9,44,557,332
Pavagadh,2025-02-19,5,Wednesday,0,0,0,Clear,30.1,332,1301,749
Pavagadh,2025-02-19,6,Wednesday,0,0,0,Clear,31.4,749,2368,1247
Pavagadh,2025-02-19,7,Wednesday,0,0,0,Clear,32.0,1247,3083,1322
Pavagadh,2025-02-19,8,Wednesday,0,0,0,Clear,34.7,1322,3865,1648
Pavagadh,2025-02-19,9,Wednesday,0,0,0,Clear,35.8,1648,4130,1498
Pavagadh,2025-02-19,10,Wednesday,0,0,0,Clear,38.6,1498,3585,1143
Pavagadh,2025-02-19,11,Wednesday,0,0,0,Clear,38.0,1143,3306,979
Pavagadh,2025-02-19,12,Wednesday,0,0,0,Clear,40.5,979,2575,668
Pavagadh,2025-02-19,13,Wednesday,0,0,0,Clear,40.2,668,2282,653
Pavagadh,2025-02-19,14,Wednesday,0,0,0,Clear,41.0,653,2046,631
Pavagadh,2025-02-19,15,Wednesday,0,0,0,Clear,41.0,631,2488,1016
Pavagadh,2025-02-19,16,Wednesday,0,0,0,Clear,41.0,1016,3087,1208
Pavagadh,2025-02-19,17,Wednesday,0,0,0,Clear,39.7,1208,3975,1628
Pavagadh,2025-02-19,18,Wednesday,0,0,0,Clear,37.8,1628,4312,1674
Pavagadh,2025-02-19,19,Wednesday,0,0,0,Clear,37.2,1674,4509,1487
Pavagadh,2025-02-19,20,Wednesday,0,0,0,Clear,35.0,1487,4038,1223
Pavagadh,2025-02-19,21,Wednesday,0,0,0,Clear,33.8,1223,3026,596
Pavagadh,2025-02-19,22,Wednesday,0,0,0,Clear,32.0,596,2210,354
Pavagadh,2025-02-19,23,Wednesday,0,0,0,Clear,30.7,354,1338,84
Pavagadh,2025-02-20,0,Thursday,0,0,0,Cloudy,18.0,84,774,32
Pavagadh,2025-02-20,1,Thursday,0,0,0,Cloudy,18.0,32,476,15
Pavagadh,2025-02-20,2,Thursday,0,0,0,Cloudy,18.0,15,277,20
Pavagadh,2025-02-20,3,Thursday,0,0,0,Cloudy,18.0,20,214,40
Pavagadh,2025-02-20,4,Thursday,0,0,0,Cloudy,18.0,40,514,291
Pavagadh,2025-02-20,5,Thursday,0,0,0,Cloudy,19.1,291,1078,600
Pavagadh,2025-02-20,6,Thursday,0,0,0,Cloudy,19.3,600,1969,1043
Pavagadh,2025-02-20,7,Thursday,0,0,0,Cloudy,22.1,1043,3185,1625
Pavagadh,2025-02-20,8,Thursday,0,0,0,Cloudy,22.9,1625,3770,1439
Pavagadh,2025-02-20,9,Thursday,0,0,0,Cloudy,24.7,1439,3745,1225
Pavagadh,2025-02-20,10,Thursday,0,0,0,Cloudy,26.9,1225,3539,1116
Pavagadh,2025-02-20,11,Thursday,0,0,0,Cloudy,27.4,1116,3515,1193
Pavagadh,2025-02-20,12,Thursday,0,0,0,Cloudy,28.6,1193,2873,711
Pavagadh,2025-02-20,13,Thursday,0,0,0,Cloudy,30.1,711,2654,724
Pavagadh,2025-02-20,14,Thursday,0,0,0,Cloudy,29.7,724,2648,788
Pavagadh,2025-02-20,15,Thursday,0,0,0,Rainy,29.3,788,2469,700
Pavagadh,2025-02-20,16,Thursday,0,0,0,Cloudy,29.7,700,2842,1144
Pavagadh,2025-02-20,17,Thursday,0,0,0,Cloudy,27.1,1144,3393,1317
Pavagadh,2025-02-20,18,Thursday,0,0,0,Cloudy,27.1,1317,3969,1482
Pavagadh,2025-02-20,19,Thursday,0,0,0,Cloudy,24.8,1482,3830,1265
Pavagadh,2025-02-20,20,Thursday,0,0,0,Cloudy,22.5,1265,3254,996
Pavagadh,2025-02-20,21,Thursday,0,0,0,Cloudy,21.5,996,2575,671
Pavagadh,2025-02-20,22,Thursday,0,0,0,Cloudy,19.9,671,1792,243
Pavagadh,2025-02-20,23,Thursday,0,0,0,Cloudy,18.0,243,1027,97
Pavagadh,2025-02-21,0,Friday,0,0,0,Clear,21.9,97,648,27
Pavagadh,2025-02-21,1,Friday,0,0,0,Clear,20.7,27,414,19
Pavagadh,2025-02-21,2,Friday,0,0,0,Clear,21.4,19,252,19
Pavagadh,2025-02-21,3,Friday,0,0,0,Clear,21.3,19,194,45
Pavagadh,2025-02-21,4,Friday,0,0,0,Clear,22.1,45,706,445
Pavagadh,2025-02-21,5,Friday,0,0,0,Clear,23.1,445,1413,743
Pavagadh,2025-02-21,6,Friday,0,0,0,Clear,25.1,743,2970,1621
Pavagadh,2025-02-21,7,Friday,0,0,0,Clear,25.2,1621,4495,2116
Pavagadh,2025-02-21,8,Friday,0,0,0,Clear,27.7,2116,5380,2133
Pavagadh,2025-02-21,9,Friday,0,0,0,Clear,29.0,2133,5020,1735
Pavagadh,2025-02-21,10,Friday,0,0,0,Clear,31.3,1735,4935,1794
Pavagadh,2025-02-21,11,Friday,0,0,0,Clear,32.7,1794,4662,1361
Pavagadh,2025-02-21,12,Friday,0,0,0,Clear,33.2,1361,3523,766
Pavagadh,2025-02-21,13,Friday,0,0,0,Clear,35.0,766,2661,623
Pavagadh,2025-02-21,14,Friday,0,0,0,Clear,34.3,623,2576,826
Pavagadh,2025-02-21,15,Friday,0,0,0,Clear,35.2,826,2810,1040
Pavagadh,2025-02-21,16,Friday,0,0,0,Clear,33.6,1040,3478,1522
Pavagadh,2025-02-21,17,Friday,0,0,0,Clear,32.2,1522,4433,1822
Pavagadh,2025-02-21,18,Friday,0,0,0,Clear,31.5,1822,4778,1768
Pavagadh,2025-02-21,19,Friday,0,0,0,Clear,29.3,1768,5650,2210
Pavagadh,2025-02-21,20,Friday,0,0,0,Clear,27.2,2210,4661,1194
Pavagadh,2025-02-21,21,Friday,0,0,0,Clear,26.4,1194,3684,811
Pavagadh,2025-02-21,22,Friday,0,0,0,Clear,24.4,811,2448,322
Pavagadh,2025-02-21,23,Friday,0,0,0,Clear,22.1,322,1453,108
Pavagadh,2025-02-22,0,Saturday,1,0,0,Clear,23.5,108,846,46
Pavagadh,2025-02-22,1,Saturday,1,0,0,Clear,23.1,46,493,26
Pavagadh,2025-02-22,2,Saturday,1,0,0,Clear,21.8,26,304,33
Pavagadh,2025-02-22,3,Saturday,1,0,0,Clear,23.3,33,275,75
Pavagadh,2025-02-22,4,Saturday,1,0,0,Clear,23.6,75,960,604
Pavagadh,2025-02-22,5,Saturday,1,0,0,Clear,24.9,604,1760,912
Pavagadh,2025-02-22,6,Saturday,1,0,0,Clear,25.4,912,3266,1734
Pavagadh,2025-02-22,7,Saturday,1,0,0,Clear,27.0,1734,5157,2524
Pavagadh,2025-02-22,8,Saturday,1,0,0,Clear,29.1,2524,6204,2545
Pavagadh,2025-02-22,9,Saturday,1,0,0,Clear,30.6,2545,7017,2563
Pavagadh,2025-02-22,10,Saturday,1,0,0,Clear,32.9,2563,6899,2190
Pavagadh,2025-02-22,11,Saturday,1,0,0,Clear,34.0,2190,6237,1683
Pavagadh,2025-02-22,12,Saturday,1,0,0,Clear,34.3,1683,4536,951
Pavagadh,2025-02-22,13,Saturday,1,0,0,Clear,36.3,951,3915,1027
Pavagadh,2025-02-22,14,Saturday,1,0,0,Clear,35.6,1027,4027,1382
Pavagadh,2025-02-22,15,Saturday,1,0,0,Clear,35.5,1382,4593,1800
Pavagadh,2025-02-22,16,Saturday,1,0,0,Clear,35.1,1800,5426,2158
Pavagadh,2025-02-22,17,Saturday,1,0,0,Clear,33.3,2158,6503,2666
Pavagadh,2025-02-22,18,Saturday,1,0,0,Clear,33.1,2666,7005,2422
Pavagadh,2025-02-22,19,Saturday,1,0,0,Clear,29.7,2422,7193,2594
Pavagadh,2025-02-22,20,Saturday,1,0,0,Clear,29.4,2594,6100,1798
Pavagadh,2025-02-22,21,Saturday,1,0,0,Clear,28.2,1798,5016,1168
Pavagadh,2025-02-22,22,Saturday,1,0,0,Clear,25.4,1168,3261,503
Pavagadh,2025-02-22,23,Saturday,1,0,0,Clear,23.0,503,1881,126
Pavagadh,2025-02-23,0,Sunday,1,0,0,Sunny,18.0,126,1102,65
Pavagadh,2025-02-23,1,Sunday,1,0,0,Sunny,18.0,65,659,35
Pavagadh,2025-02-23,2,Sunday,1,0,0,Sunny,18.0,35,444,42
Pavagadh,2025-02-23,3,Sunday,1,0,0,Sunny,18.0,42,408,114
Pavagadh,2025-02-23,4,Sunday,1,0,0,Sunny,18.0,114,1304,793
Pavagadh,2025-02-23,5,Sunday,1,0,0,Sunny,18.4,793,2668,1458
Pavagadh,2025-02-23,6,Sunday,1,0,0,Sunny,19.9,1458,4585,2383
Pavagadh,2025-02-23,7,Sunday,1,0,0,Sunny,22.6,2383,8237,4095
Pavagadh,2025-02-23,8,Sunday,1,0,0,Sunny,23.7,4095,10411,4408
Pavagadh,2025-02-23,9,Sunday,1,0,0,Sunny,25.1,4408,11987,4463
Pavagadh,2025-02-23,10,Sunday,1,0,0,Sunny,26.6,4463,10965,3117
Pavagadh,2025-02-23,11,Sunday,1,0,0,Sunny,27.5,3117,9567,2775
Pavagadh,2025-02-23,12,Sunday,1,0,0,Sunny,28.7,2775,7316,1607
Pavagadh,2025-02-23,13,Sunday,1,0,0,Sunny,29.2,1607,6475,1949
Pavagadh,2025-02-23,14,Sunday,1,0,0,Sunny,30.0,1949,5897,1724
Pavagadh,2025-02-23,15,Sunday,1,0,0,Sunny,29.8,1724,5719,2002
Pavagadh,2025-02-23,16,Sunday,1,0,0,Sunny,28.3,2002,6964,2819
Pavagadh,2025-02-23,17,Sunday,1,0,0,Sunny,28.0,2819,8715,3601
Pavagadh,2025-02-23,18,Sunday,1,0,0,Sunny,26.2,3601,10556,4380
Pavagadh,2025-02-23,19,Sunday,1,0,0,Sunny,25.2,4380,12004,4425
Pavagadh,2025-02-23,20,Sunday,1,0,0,Sunny,24.0,4425,9491,2305
Pavagadh,2025-02-23,21,Sunday,1,0,0,Sunny,21.8,2305,7964,1907
Pavagadh,2025-02-23,22,Sunday,1,0,0,Sunny,19.2,1907,5327,647
Pavagadh,2025-02-23,23,Sunday,1,0,0,Sunny,18.4,647,3167,207
Pavagadh,2025-02-24,0,Monday,0,0,0,Clear,19.6,207,1861,25
Pavagadh,2025-02-24,1,Monday,0,0,0,Clear,18.7,25,1102,19
Pavagadh,2025-02-24,2,Monday,0,0,0,Clear,18.6,19,603,21
Pavagadh,2025-02-24,3,Monday,0,0,0,Clear,19.2,21,389,53
Pavagadh,2025-02-24,4,Monday,0,0,0,Clear,19.5,53,656,326
Pavagadh,2025-02-24,5,Monday,0,0,0,Clear,20.9,326,1222,639
Pavagadh,2025-02-24,6,Monday,0,0,0,Clear,23.0,639,2663,1455
Pavagadh,2025-02-24,7,Monday,0,0,0,Clear,23.5,1455,4355,2085
Pavagadh,2025-02-24,8,Monday,0,0,0,Clear,25.4,2085,4777,1805
Pavagadh,2025-02-24,9,Monday,0,0,0,Clear,27.3,1805,4992,1683
Pavagadh,2025-02-24,10,Monday,0,0,0,Clear,28.6,1683,4283,1114
Pavagadh,2025-02-24,11,Monday,0,0,0,Clear,30.5,1114,3656,971
Pavagadh,2025-02-24,12,Monday,0,0,0,Clear,31.9,971,2871,658
Pavagadh,2025-02-24,13,Monday,0,0,0,Clear,32.7,658,2453,678
Pavagadh,2025-02-24,14,Monday,0,0,0,Clear,32.0,678,2540,892
Pavagadh,2025-02-24,15,Monday,0,0,0,Clear,32.1,892,2870,1075
Pavagadh,2025-02-24,16,Monday,0,0,0,Clear,31.5,1075,3299,1330
Pavagadh,2025-02-24,17,Monday,0,0,0,Clear,30.3,1330,4046,1683
Pavagadh,2025-02-24,18,Monday,0,0,0,Clear,29.0,1683,5123,2159
Pavagadh,2025-02-24,19,Monday,0,0,0,Clear,27.1,2159,4567,1319
Pavagadh,2025-02-24,20,Monday,0,0,0,Clear,25.5,1319,4001,1137
Pavagadh,2025-02-24,21,Monday,0,0,0,Clear,24.1,1137,3390,670
Pavagadh,2025-02-24,22,Monday,0,0,0,Clear,22.1,670,2038,205
Pavagadh,2025-02-24,23,Monday,0,0,0,Clear,21.0,205,1207,88
Pavagadh,2025-02-25,0,Tuesday,0,0,0,Clear,20.0,88,666,27
Pavagadh,2025-02-25,1,Tuesday,0,0,0,Clear,19.7,27,395,15
Pavagadh,2025-02-25,2,Tuesday,0,0,0,Clear,19.1,15,227,16
Pavagadh,2025-02-25,3,Tuesday,0,0,0,Clear,19.4,16,179,41
Pavagadh,2025-02-25,4,Tuesday,0,0,0,Clear,20.2,41,531,324
Pavagadh,2025-02-25,5,Tuesday,0,0,0,Clear,20.9,324,1096,586
Pavagadh,2025-02-25,6,Tuesday,0,0,0,Clear,23.2,586,2041,1066
Pavagadh,2025-02-25,7,Tuesday,0,0,0,Clear,24.4,1066,3166,1490
Pavagadh,2025-02-25,8,Tuesday,0,0,0,Clear,25.6,1490,3674,1424
Pavagadh,2025-02-25,9,Tuesday,0,0,0,Clear,28.0,1424,4207,1498
Pavagadh,2025-02-25,10,Tuesday,0,0,0,Clear,27.9,1498,3968,1281
Pavagadh,2025-02-25,11,Tuesday,0,0,0,Clear,29.8,1281,3748,1180
Pavagadh,2025-02-25,12,Tuesday,0,0,0,Clear,31.1,1180,2824,729
Pavagadh,2025-02-25,13,Tuesday,0,0,0,Clear,32.8,729,2662,769
Pavagadh,2025-02-25,14,Tuesday,0,0,0,Clear,32.5,769,2363,724
Pavagadh,2025-02-25,15,Tuesday,0,0,0,Clear,32.7,724,2777,1073
Pavagadh,2025-02-25,16,Tuesday,0,0,0,Clear,31.6,1073,3261,1314
Pavagadh,2025-02-25,17,Tuesday,0,0,0,Clear,31.8,1314,3807,1520
Pavagadh,2025-02-25,18,Tuesday,0,0,0,Clear,29.6,1520,4384,1698
Pavagadh,2025-02-25,19,Tuesday,0,0,0,Clear,28.2,1698,4547,1517
Pavagadh,2025-02-25,20,Tuesday,0,0,0,Clear,24.7,1517,3860,1100
Pavagadh,2025-02-25,21,Tuesday,0,0,0,Clear,23.6,1100,2963,625
Pavagadh,2025-02-25,22,Tuesday,0,0,0,Clear,22.7,625,2087,288
Pavagadh,2025-02-25,23,Tuesday,0,0,0,Clear,20.1,288,1303,116
Pavagadh,2025-02-26,0,Wednesday,0,1,1,Clear,24.0,116,718,49
Pavagadh,2025-02-26,1,Wednesday,0,1,1,Clear,22.5,49,426,38
Pavagadh,2025-02-26,2,Wednesday,0,1,1,Clear,23.9,38,283,45
Pavagadh,2025-02-26,3,Wednesday,0,1,1,Clear,23.6,45,280,94
Pavagadh,2025-02-26,4,Wednesday,0,1,1,Clear,24.4,94,825,488
Pavagadh,2025-02-26,5,Wednesday,0,1,1,Clear,25.8,488,2758,1692
Pavagadh,2025-02-26,6,Wednesday,0,1,1,Clear,26.2,1692,5580,3105
Pavagadh,2025-02-26,7,Wednesday,0,1,1,Clear,27.6,3105,7124,3174
Pavagadh,2025-02-26,8,Wednesday,0,1,1,Clear,30.5,3174,8292,3113
Pavagadh,2025-02-26,9,Wednesday,0,1,1,Clear,31.5,3113,8937,3406
Pavagadh,2025-02-26,10,Wednesday,0,1,1,Clear,33.2,3406,8368,2454
Pavagadh,2025-02-26,11,Wednesday,0,1,1,Clear,34.4,2454,7658,1986
Pavagadh,2025-02-26,12,Wednesday,0,1,1,Clear,35.2,1986,6217,1660
Pavagadh,2025-02-26,13,Wednesday,0,1,1,Clear,35.8,1660,5195,1329
Pavagadh,2025-02-26,14,Wednesday,0,1,1,Clear,35.2,1329,5543,2100
Pavagadh,2025-02-26,15,Wednesday,0,1,1,Clear,37.0,2100,5962,2267
Pavagadh,2025-02-26,16,Wednesday,0,1,1,Clear,36.4,2267,6327,2346
Pavagadh,2025-02-26,17,Wednesday,0,1,1,Clear,33.1,2346,7544,3072
Pavagadh,2025-02-26,18,Wednesday,0,1,1,Clear,34.5,3072,10173,3981
Pavagadh,2025-02-26,19,Wednesday,0,1,1,Clear,31.6,3981,9485,3049
Pavagadh,2025-02-26,20,Wednesday,0,1,1,Clear,30.0,3049,7700,2114
Pavagadh,2025-02-26,21,Wednesday,0,1,1,Clear,28.4,2114,5788,1229
Pavagadh,2025-02-26,22,Wednesday,0,1,1,Clear,25.7,1229,4244,600
Pavagadh,2025-02-26,23,Wednesday,0,1,1,Clear,24.6,600,2659,223
Pavagadh,2025-02-27,0,Thursday,0,0,0,Clear,18.0,223,1532,33
Pavagadh,2025-02-27,1,Thursday,0,0,0,Clear,18.0,33,812,17
Pavagadh,2025-02-27,2,Thursday,0,0,0,Clear,18.0,17,446,20
Pavagadh,2025-02-27,3,Thursday,0,0,0,Clear,18.0,20,306,47
Pavagadh,2025-02-27,4,Thursday,0,0,0,Clear,18.0,47,683,391
Pavagadh,2025-02-27,5,Thursday,0,0,0,Clear,18.3,391,1360,738
Pavagadh,2025-02-27,6,Thursday,0,0,0,Clear,20.2,738,2251,1104
Pavagadh,2025-02-27,7,Thursday,0,0,0,Clear,22.3,1104,3369,1605
Pavagadh,2025-02-27,8,Thursday,0,0,0,Clear,23.4,1605,4223,1689
Pavagadh,2025-02-27,9,Thursday,0,0,0,Clear,26.5,1689,4751,1755
Pavagadh,2025-02-27,10,Thursday,0,0,0,Clear,27.8,1755,4047,1131
Pavagadh,2025-02-27,11,Thursday,0,0,0,Clear,28.9,1131,3689,1056
Pavagadh,2025-02-27,12,Thursday,0,0,0,Clear,30.2,1056,3028,822
Pavagadh,2025-02-27,13,Thursday,0,0,0,Clear,30.3,822,2389,584
Pavagadh,2025-02-27,14,Thursday,0,0,0,Clear,29.5,584,2282,804
Pavagadh,2025-02-27,15,Thursday,0,0,0,Clear,30.5,804,2915,1205
Pavagadh,2025-02-27,16,Thursday,0,0,0,Clear,29.7,1205,3821,1623
Pavagadh,2025-02-27,17,Thursday,0,0,0,Clear,28.1,1623,4604,1701
Pavagadh,2025-02-27,18,Thursday,0,0,0,Clear,26.6,1701,4686,1538
Pavagadh,2025-02-27,19,Thursday,0,0,0,Clear,25.5,1538,4301,1397
Pavagadh,2025-02-27,20,Thursday,0,0,0,Clear,22.7,1397,3823,938
Pavagadh,2025-02-27,21,Thursday,0,0,0,Clear,22.2,938,2922,515
Pavagadh,2025-02-27,22,Thursday,0,0,0,Clear,21.3,515,2011,324
Pavagadh,2025-02-27,23,Thursday,0,0,0,Clear,19.0,324,1312,95
Pavagadh,2025-02-28,0,Friday,0,0,0,Clear,21.1,95,771,38
Pavagadh,2025-02-28,1,Friday,0,0,0,Clear,20.4,38,448,22
Pavagadh,2025-02-28,2,Friday,0,0,0,Clear,19.3,22,264,19
Pavagadh,2025-02-28,3,Friday,0,0,0,Clear,19.4,19,231,57
Pavagadh,2025-02-28,4,Friday,0,0,0,Clear,20.8,57,594,342
Pavagadh,2025-02-28,5,Friday,0,0,0,Clear,21.9,342,1493,870
Pavagadh,2025-02-28,6,Friday,0,0,0,Clear,23.8,870,3094,1689
Pavagadh,2025-02-28,7,Friday,0,0,0,Clear,25.1,1689,4524,2120
Pavagadh,2025-02-28,8,Friday,0,0,0,Clear,26.4,2120,5107,2041
Pavagadh,2025-02-28,9,Friday,0,0,0,Clear,28.4,2041,5540,2038
Pavagadh,2025-02-28,10,Friday,0,0,0,Clear,29.9,2038,5427,1809
Pavagadh,2025-02-28,11,Friday,0,0,0,Clear,31.3,1809,4479,1173
Pavagadh,2025-02-28,12,Friday,0,0,0,Clear,32.4,1173,3747,900
Pavagadh,2025-02-28,13,Friday,0,0,0,Clear,32.9,900,3325,809
Pavagadh,2025-02-28,14,Friday,0,0,0,Clear,33.7,809,3180,967
Pavagadh,2025-02-28,15,Friday,0,0,0,Clear,32.7,967,3384,1179
Pavagadh,2025-02-28,16,Friday,0,0,0,Clear,32.2,1179,4331,1742
Pavagadh,2025-02-28,17,Friday,0,0,0,Clear,31.0,1742,4710,1545
Pavagadh,2025-02-28,18,Friday,0,0,0,Clear,29.3,1545,5629,2181
Pavagadh,2025-02-28,19,Friday,0,0,0,Clear,29.0,2181,5970,2171
Pavagadh,2025-02-28,20,Friday,0,0,0,Clear,27.1,2171,5547,1343
Pavagadh,2025-02-28,21,Friday,0,0,0,Clear,25.3,1343,3941,749
Pavagadh,2025-02-28,22,Friday,0,0,0,Clear,21.5,749,2756,355
Pavagadh,2025-02-28,23,Friday,0,0,0,Clear,22.2,355,1531,82
Pavagadh,2025-03-01,0,Saturday,1,0,0,Sunny,24.4,82,869,52
Pavagadh,2025-03-01,1,Saturday,1,0,0,Sunny,23.9,52,545,29
Pavagadh,2025-03-01,2,Saturday,1,0,0,Sunny,23.2,29,345,37
Pavagadh,2025-03-01,3,Saturday,1,0,0,Sunny,23.2,37,274,67
Pavagadh,2025-03-01,4,Saturday,1,0,0,Sunny,24.7,67,811,494
Pavagadh,2025-03-01,5,Saturday,1,0,0,Sunny,26.1,494,1483,775
Pavagadh,2025-03-01,6,Saturday,1,0,0,Sunny,26.1,775,3322,1849
Pavagadh,2025-03-01,7,Saturday,1,0,0,Sunny,28.4,1849,5303,2494
Pavagadh,2025-03-01,8,Saturday,1,0,0,Sunny,30.2,2494,7736,3493
Pavagadh,2025-03-01,9,Saturday,1,0,0,Sunny,31.4,3493,8584,3163
Pavagadh,2025-03-01,10,Saturday,1,0,0,Sunny,34.7,3163,7568,2061
Pavagadh,2025-03-01,11,Saturday,1,0,0,Sunny,35.2,2061,6740,1713
Pavagadh,2025-03-01,12,Saturday,1,0,0,Sunny,37.1,1713,5104,923
Pavagadh,2025-03-01,13,Saturday,1,0,0,Sunny,36.1,923,3933,780
Pavagadh,2025-03-01,14,Saturday,1,0,0,Sunny,37.2,780,4096,1402
Pavagadh,2025-03-01,15,Saturday,1,0,0,Sunny,37.2,1402,4382,1555
Pavagadh,2025-03-01,16,Saturday,1,0,0,Sunny,36.4,1555,5916,2593
Pavagadh,2025-03-01,17,Saturday,1,0,0,Sunny,34.8,2593,6729,2718
Pavagadh,2025-03-01,18,Saturday,1,0,0,Sunny,34.0,2718,7132,2488
Pavagadh,2025-03-01,19,Saturday,1,0,0,Sunny,32.0,2488,6355,2019
Pavagadh,2025-03-01,20,Saturday,1,0,0,Sunny,29.7,2019,6116,1750
Pavagadh,2025-03-01,21,Saturday,1,0,0,Sunny,28.4,1750,5110,1136
Pavagadh,2025-03-01,22,Saturday,1,0,0,Sunny,27.5,1136,3327,456
Pavagadh,2025-03-01,23,Saturday,1,0,0,Sunny,25.8,456,2185,140
Pavagadh,2025-03-02,0,Sunday,1,0,0,Sunny,29.2,140,1274,70
Pavagadh,2025-03-02,1,Sunday,1,0,0,Sunny,28.6,70,828,44
Pavagadh,2025-03-02,2,Sunday,1,0,0,Sunny,27.6,44,502,48
Pavagadh,2025-03-02,3,Sunday,1,0,0,Sunny,27.8,48,406,92
Pavagadh,2025-03-02,4,Sunday,1,0,0,Sunny,28.6,92,1451,906
Pavagadh,2025-03-02,5,Sunday,1,0,0,Sunny,30.1,906,2764,1439
Pavagadh,2025-03-02,6,Sunday,1,0,0,Sunny,31.0,1439,5041,2584
Pavagadh,2025-03-02,7,Sunday,1,0,0,Sunny,32.2,2584,7010,3006
Pavagadh,2025-03-02,8,Sunday,1,0,0,Sunny,34.3,3006,8275,3411
Pavagadh,2025-03-02,9,Sunday,1,0,0,Sunny,36.0,3411,9981,4302
Pavagadh,2025-03-02,10,Sunday,1,0,0,Sunny,37.2,4302,10198,3579
Pavagadh,2025-03-02,11,Sunday,1,0,0,Sunny,39.5,3579,9502,2464
Pavagadh,2025-03-02,12,Sunday,1,0,0,Sunny,39.7,2464,8158,1881
Pavagadh,2025-03-02,13,Sunday,1,0,0,Sunny,40.9,1881,6621,1453
Pavagadh,2025-03-02,14,Sunday,1,0,0,Sunny,41.0,1453,6277,1755
Pavagadh,2025-03-02,15,Sunday,1,0,0,Sunny,41.0,1755,7298,2658
Pavagadh,2025-03-02,16,Sunday,1,0,0,Sunny,40.9,2658,8329,3296
Pavagadh,2025-03-02,17,Sunday,1,0,0,Sunny,41.0,3296,9679,3722
Pavagadh,2025-03-02,18,Sunday,1,0,0,Sunny,38.3,3722,12288,4739
Pavagadh,2025-03-02,19,Sunday,1,0,0,Sunny,36.4,4739,12136,3595
Pavagadh,2025-03-02,20,Sunday,1,0,0,Sunny,34.6,3595,10830,3030
Pavagadh,2025-03-02,21,Sunday,1,0,0,Sunny,33.5,3030,8180,1736
Pavagadh,2025-03-02,22,Sunday,1,0,0,Sunny,30.2,1736,4838,558
Pavagadh,2025-03-02,23,Sunday,1,0,0,Sunny,29.9,558,2870,171
Pavagadh,2025-03-03,0,Monday,0,0,0,Cloudy,24.9,171,1652,30
Pavagadh,2025-03-03,1,Monday,0,0,0,Cloudy,23.7,30,894,18
Pavagadh,2025-03-03,2,Monday,0,0,0,Cloudy,23.8,18,538,15
Pavagadh,2025-03-03,3,Monday,0,0,0,Cloudy,23.3,15,363,46
Pavagadh,2025-03-03,4,Monday,0,0,0,Cloudy,25.3,46,549,261
Pavagadh,2025-03-03,5,Monday,0,0,0,Cloudy,26.0,261,1441,844
Pavagadh,2025-03-03,6,Monday,0,0,0,Cloudy,26.6,844,2944,1570
Pavagadh,2025-03-03,7,Monday,0,0,0,Cloudy,29.4,1570,3472,1341
Pavagadh,2025-03-03,8,Monday,0,0,0,Cloudy,29.7,1341,3913,1443
Pavagadh,2025-03-03,9,Monday,0,0,0,Cloudy,32.4,1443,4223,1420
Pavagadh,2025-03-03,10,Monday,0,0,0,Cloudy,33.4,1420,3987,1236
Pavagadh,2025-03-03,11,Monday,0,0,0,Cloudy,34.9,1236,3730,1223
Pavagadh,2025-03-03,12,Monday,0,0,0,Cloudy,35.6,1223,3098,632
Pavagadh,2025-03-03,13,Monday,0,0,0,Cloudy,36.6,632,2465,582
Pavagadh,2025-03-03,14,Monday,0,0,0,Rainy,37.5,582,2128,568
Pavagadh,2025-03-03,15,Monday,0,0,0,Rainy,36.1,568,2206,792
Pavagadh,2025-03-03,16,Monday,0,0,0,Cloudy,36.5,792,2886,1233
Pavagadh,2025-03-03,17,Monday,0,0,0,Cloudy,34.1,1233,3668,1562
Pavagadh,2025-03-03,18,Monday,0,0,0,Cloudy,34.8,1562,4431,1845
Pavagadh,2025-03-03,19,Monday,0,0,0,Cloudy,32.0,1845,4515,1497
Pavagadh,2025-03-03,20,Monday,0,0,0,Cloudy,31.2,1497,4229,1275
Pavagadh,2025-03-03,21,Monday,0,0,0,Cloudy,28.6,1275,3158,669
Pavagadh,2025-03-03,22,Monday,0,0,0,Cloudy,27.6,669,2140,267
Pavagadh,2025-03-03,23,Monday,0,0,0,Cloudy,26.7,267,1322,97
Pavagadh,2025-03-04,0,Tuesday,0,0,0,Clear,18.0,97,687,28
Pavagadh,2025-03-04,1,Tuesday,0,0,0,Clear,18.0,28,405,19
Pavagadh,2025-03-04,2,Tuesday,0,0,0,Clear,18.0,19,226,17
Pavagadh,2025-03-04,3,Tuesday,0,0,0,Clear,18.0,17,192,43
Pavagadh,2025-03-04,4,Tuesday,0,0,0,Clear,18.0,43,533,315
Pavagadh,2025-03-04,5,Tuesday,0,0,0,Clear,18.2,315,1133,621
Pavagadh,2025-03-04,6,Tuesday,0,0,0,Clear,20.0,621,2101,1101
Pavagadh,2025-03-04,7,Tuesday,0,0,0,Clear,21.8,1101,3785,1962
Pavagadh,2025-03-04,8,Tuesday,0,0,0,Clear,23.1,1962,4382,1588
Pavagadh,2025-03-04,9,Tuesday,0,0,0,Clear,26.2,1588,4877,1822
Pavagadh,2025-03-04,10,Tuesday,0,0,0,Clear,27.2,1822,4092,1079
Pavagadh,2025-03-04,11,Tuesday,0,0,0,Clear,27.5,1079,3691,1064
Pavagadh,2025-03-04,12,Tuesday,0,0,0,Clear,29.4,1064,2970,632
Pavagadh,2025-03-04,13,Tuesday,0,0,0,Clear,28.5,632,2427,594
Pavagadh,2025-03-04,14,Tuesday,0,0,0,Clear,28.9,594,2374,778
Pavagadh,2025-03-04,15,Tuesday,0,0,0,Clear,30.3,778,2977,1222
Pavagadh,2025-03-04,16,Tuesday,0,0,0,Clear,29.8,1222,3697,1496
Pavagadh,2025-03-04,17,Tuesday,0,0,0,Clear,27.7,1496,3816,1292
Pavagadh,2025-03-04,18,Tuesday,0,0,0,Clear,26.6,1292,4733,1988
Pavagadh,2025-03-04,19,Tuesday,0,0,0,Clear,25.2,1988,4201,1217
Pavagadh,2025-03-04,20,Tuesday,0,0,0,Clear,22.9,1217,3583,947
Pavagadh,2025-03-04,21,Tuesday,0,0,0,Clear,21.4,947,3186,839
Pavagadh,2025-03-04,22,Tuesday,0,0,0,Clear,20.8,839,2111,259
Pavagadh,2025-03-04,23,Tuesday,0,0,0,Clear,18.5,259,1317,120
Pavagadh,2025-03-05,0,Wednesday,0,0,0,Clear,20.7,120,807,32
Pavagadh,2025-03-05,1,Wednesday,0,0,0,Clear,19.4,32,493,16
Pavagadh,2025-03-05,2,Wednesday,0,0,0,Clear,20.9,16,312,18
Pavagadh,2025-03-05,3,Wednesday,0,0,0,Clear,19.0,18,217,40
Pavagadh,2025-03-05,4,Wednesday,0,0,0,Clear,20.8,40,534,306
Pavagadh,2025-03-05,5,Wednesday,0,0,0,Clear,22.3,306,1131,619
Pavagadh,2025-03-05,6,Wednesday,0,0,0,Clear,22.2,619,2527,1386
Pavagadh,2025-03-05,7,Wednesday,0,0,0,Clear,24.8,1386,3433,1540
Pavagadh,2025-03-05,8,Wednesday,0,0,0,Clear,25.4,1540,4273,1714
Pavagadh,2025-03-05,9,Wednesday,0,0,0,Clear,29.2,1714,4279,1405
Pavagadh,2025-03-05,10,Wednesday,0,0,0,Clear,30.3,1405,4216,1434
Pavagadh,2025-03-05,11,Wednesday,0,0,0,Clear,30.8,1434,3516,964
Pavagadh,2025-03-05,12,Wednesday,0,0,0,Clear,32.9,964,2899,720
Pavagadh,2025-03-05,13,Wednesday,0,0,0,Clear,32.9,720,2426,629
Pavagadh,2025-03-05,14,Wednesday,0,0,0,Clear,32.5,629,2533,916
Pavagadh,2025-03-05,15,Wednesday,0,0,0,Clear,32.1,916,2857,973
Pavagadh,2025-03-05,16,Wednesday,0,0,0,Clear,31.5,973,3455,1410
Pavagadh,2025-03-05,17,Wednesday,0,0,0,Clear,31.1,1410,4160,1795
Pavagadh,2025-03-05,18,Wednesday,0,0,0,Clear,29.1,1795,4921,1942
Pavagadh,2025-03-05,19,Wednesday,0,0,0,Clear,28.1,1942,4687,1556
Pavagadh,2025-03-05,20,Wednesday,0,0,0,Clear,26.9,1556,4204,1182
Pavagadh,2025-03-05,21,Wednesday,0,0,0,Clear,24.8,1182,3214,719
Pavagadh,2025-03-05,22,Wednesday,0,0,0,Clear,23.4,719,2270,330
Pavagadh,2025-03-05,23,Wednesday,0,0,0,Clear,21.4,330,1422,118
Pavagadh,2025-03-06,0,Thursday,0,0,0,Clear,28.0,118,830,26
Pavagadh,2025-03-06,1,Thursday,0,0,0,Clear,26.4,26,483,23
Pavagadh,2025-03-06,2,Thursday,0,0,0,Clear,25.8,23,298,19
Pavagadh,2025-03-06,3,Thursday,0,0,0,Clear,26.7,19,229,42
Pavagadh,2025-03-06,4,Thursday,0,0,0,Clear,28.1,42,481,267
Pavagadh,2025-03-06,5,Thursday,0,0,0,Clear,28.4,267,1156,655
Pavagadh,2025-03-06,6,Thursday,0,0,0,Clear,30.9,655,2307,1201
Pavagadh,2025-03-06,7,Thursday,0,0,0,Clear,30.5,1201,3488,1672
Pavagadh,2025-03-06,8,Thursday,0,0,0,Clear,33.4,1672,3678,1395
Pavagadh,2025-03-06,9,Thursday,0,0,0,Clear,35.2,1395,3913,1424
Pavagadh,2025-03-06,10,Thursday,0,0,0,Clear,37.6,1424,4038,1325
Pavagadh,2025-03-06,11,Thursday,0,0,0,Clear,37.4,1325,3442,911
Pavagadh,2025-03-06,12,Thursday,0,0,0,Clear,38.0,911,2840,685
Pavagadh,2025-03-06,13,Thursday,0,0,0,Clear,39.5,685,2524,678
Pavagadh,2025-03-06,14,Thursday,0,0,0,Clear,39.1,678,2191,707
Pavagadh,2025-03-06,15,Thursday,0,0,0,Clear,39.4,707,2806,1119
Pavagadh,2025-03-06,16,Thursday,0,0,0,Clear,39.0,1119,3722,1592
Pavagadh,2025-03-06,17,Thursday,0,0,0,Clear,37.9,1592,3905,1557
Pavagadh,2025-03-06,18,Thursday,0,0,0,Clear,37.2,1557,4732,1804
Pavagadh,2025-03-06,19,Thursday,0,0,0,Clear,34.3,1804,5262,1994
Pavagadh,2025-03-06,20,Thursday,0,0,0,Clear,32.7,1994,4389,1089
Pavagadh,2025-03-06,21,Thursday,0,0,0,Clear,31.4,1089,3024,613
Pavagadh,2025-03-06,22,Thursday,0,0,0,Clear,29.3,613,2019,318
Pavagadh,2025-03-06,23,Thursday,0,0,0,Clear,27.4,318,1216,82
Pavagadh,2025-03-07,0,Friday,0,0,0,Clear,28.7,82,685,32
Pavagadh,2025-03-07,1,Friday,0,0,0,Clear,29.1,32,450,23
Pavagadh,2025-03-07,2,Friday,0,0,0,Clear,28.1,23,290,21
Pavagadh,2025-03-07,3,Friday,0,0,0,Clear,28.8,21,230,49
Pavagadh,2025-03-07,4,Friday,0,0,0,Clear,29.4,49,538,308
Pavagadh,2025-03-07,5,Friday,0,0,0,Clear,30.4,308,1622,975
Pavagadh,2025-03-07,6,Friday,0,0,0,Clear,31.3,975,2757,1355
Pavagadh,2025-03-07,7,Friday,0,0,0,Clear,31.8,1355,3899,1686
Pavagadh,2025-03-07,8,Friday,0,0,0,Clear,35.1,1686,4506,1845
Pavagadh,2025-03-07,9,Friday,0,0,0,Clear,37.2,1845,4908,1820
Pavagadh,2025-03-07,10,Friday,0,0,0,Clear,38.5,1820,4817,1560
Pavagadh,2025-03-07,11,Friday,0,0,0,Clear,38.9,1560,4248,1111
Pavagadh,2025-03-07,12,Friday,0,0,0,Clear,41.0,1111,3503,915
Pavagadh,2025-03-07,13,Friday,0,0,0,Clear,41.0,915,3039,731
Pavagadh,2025-03-07,14,Friday,0,0,0,Clear,41.0,731,2836,872
Pavagadh,2025-03-07,15,Friday,0,0,0,Clear,41.0,872,3179,1197
Pavagadh,2025-03-07,16,Friday,0,0,0,Clear,40.5,1197,3951,1636
Pavagadh,2025-03-07,17,Friday,0,0,0,Clear,39.2,1636,4885,1997
Pavagadh,2025-03-07,18,Friday,0,0,0,Clear,39.7,1997,5247,1980
Pavagadh,2025-03-07,19,Friday,0,0,0,Clear,36.8,1980,4826,1552
Pavagadh,2025-03-07,20,Friday,0,0,0,Clear,34.1,1552,4168,1195
Pavagadh,2025-03-07,21,Friday,0,0,0,Clear,32.5,1195,3023,742
Pavagadh,2025-03-07,22,Friday,0,0,0,Clear,31.9,742,2043,307
Pavagadh,2025-03-07,23,Friday,0,0,0,Clear,30.6,307,1242,114
Pavagadh,2025-03-08,0,Saturday,1,0,0,Rainy,18.0,114,697,36
Pavagadh,2025-03-08,1,Saturday,1,0,0,Rainy,18.0,36,429,17
Pavagadh,2025-03-08,2,Saturday,1,0,0,Rainy,18.0,17,274,18
Pavagadh,2025-03-08,3,Saturday,1,0,0,Rainy,18.0,18,214,46
Pavagadh,2025-03-08,4,Saturday,1,0,0,Rainy,18.0,46,505,286
Pavagadh,2025-03-08,5,Saturday,1,0,0,Rainy,18.5,286,1188,661
Pavagadh,2025-03-08,6,Saturday,1,0,0,Rainy,19.6,661,2521,1357
Pavagadh,2025-03-08,7,Saturday,1,0,0,Rainy,21.6,1357,3483,1538
Pavagadh,2025-03-08,8,Saturday,1,0,0,Rainy,23.7,1538,4837,2031
Pavagadh,2025-03-08,9,Saturday,1,0,0,Rainy,24.9,2031,4745,1669
Pavagadh,2025-03-08,10,Saturday,1,0,0,Rainy,27.2,1669,4495,1414
Pavagadh,2025-03-08,11,Saturday,1,0,0,Rainy,27.8,1414,3973,1090
Pavagadh,2025-03-08,12,Saturday,1,0,0,Rainy,28.6,1090,3216,762
Pavagadh,2025-03-08,13,Saturday,1,0,0,Rainy,29.0,762,2534,610
Pavagadh,2025-03-08,14,Saturday,1,0,0,Heavy Rain,31.0,610,1834,418
Pavagadh,2025-03-08,15,Saturday,1,0,0,Rainy,29.8,418,2532,1178
Pavagadh,2025-03-08,16,Saturday,1,0,0,Rainy,29.8,1178,3463,1515
Pavagadh,2025-03-08,17,Saturday,1,0,0,Rainy,28.1,1515,5434,2581
Pavagadh,2025-03-08,18,Saturday,1,0,0,Rainy,26.1,2581,6127,2304
Pavagadh,2025-03-08,19,Saturday,1,0,0,Rainy,26.4,2304,5595,1488
Pavagadh,2025-03-08,20,Saturday,1,0,0,Rainy,23.5,1488,5236,1631
Pavagadh,2025-03-08,21,Saturday,1,0,0,Rainy,23.5,1631,3986,729
Pavagadh,2025-03-08,22,Saturday,1,0,0,Rainy,21.2,729,2663,270
Pavagadh,2025-03-08,23,Saturday,1,0,0,Rainy,18.6,270,1607,101
Pavagadh,2025-03-09,0,Sunday,1,0,0,Clear,28.8,101,957,73
Pavagadh,2025-03-09,1,Sunday,1,0,0,Clear,27.9,73,598,34
Pavagadh,2025-03-09,2,Sunday,1,0,0,Clear,28.6,34,366,47
Pavagadh,2025-03-09,3,Sunday,1,0,0,Clear,28.2,47,344,104
Pavagadh,2025-03-09,4,Sunday,1,0,0,Clear,28.9,104,1346,849
Pavagadh,2025-03-09,5,Sunday,1,0,0,Clear,29.6,849,3117,1740
Pavagadh,2025-03-09,6,Sunday,1,0,0,Clear,30.8,1740,5567,2825
Pavagadh,2025-03-09,7,Sunday,1,0,0,Clear,31.8,2825,8017,3827
Pavagadh,2025-03-09,8,Sunday,1,0,0,Clear,33.9,3827,9530,3954
Pavagadh,2025-03-09,9,Sunday,1,0,0,Clear,36.6,3954,11307,4238
Pavagadh,2025-03-09,10,Sunday,1,0,0,Clear,37.4,4238,10547,3021
Pavagadh,2025-03-09,11,Sunday,1,0,0,Clear,39.0,3021,8645,2653
Pavagadh,2025-03-09,12,Sunday,1,0,0,Clear,40.4,2653,7399,1960
Pavagadh,2025-03-09,13,Sunday,1,0,0,Clear,41.0,1960,6236,1710
Pavagadh,2025-03-09,14,Sunday,1,0,0,Clear,40.7,1710,5992,1712
Pavagadh,2025-03-09,15,Sunday,1,0,0,Clear,41.0,1712,6459,2268
Pavagadh,2025-03-09,16,Sunday,1,0,0,Clear,40.1,2268,7672,3035
Pavagadh,2025-03-09,17,Sunday,1,0,0,Clear,39.4,3035,10895,4580
Pavagadh,2025-03-09,18,Sunday,1,0,0,Clear,37.6,4580,11975,4307
Pavagadh,2025-03-09,19,Sunday,1,0,0,Clear,35.8,4307,10858,3390
Pavagadh,2025-03-09,20,Sunday,1,0,0,Clear,32.2,3390,9504,2979
Pavagadh,2025-03-09,21,Sunday,1,0,0,Clear,32.0,2979,7368,1648
Pavagadh,2025-03-09,22,Sunday,1,0,0,Clear,32.2,1648,5274,569
Pavagadh,2025-03-09,23,Sunday,1,0,0,Clear,30.3,569,3451,253
Pavagadh,2025-03-10,0,Monday,0,0,0,Clear,24.7,253,1880,24
Pavagadh,2025-03-10,1,Monday,0,0,0,Clear,23.7,24,1106,17
Pavagadh,2025-03-10,2,Monday,0,0,0,Clear,23.4,17,635,20
Pavagadh,2025-03-10,3,Monday,0,0,0,Clear,23.9,20,387,43
Pavagadh,2025-03-10,4,Monday,0,0,0,Clear,24.3,43,627,296
Pavagadh,2025-03-10,5,Monday,0,0,0,Clear,24.7,296,1623,943
Pavagadh,2025-03-10,6,Monday,0,0,0,Clear,26.9,943,2545,1202
Pavagadh,2025-03-10,7,Monday,0,0,0,Clear,28.4,1202,3719,1674
Pavagadh,2025-03-10,8,Monday,0,0,0,Clear,30.6,1674,4853,2039
Pavagadh,2025-03-10,9,Monday,0,0,0,Clear,31.3,2039,4346,1221
Pavagadh,2025-03-10,10,Monday,0,0,0,Clear,33.7,1221,4639,1676
Pavagadh,2025-03-10,11,Monday,0,0,0,Clear,35.1,1676,4236,1199
Pavagadh,2025-03-10,12,Monday,0,0,0,Clear,36.5,1199,3146,689
Pavagadh,2025-03-10,13,Monday,0,0,0,Clear,36.5,689,2418,512
Pavagadh,2025-03-10,14,Monday,0,0,0,Clear,36.5,512,2445,839
Pavagadh,2025-03-10,15,Monday,0,0,0,Clear,36.0,839,3001,1223
Pavagadh,2025-03-10,16,Monday,0,0,0,Clear,36.5,1223,3590,1408
Pavagadh,2025-03-10,17,Monday,0,0,0,Clear,34.1,1408,4752,1993
Pavagadh,2025-03-10,18,Monday,0,0,0,Clear,33.5,1993,5334,1918
Pavagadh,2025-03-10,19,Monday,0,0,0,Clear,31.7,1918,4579,1257
Pavagadh,2025-03-10,20,Monday,0,0,0,Clear,30.3,1257,4218,1136
Pavagadh,2025-03-10,21,Monday,0,0,0,Clear,27.9,1136,3010,602
Pavagadh,2025-03-10,22,Monday,0,0,0,Clear,27.1,602,2037,237
Pavagadh,2025-03-10,23,Monday,0,0,0,Clear,24.9,237,1337,87
Pavagadh,2025-03-11,0,Tuesday,0,0,0,Clear,18.3,87,724,27
Pavagadh,2025-03-11,1,Tuesday,0,0,0,Clear,18.1,27,426,17
Pavagadh,2025-03-11,2,Tuesday,0,0,0,Clear,18.0,17,246,14
Pavagadh,2025-03-11,3,Tuesday,0,0,0,Clear,18.0,14,186,44
Pavagadh,2025-03-11,4,Tuesday,0,0,0,Clear,18.0,44,525,307
Pavagadh,2025-03-11,5,Tuesday,0,0,0,Clear,19.2,307,1143,635
Pavagadh,2025-03-11,6,Tuesday,0,0,0,Clear,20.6,635,2234,1221
Pavagadh,2025-03-11,7,Tuesday,0,0,0,Clear,22.8,1221,3162,1319
Pavagadh,2025-03-11,8,Tuesday,0,0,0,Clear,23.6,1319,3556,1498
Pavagadh,2025-03-11,9,Tuesday,0,0,0,Clear,25.5,1498,3607,1197
Pavagadh,2025-03-11,10,Tuesday,0,0,0,Clear,27.8,1197,3498,1067
Pavagadh,2025-03-11,11,Tuesday,0,0,0,Clear,27.5,1067,3484,1151
Pavagadh,2025-03-11,12,Tuesday,0,0,0,Clear,29.0,1151,3067,808
Pavagadh,2025-03-11,13,Tuesday,0,0,0,Clear,29.2,808,2581,758
Pavagadh,2025-03-11,14,Tuesday,0,0,0,Clear,30.1,758,2223,673
Pavagadh,2025-03-11,15,Tuesday,0,0,0,Clear,29.0,673,2535,956
Pavagadh,2025-03-11,16,Tuesday,0,0,0,Clear,29.7,956,3456,1513
Pavagadh,2025-03-11,17,Tuesday,0,0,0,Clear,27.7,1513,4248,1782
Pavagadh,2025-03-11,18,Tuesday,0,0,0,Clear,25.7,1782,5067,1908
Pavagadh,2025-03-11,19,Tuesday,0,0,0,Clear,24.5,1908,5256,1769
Pavagadh,2025-03-11,20,Tuesday,0,0,0,Clear,23.6,1769,4369,986
Pavagadh,2025-03-11,21,Tuesday,0,0,0,Clear,20.7,986,3107,587
Pavagadh,2025-03-11,22,Tuesday,0,0,0,Clear,19.2,587,2131,291
Pavagadh,2025-03-11,23,Tuesday,0,0,0,Clear,19.1,291,1345,85
Pavagadh,2025-03-12,0,Wednesday,0,0,0,Clear,24.3,85,811,21
Pavagadh,2025-03-12,1,Wednesday,0,0,0,Clear,24.7,21,472,25
Pavagadh,2025-03-12,2,Wednesday,0,0,0,Clear,23.4,25,292,15
Pavagadh,2025-03-12,3,Wednesday,0,0,0,Clear,24.5,15,226,54
Pavagadh,2025-03-12,4,Wednesday,0,0,0,Clear,25.2,54,530,294
Pavagadh,2025-03-12,5,Wednesday,0,0,0,Clear,26.1,294,1040,556
Pavagadh,2025-03-12,6,Wednesday,0,0,0,Clear,26.0,556,1955,1048
Pavagadh,2025-03-12,7,Wednesday,0,0,0,Clear,28.4,1048,3070,1471
Pavagadh,2025-03-12,8,Wednesday,0,0,0,Clear,30.6,1471,3940,1647
Pavagadh,2025-03-12,9,Wednesday,0,0,0,Clear,31.5,1647,4329,1486
Pavagadh,2025-03-12,10,Wednesday,0,0,0,Clear,33.7,1486,4220,1327
Pavagadh,2025-03-12,11,Wednesday,0,0,0,Clear,35.7,1327,3854,1063
Pavagadh,2025-03-12,12,Wednesday,0,0,0,Clear,36.6,1063,3210,773
Pavagadh,2025-03-12,13,Wednesday,0,0,0,Clear,36.3,773,2467,543
Pavagadh,2025-03-12,14,Wednesday,0,0,0,Clear,38.1,543,2382,744
Pavagadh,2025-03-12,15,Wednesday,0,0,0,Clear,35.7,744,2672,1005
Pavagadh,2025-03-12,16,Wednesday,0,0,0,Clear,34.6,1005,3159,1341
Pavagadh,2025-03-12,17,Wednesday,0,0,0,Clear,34.8,1341,4196,1811
Pavagadh,2025-03-12,18,Wednesday,0,0,0,Clear,33.5,1811,4464,1633
Pavagadh,2025-03-12,19,Wednesday,0,0,0,Clear,32.3,1633,4263,1237
Pavagadh,2025-03-12,20,Wednesday,0,0,0,Clear,29.8,1237,3637,871
Pavagadh,2025-03-12,21,Wednesday,0,0,0,Clear,28.5,871,2916,630
Pavagadh,2025-03-12,22,Wednesday,0,0,0,Clear,26.7,630,2023,272
Pavagadh,2025-03-12,23,Wednesday,0,0,0,Clear,26.8,272,1200,84
Pavagadh,2025-03-13,0,Thursday,0,0,0,Sunny,29.2,84,650,34
Pavagadh,2025-03-13,1,Thursday,0,0,0,Sunny,27.8,34,399,15
Pavagadh,2025-03-13,2,Thursday,0,0,0,Sunny,28.7,15,240,16
Pavagadh,2025-03-13,3,Thursday,0,0,0,Sunny,28.6,16,182,36
Pavagadh,2025-03-13,4,Thursday,0,0,0,Sunny,28.6,36,574,355
Pavagadh,2025-03-13,5,Thursday,0,0,0,Sunny,30.5,355,1433,816
Pavagadh,2025-03-13,6,Thursday,0,0,0,Sunny,32.0,816,2410,1245
Pavagadh,2025-03-13,7,Thursday,0,0,0,Sunny,33.1,1245,3385,1540
Pavagadh,2025-03-13,8,Thursday,0,0,0,Sunny,34.1,1540,4202,1815
Pavagadh,2025-03-13,9,Thursday,0,0,0,Sunny,37.7,1815,4536,1564
Pavagadh,2025-03-13,10,Thursday,0,0,0,Sunny,39.0,1564,4776,1673
Pavagadh,2025-03-13,11,Thursday,0,0,0,Sunny,39.5,1673,4206,1024
Pavagadh,2025-03-13,12,Thursday,0,0,0,Sunny,40.0,1024,3245,670
Pavagadh,2025-03-13,13,Thursday,0,0,0,Sunny,41.0,670,2653,732
Pavagadh,2025-03-13,14,Thursday,0,0,0,Sunny,41.0,732,2426,774
Pavagadh,2025-03-13,15,Thursday,0,0,0,Sunny,41.0,774,2693,1013
Pavagadh,2025-03-13,16,Thursday,0,0,0,Sunny,40.3,1013,3148,1291
Pavagadh,2025-03-13,17,Thursday,0,0,0,Sunny,40.3,1291,4438,1897
Pavagadh,2025-03-13,18,Thursday,0,0,0,Sunny,38.7,1897,4737,1743
Pavagadh,2025-03-13,19,Thursday,0,0,0,Sunny,37.1,1743,4643,1526
Pavagadh,2025-03-13,20,Thursday,0,0,0,Sunny,34.9,1526,4235,1286
Pavagadh,2025-03-13,21,Thursday,0,0,0,Sunny,34.2,1286,3186,666
Pavagadh,2025-03-13,22,Thursday,0,0,0,Sunny,31.3,666,2166,274
Pavagadh,2025-03-13,23,Thursday,0,0,0,Sunny,30.1,274,1305,103
Pavagadh,2025-03-14,0,Friday,0,1,1,Clear,23.7,103,841,71
Pavagadh,2025-03-14,1,Friday,0,1,1,Clear,23.0,71,553,50
Pavagadh,2025-03-14,2,Friday,0,1,1,Clear,21.9,50,371,57
Pavagadh,2025-03-14,3,Friday,0,1,1,Clear,23.1,57,389,146
Pavagadh,2025-03-14,4,Friday,0,1,1,Clear,22.5,146,969,550
Pavagadh,2025-03-14,5,Friday,0,1,1,Clear,24.5,550,2826,1711
Pavagadh,2025-03-14,6,Friday,0,1,1,Clear,24.8,1711,6483,3605
Pavagadh,2025-03-14,7,Friday,0,1,1,Clear,26.8,3605,10782,5432
Pavagadh,2025-03-14,8,Friday,0,1,1,Clear,28.3,5432,12562,4917
Pavagadh,2025-03-14,9,Friday,0,1,1,Clear,31.3,4917,11546,4114
Pavagadh,2025-03-14,10,Friday,0,1,1,Clear,31.8,4114,11831,3984
Pavagadh,2025-03-14,11,Friday,0,1,1,Clear,33.9,3984,10717,2941
Pavagadh,2025-03-14,12,Friday,0,1,1,Clear,35.3,2941,8041,1871
Pavagadh,2025-03-14,13,Friday,0,1,1,Clear,35.5,1871,6640,1743
Pavagadh,2025-03-14,14,Friday,0,1,1,Clear,35.7,1743,5767,1684
Pavagadh,2025-03-14,15,Friday,0,1,1,Clear,36.2,1684,6563,2592
Pavagadh,2025-03-14,16,Friday,0,1,1,Clear,34.5,2592,8274,3508
Pavagadh,2025-03-14,17,Friday,0,1,1,Clear,33.2,3508,9711,3859
Pavagadh,2025-03-14,18,Friday,0,1,1,Clear,32.3,3859,11543,4698
Pavagadh,2025-03-14,19,Friday,0,1,1,Clear,30.9,4698,11726,3959
Pavagadh,2025-03-14,20,Friday,0,1,1,Clear,29.8,3959,9115,2323
Pavagadh,2025-03-14,21,Friday,0,1,1,Clear,27.2,2323,7328,1725
Pavagadh,2025-03-14,22,Friday,0,1,1,Clear,25.9,1725,5271,708
Pavagadh,2025-03-14,23,Friday,0,1,1,Clear,24.6,708,3147,192
Pavagadh,2025-03-15,0,Saturday,1,0,0,Clear,19.4,192,1826,46
Pavagadh,2025-03-15,1,Saturday,1,0,0,Clear,18.0,46,1192,33
Pavagadh,2025-03-15,2,Saturday,1,0,0,Clear,18.4,33,770,29
Pavagadh,2025-03-15,3,Saturday,1,0,0,Clear,18.0,29,524,79
Pavagadh,2025-03-15,4,Saturday,1,0,0,Clear,18.3,79,848,406
Pavagadh,2025-03-15,5,Saturday,1,0,0,Clear,19.3,406,1978,1115
Pavagadh,2025-03-15,6,Saturday,1,0,0,Clear,20.6,1115,4013,2118
Pavagadh,2025-03-15,7,Saturday,1,0,0,Clear,22.7,2118,5618,2537
Pavagadh,2025-03-15,8,Saturday,1,0,0,Clear,24.3,2537,6558,2545
Pavagadh,2025-03-15,9,Saturday,1,0,0,Clear,26.3,2545,6951,2534
Pavagadh,2025-03-15,10,Saturday,1,0,0,Clear,27.4,2534,6719,2301
Pavagadh,2025-03-15,11,Saturday,1,0,0,Clear,28.4,2301,5647,1441
Pavagadh,2025-03-15,12,Saturday,1,0,0,Clear,30.5,1441,5273,1427
Pavagadh,2025-03-15,13,Saturday,1,0,0,Clear,30.2,1427,4321,1096
Pavagadh,2025-03-15,14,Saturday,1,0,0,Clear,31.8,1096,4436,1511
Pavagadh,2025-03-15,15,Saturday,1,0,0,Clear,30.2,1511,3757,1105
Pavagadh,2025-03-15,16,Saturday,1,0,0,Clear,28.8,1105,4762,1853
Pavagadh,2025-03-15,17,Saturday,1,0,0,Clear,28.1,1853,5751,2409
Pavagadh,2025-03-15,18,Saturday,1,0,0,Clear,29.1,2409,7292,2942
Pavagadh,2025-03-15,19,Saturday,1,0,0,Clear,26.0,2942,6906,1917
Pavagadh,2025-03-15,20,Saturday,1,0,0,Clear,24.4,1917,6560,1798
Pavagadh,2025-03-15,21,Saturday,1,0,0,Clear,22.3,1798,4958,1046
Pavagadh,2025-03-15,22,Saturday,1,0,0,Clear,21.5,1046,3444,503
Pavagadh,2025-03-15,23,Saturday,1,0,0,Clear,18.9,503,1990,145
Pavagadh,2025-03-16,0,Sunday,1,0,0,Clear,26.2,145,1152,80
Pavagadh,2025-03-16,1,Sunday,1,0,0,Clear,24.3,80,704,42
Pavagadh,2025-03-16,2,Sunday,1,0,0,Clear,25.2,42,449,52
Pavagadh,2025-03-16,3,Sunday,1,0,0,Clear,25.3,52,421,131
Pavagadh,2025-03-16,4,Sunday,1,0,0,Clear,25.2,131,1536,957
Pavagadh,2025-03-16,5,Sunday,1,0,0,Clear,27.0,957,4007,2325
Pavagadh,2025-03-16,6,Sunday,1,0,0,Clear,27.9,2325,7298,3611
Pavagadh,2025-03-16,7,Sunday,1,0,0,Clear,28.9,3611,8900,3771
Pavagadh,2025-03-16,8,Sunday,1,0,0,Clear,31.2,3771,10978,4678
Pavagadh,2025-03-16,9,Sunday,1,0,0,Clear,33.4,4678,10672,3552
Pavagadh,2025-03-16,10,Sunday,1,0,0,Clear,35.0,3552,9443,2952
Pavagadh,2025-03-16,11,Sunday,1,0,0,Clear,36.1,2952,8978,2573
Pavagadh,2025-03-16,12,Sunday,1,0,0,Clear,37.2,2573,7253,1474
Pavagadh,2025-03-16,13,Sunday,1,0,0,Clear,38.5,1474,6635,1801
Pavagadh,2025-03-16,14,Sunday,1,0,0,Clear,37.5,1801,6152,1825
Pavagadh,2025-03-16,15,Sunday,1,0,0,Clear,38.0,1825,7068,2784
Pavagadh,2025-03-16,16,Sunday,1,0,0,Clear,36.4,2784,7734,2756
Pavagadh,2025-03-16,17,Sunday,1,0,0,Clear,35.4,2756,9948,3946
Pavagadh,2025-03-16,18,Sunday,1,0,0,Clear,34.7,3946,11918,4607
Pavagadh,2025-03-16,19,Sunday,1,0,0,Clear,33.6,4607,10413,2995
Pavagadh,2025-03-16,20,Sunday,1,0,0,Clear,30.8,2995,8925,2425
Pavagadh,2025-03-16,21,Sunday,1,0,0,Clear,28.3,2425,7181,1777
Pavagadh,2025-03-16,22,Sunday,1,0,0,Clear,27.8,1777,4986,686
Pavagadh,2025-03-16,23,Sunday,1,0,0,Clear,24.8,686,3029,240
Pavagadh,2025-03-17,0,Monday,0,0,0,Clear,25.4,240,1726,33
Pavagadh,2025-03-17,1,Monday,0,0,0,Clear,24.1,33,1001,18
Pavagadh,2025-03-17,2,Monday,0,0,0,Clear,24.6,18,577,20
Pavagadh,2025-03-17,3,Monday,0,0,0,Clear,24.6,20,375,47
Pavagadh,2025-03-17,4,Monday,0,0,0,Clear,25.6,47,685,345
Pavagadh,2025-03-17,5,Monday,0,0,0,Clear,26.9,345,1383,737
Pavagadh,2025-03-17,6,Monday,0,0,0,Clear,27.0,737,2490,1271
Pavagadh,2025-03-17,7,Monday,0,0,0,Clear,28.3,1271,3599,1700
Pavagadh,2025-03-17,8,Monday,0,0,0,Clear,30.4,1700,4203,1649
Pavagadh,2025-03-17,9,Monday,0,0,0,Clear,31.9,1649,4677,1737
Pavagadh,2025-03-17,10,Monday,0,0,0,Clear,35.4,1737,4507,1379
Pavagadh,2025-03-17,11,Monday,0,0,0,Clear,35.1,1379,3835,948
Pavagadh,2025-03-17,12,Monday,0,0,0,Clear,36.0,948,3398,821
Pavagadh,2025-03-17,13,Monday,0,0,0,Clear,37.9,821,2855,712
Pavagadh,2025-03-17,14,Monday,0,0,0,Clear,37.4,712,2600,796
Pavagadh,2025-03-17,15,Monday,0,0,0,Clear,36.6,796,2925,1049
Pavagadh,2025-03-17,16,Monday,0,0,0,Clear,35.9,1049,3906,1629
Pavagadh,2025-03-17,17,Monday,0,0,0,Clear,35.9,1629,4552,1795
Pavagadh,2025-03-17,18,Monday,0,0,0,Clear,34.3,1795,4873,1752
Pavagadh,2025-03-17,19,Monday,0,0,0,Clear,32.7,1752,5328,1905
Pavagadh,2025-03-17,20,Monday,0,0,0,Clear,30.8,1905,4347,1127
Pavagadh,2025-03-17,21,Monday,0,0,0,Clear,28.9,1127,3333,742
Pavagadh,2025-03-17,22,Monday,0,0,0,Clear,27.2,742,2124,265
Pavagadh,2025-03-17,23,Monday,0,0,0,Clear,26.9,265,1283,97
Pavagadh,2025-03-18,0,Tuesday,0,0,0,Rainy,24.2,97,772,14
Pavagadh,2025-03-18,1,Tuesday,0,0,0,Rainy,24.5,14,460,12
Pavagadh,2025-03-18,2,Tuesday,0,0,0,Rainy,24.9,12,254,11
Pavagadh,2025-03-18,3,Tuesday,0,0,0,Rainy,24.3,11,172,24
Pavagadh,2025-03-18,4,Tuesday,0,0,0,Heavy Rain,24.4,24,253,119
Pavagadh,2025-03-18,5,Tuesday,0,0,0,Heavy Rain,26.4,119,433,214
Pavagadh,2025-03-18,6,Tuesday,0,0,0,Heavy Rain,26.6,214,835,451
Pavagadh,2025-03-18,7,Tuesday,0,0,0,Heavy Rain,28.6,451,1302,622
Pavagadh,2025-03-18,8,Tuesday,0,0,0,Heavy Rain,31.1,622,1476,576
Pavagadh,2025-03-18,9,Tuesday,0,0,0,Heavy Rain,32.2,576,1484,555
Pavagadh,2025-03-18,10,Tuesday,0,0,0,Heavy Rain,34.0,555,1296,391
Pavagadh,2025-03-18,11,Tuesday,0,0,0,Heavy Rain,35.4,391,1290,422
Pavagadh,2025-03-18,12,Tuesday,0,0,0,Heavy Rain,35.3,422,1007,231
Pavagadh,2025-03-18,13,Tuesday,0,0,0,Heavy Rain,36.9,231,861,217
Pavagadh,2025-03-18,14,Tuesday,0,0,0,Heavy Rain,37.6,217,869,277
Pavagadh,2025-03-18,15,Tuesday,0,0,0,Heavy Rain,36.6,277,1180,510
Pavagadh,2025-03-18,16,Tuesday,0,0,0,Heavy Rain,36.5,510,1407,559
Pavagadh,2025-03-18,17,Tuesday,0,0,0,Heavy Rain,34.7,559,1715,658
Pavagadh,2025-03-18,18,Tuesday,0,0,0,Heavy Rain,33.8,658,1956,753
Pavagadh,2025-03-18,19,Tuesday,0,0,0,Heavy Rain,32.6,753,1891,600
Pavagadh,2025-03-18,20,Tuesday,0,0,0,Heavy Rain,30.6,600,1593,424
Pavagadh,2025-03-18,21,Tuesday,0,0,0,Heavy Rain,28.1,424,1237,257
Pavagadh,2025-03-18,22,Tuesday,0,0,0,Rainy,26.7,257,930,172
Pavagadh,2025-03-18,23,Tuesday,0,0,0,Rainy,24.7,172,606,62
Pavagadh,2025-03-19,0,Wednesday,0,0,0,Rainy,29.8,62,379,17
Pavagadh,2025-03-19,1,Wednesday,0,0,0,Rainy,28.1,17,228,12
Pavagadh,2025-03-19,2,Wednesday,0,0,0,Rainy,29.2,12,142,10
Pavagadh,2025-03-19,3,Wednesday,0,0,0,Rainy,28.2,10,120,29
Pavagadh,2025-03-19,4,Wednesday,0,0,0,Rainy,29.5,29,363,217
Pavagadh,2025-03-19,5,Wednesday,0,0,0,Rainy,29.7,217,774,433
Pavagadh,2025-03-19,6,Wednesday,0,0,0,Rainy,32.5,433,1453,766
Pavagadh,2025-03-19,7,Wednesday,0,0,0,Rainy,33.2,766,2293,1127
Pavagadh,2025-03-19,8,Wednesday,0,0,0,Rainy,35.3,1127,2749,1035
Pavagadh,2025-03-19,9,Wednesday,0,0,0,Rainy,36.0,1035,2927,1046
Pavagadh,2025-03-19,10,Wednesday,0,0,0,Rainy,37.2,1046,2476,686
Pavagadh,2025-03-19,11,Wednesday,0,0,0,Rainy,39.9,686,2099,529
Pavagadh,2025-03-19,12,Wednesday,0,0,0,Rainy,40.5,529,1620,379
Pavagadh,2025-03-19,13,Wednesday,0,0,0,Rainy,40.5,379,1508,409
Pavagadh,2025-03-19,14,Wednesday,0,0,0,Heavy Rain,41.0,409,1152,260
Pavagadh,2025-03-19,15,Wednesday,0,0,0,Heavy Rain,40.9,260,1059,336
Pavagadh,2025-03-19,16,Wednesday,0,0,0,Heavy Rain,40.3,336,1192,463
Pavagadh,2025-03-19,17,Wednesday,0,0,0,Heavy Rain,38.9,463,1595,683
Pavagadh,2025-03-19,18,Wednesday,0,0,0,Rainy,38.2,683,2643,1278
Pavagadh,2025-03-19,19,Wednesday,0,0,0,Rainy,37.2,1278,2815,997
Pavagadh,2025-03-19,20,Wednesday,0,0,0,Rainy,34.2,997,2468,631
Pavagadh,2025-03-19,21,Wednesday,0,0,0,Rainy,32.8,631,1681,345
Pavagadh,2025-03-19,22,Wednesday,0,0,0,Rainy,32.6,345,1102,155
Pavagadh,2025-03-19,23,Wednesday,0,0,0,Rainy,30.6,155,690,50
Pavagadh,2025-03-20,0,Thursday,0,0,0,Sunny,24.1,50,410,28
Pavagadh,2025-03-20,1,Thursday,0,0,0,Sunny,23.7,28,239,22
Pavagadh,2025-03-20,2,Thursday,0,0,0,Sunny,23.8,22,165,18
Pavagadh,2025-03-20,3,Thursday,0,0,0,Sunny,24.5,18,150,44
Pavagadh,2025-03-20,4,Thursday,0,0,0,Sunny,24.9,44,568,367
Pavagadh,2025-03-20,5,Thursday,0,0,0,Sunny,25.9,367,1465,851
Pavagadh,2025-03-20,6,Thursday,0,0,0,Sunny,27.4,851,2792,1465
Pavagadh,2025-03-20,7,Thursday,0,0,0,Sunny,28.9,1465,3671,1585
Pavagadh,2025-03-20,8,Thursday,0,0,0,Sunny,29.7,1585,4583,1758
Pavagadh,2025-03-20,9,Thursday,0,0,0,Sunny,31.3,1758,4794,1654
Pavagadh,2025-03-20,10,Thursday,0,0,0,Sunny,34.3,1654,4663,1591
Pavagadh,2025-03-20,11,Thursday,0,0,0,Sunny,34.5,1591,3861,1006
Pavagadh,2025-03-20,12,Thursday,0,0,0,Sunny,35.6,1006,3081,776
Pavagadh,2025-03-20,13,Thursday,0,0,0,Sunny,36.1,776,2537,593
Pavagadh,2025-03-20,14,Thursday,0,0,0,Sunny,36.7,593,2375,769
Pavagadh,2025-03-20,15,Thursday,0,0,0,Sunny,35.6,769,2969,1246
Pavagadh,2025-03-20,16,Thursday,0,0,0,Sunny,37.5,1246,3782,1481
Pavagadh,2025-03-20,17,Thursday,0,0,0,Sunny,35.4,1481,4324,1708
Pavagadh,2025-03-20,18,Thursday,0,0,0,Sunny,32.8,1708,5214,2077
Pavagadh,2025-03-20,19,Thursday,0,0,0,Sunny,32.2,2077,5137,1643
Pavagadh,2025-03-20,20,Thursday,0,0,0,Sunny,29.8,1643,4501,1262
Pavagadh,2025-03-20,21,Thursday,0,0,0,Sunny,28.4,1262,3427,710
Pavagadh,2025-03-20,22,Thursday,0,0,0,Sunny,25.7,710,2430,316
Pavagadh,2025-03-20,23,Thursday,0,0,0,Sunny,24.3,316,1582,82
Pavagadh,2025-03-21,0,Friday,0,0,0,Clear,29.9,82,901,29
Pavagadh,2025-03-21,1,Friday,0,0,0,Clear,30.1,29,540,22
Pavagadh,2025-03-21,2,Friday,0,0,0,Clear,30.3,22,328,20
Pavagadh,2025-03-21,3,Friday,0,0,0,Clear,30.1,20,248,49
Pavagadh,2025-03-21,4,Friday,0,0,0,Clear,31.3,49,639,367
Pavagadh,2025-03-21,5,Friday,0,0,0,Clear,31.1,367,1695,1017
Pavagadh,2025-03-21,6,Friday,0,0,0,Clear,32.6,1017,2567,1235
Pavagadh,2025-03-21,7,Friday,0,0,0,Clear,33.8,1235,3757,1799
Pavagadh,2025-03-21,8,Friday,0,0,0,Clear,35.9,1799,4792,2136
Pavagadh,2025-03-21,9,Friday,0,0,0,Clear,37.3,2136,5980,2445
Pavagadh,2025-03-21,10,Friday,0,0,0,Clear,38.1,2445,5072,1293
Pavagadh,2025-03-21,11,Friday,0,0,0,Clear,40.7,1293,4676,1171
Pavagadh,2025-03-21,12,Friday,0,0,0,Clear,41.0,1171,3828,847
Pavagadh,2025-03-21,13,Friday,0,0,0,Clear,41.0,847,3210,868
Pavagadh,2025-03-21,14,Friday,0,0,0,Clear,41.0,868,3046,921
Pavagadh,2025-03-21,15,Friday,0,0,0,Clear,41.0,921,3294,1182
Pavagadh,2025-03-21,16,Friday,0,0,0,Clear,41.0,1182,3480,1250
Pavagadh,2025-03-21,17,Friday,0,0,0,Clear,40.1,1250,4791,2100
Pavagadh,2025-03-21,18,Friday,0,0,0,Clear,39.2,2100,6070,2545
Pavagadh,2025-03-21,19,Friday,0,0,0,Clear,36.8,2545,5832,1702
Pavagadh,2025-03-21,20,Friday,0,0,0,Clear,34.8,1702,5049,1296
Pavagadh,2025-03-21,21,Friday,0,0,0,Clear,35.8,1296,3989,884
Pavagadh,2025-03-21,22,Friday,0,0,0,Clear,32.9,884,2431,261
Pavagadh,2025-03-21,23,Friday,0,0,0,Clear,31.6,261,1506,111
Pavagadh,2025-03-22,0,Saturday,1,0,0,Clear,28.5,111,895,46
Pavagadh,2025-03-22,1,Saturday,1,0,0,Clear,27.2,46,502,30
Pavagadh,2025-03-22,2,Saturday,1,0,0,Clear,27.2,30,321,35
Pavagadh,2025-03-22,3,Saturday,1,0,0,Clear,28.2,35,277,77
Pavagadh,2025-03-22,4,Saturday,1,0,0,Clear,27.9,77,838,507
Pavagadh,2025-03-22,5,Saturday,1,0,0,Clear,29.9,507,2038,1157
Pavagadh,2025-03-22,6,Saturday,1,0,0,Clear,30.0,1157,4132,2277
Pavagadh,2025-03-22,7,Saturday,1,0,0,Clear,33.1,2277,5766,2745
Pavagadh,2025-03-22,8,Saturday,1,0,0,Clear,34.7,2745,7649,3169
Pavagadh,2025-03-22,9,Saturday,1,0,0,Clear,35.5,3169,7813,2563
Pavagadh,2025-03-22,10,Saturday,1,0,0,Clear,38.0,2563,7223,2235
Pavagadh,2025-03-22,11,Saturday,1,0,0,Clear,39.5,2235,6600,1969
Pavagadh,2025-03-22,12,Saturday,1,0,0,Clear,39.5,1969,5382,1114
Pavagadh,2025-03-22,13,Saturday,1,0,0,Clear,41.0,1114,4363,1061
Pavagadh,2025-03-22,14,Saturday,1,0,0,Clear,39.8,1061,3983,1279
Pavagadh,2025-03-22,15,Saturday,1,0,0,Clear,40.8,1279,4686,1928
Pavagadh,2025-03-22,16,Saturday,1,0,0,Clear,40.1,1928,5959,2484
Pavagadh,2025-03-22,17,Saturday,1,0,0,Clear,38.6,2484,7132,2739
Pavagadh,2025-03-22,18,Saturday,1,0,0,Clear,37.7,2739,8149,2963
Pavagadh,2025-03-22,19,Saturday,1,0,0,Clear,36.3,2963,7465,2105
Pavagadh,2025-03-22,20,Saturday,1,0,0,Clear,34.8,2105,5762,1572
Pavagadh,2025-03-22,21,Saturday,1,0,0,Clear,31.9,1572,4748,1051
Pavagadh,2025-03-22,22,Saturday,1,0,0,Clear,30.4,1051,2891,487
Pavagadh,2025-03-22,23,Saturday,1,0,0,Clear,29.7,487,1953,145
Pavagadh,2025-03-23,0,Sunday,1,0,0,Clear,19.9,145,1069,64
Pavagadh,2025-03-23,1,Sunday,1,0,0,Clear,21.8,64,641,44
Pavagadh,2025-03-23,2,Sunday,1,0,0,Clear,20.2,44,425,40
Pavagadh,2025-03-23,3,Sunday,1,0,0,Clear,20.8,40,391,127
Pavagadh,2025-03-23,4,Sunday,1,0,0,Clear,21.8,127,1426,899
Pavagadh,2025-03-23,5,Sunday,1,0,0,Clear,22.7,899,3099,1761
Pavagadh,2025-03-23,6,Sunday,1,0,0,Clear,23.4,1761,5621,2896
Pavagadh,2025-03-23,7,Sunday,1,0,0,Clear,25.7,2896,7307,3173
Pavagadh,2025-03-23,8,Sunday,1,0,0,Clear,26.4,3173,9024,3830
Pavagadh,2025-03-23,9,Sunday,1,0,0,Clear,28.6,3830,10440,3993
Pavagadh,2025-03-23,10,Sunday,1,0,0,Clear,30.3,3993,11055,3429
Pavagadh,2025-03-23,11,Sunday,1,0,0,Clear,31.6,3429,10363,2955
Pavagadh,2025-03-23,12,Sunday,1,0,0,Clear,33.7,2955,8085,1945
Pavagadh,2025-03-23,13,Sunday,1,0,0,Clear,33.5,1945,6842,1640
Pavagadh,2025-03-23,14,Sunday,1,0,0,Clear,33.0,1640,6800,2249
Pavagadh,2025-03-23,15,Sunday,1,0,0,Clear,33.8,2249,7266,2595
Pavagadh,2025-03-23,16,Sunday,1,0,0,Clear,32.7,2595,9210,3572
Pavagadh,2025-03-23,17,Sunday,1,0,0,Clear,30.3,3572,10969,4365
Pavagadh,2025-03-23,18,Sunday,1,0,0,Clear,30.1,4365,10714,3338
Pavagadh,2025-03-23,19,Sunday,1,0,0,Clear,28.5,3338,10347,3290
Pavagadh,2025-03-23,20,Sunday,1,0,0,Clear,26.7,3290,8703,2213
Pavagadh,2025-03-23,21,Sunday,1,0,0,Clear,25.5,2213,6861,1490
Pavagadh,2025-03-23,22,Sunday,1,0,0,Clear,23.6,1490,4798,773
Pavagadh,2025-03-23,23,Sunday,1,0,0,Clear,22.6,773,3194,219
Pavagadh,2025-03-24,0,Monday,0,0,0,Clear,20.7,219,1682,26
Pavagadh,2025-03-24,1,Monday,0,0,0,Clear,20.5,26,909,13
Pavagadh,2025-03-24,2,Monday,0,0,0,Clear,19.1,13,471,19
Pavagadh,2025-03-24,3,Monday,0,0,0,Clear,20.4,19,307,51
Pavagadh,2025-03-24,4,Monday,0,0,0,Clear,20.9,51,655,354
Pavagadh,2025-03-24,5,Monday,0,0,0,Clear,21.0,354,1180,587
Pavagadh,2025-03-24,6,Monday,0,0,0,Clear,22.7,587,2295,1204
Pavagadh,2025-03-24,7,Monday,0,0,0,Clear,24.1,1204,3430,1564
Pavagadh,2025-03-24,8,Monday,0,0,0,Clear,25.7,1564,4014,1655
Pavagadh,2025-03-24,9,Monday,0,0,0,Clear,27.8,1655,4802,1807
Pavagadh,2025-03-24,10,Monday,0,0,0,Clear,30.0,1807,4622,1418
Pavagadh,2025-03-24,11,Monday,0,0,0,Clear,30.8,1418,3895,1124
Pavagadh,2025-03-24,12,Monday,0,0,0,Clear,31.7,1124,3044,752
Pavagadh,2025-03-24,13,Monday,0,0,0,Clear,32.2,752,2595,611
Pavagadh,2025-03-24,14,Monday,0,0,0,Clear,34.1,611,2554,804
Pavagadh,2025-03-24,15,Monday,0,0,0,Clear,32.6,804,2444,816
Pavagadh,2025-03-24,16,Monday,0,0,0,Clear,32.1,816,3229,1401
Pavagadh,2025-03-24,17,Monday,0,0,0,Clear,31.1,1401,3961,1596
Pavagadh,2025-03-24,18,Monday,0,0,0,Clear,29.0,1596,4869,2040
Pavagadh,2025-03-24,19,Monday,0,0,0,Clear,29.5,2040,4590,1464
Pavagadh,2025-03-24,20,Monday,0,0,0,Clear,26.2,1464,4055,1077
Pavagadh,2025-03-24,21,Monday,0,0,0,Clear,24.8,1077,3293,749
Pavagadh,2025-03-24,22,Monday,0,0,0,Clear,23.2,749,2322,298
Pavagadh,2025-03-24,23,Monday,0,0,0,Clear,22.2,298,1436,98
Pavagadh,2025-03-25,0,Tuesday,0,0,0,Sunny,23.7,98,826,28
Pavagadh,2025-03-25,1,Tuesday,0,0,0,Sunny,21.3,28,479,17
Pavagadh,2025-03-25,2,Tuesday,0,0,0,Sunny,22.0,17,281,16
Pavagadh,2025-03-25,3,Tuesday,0,0,0,Sunny,23.2,16,225,51
Pavagadh,2025-03-25,4,Tuesday,0,0,0,Sunny,23.0,51,520,293
Pavagadh,2025-03-25,5,Tuesday,0,0,0,Sunny,24.6,293,1213,691
Pavagadh,2025-03-25,6,Tuesday,0,0,0,Sunny,26.1,691,2335,1245
Pavagadh,2025-03-25,7,Tuesday,0,0,0,Sunny,26.4,1245,3189,1336
Pavagadh,2025-03-25,8,Tuesday,0,0,0,Sunny,28.1,1336,4159,1894
Pavagadh,2025-03-25,9,Tuesday,0,0,0,Sunny,30.4,1894,4353,1379
Pavagadh,2025-03-25,10,Tuesday,0,0,0,Sunny,32.5,1379,3893,1193
Pavagadh,2025-03-25,11,Tuesday,0,0,0,Sunny,34.2,1193,3392,945
Pavagadh,2025-03-25,12,Tuesday,0,0,0,Sunny,34.7,945,2965,762
Pavagadh,2025-03-25,13,Tuesday,0,0,0,Sunny,35.0,762,2337,567
Pavagadh,2025-03-25,14,Tuesday,0,0,0,Sunny,35.9,567,2416,828
Pavagadh,2025-03-25,15,Tuesday,0,0,0,Sunny,34.2,828,2661,1053
Pavagadh,2025-03-25,16,Tuesday,0,0,0,Sunny,34.5,1053,3210,1298
Pavagadh,2025-03-25,17,Tuesday,0,0,0,Sunny,34.4,1298,3654,1462
Pavagadh,2025-03-25,18,Tuesday,0,0,0,Sunny,32.3,1462,4660,1916
Pavagadh,2025-03-25,19,Tuesday,0,0,0,Sunny,30.9,1916,4924,1640
Pavagadh,2025-03-25,20,Tuesday,0,0,0,Sunny,29.6,1640,4044,911
Pavagadh,2025-03-25,21,Tuesday,0,0,0,Sunny,27.3,911,2935,583
Pavagadh,2025-03-25,22,Tuesday,0,0,0,Sunny,25.7,583,1956,243
Pavagadh,2025-03-25,23,Tuesday,0,0,0,Sunny,24.3,243,1227,90
Pavagadh,2025-03-26,0,Wednesday,0,0,0,Clear,20.5,90,717,29
Pavagadh,2025-03-26,1,Wednesday,0,0,0,Clear,20.9,29,397,21
Pavagadh,2025-03-26,2,Wednesday,0,0,0,Clear,20.8,21,247,16
Pavagadh,2025-03-26,3,Wednesday,0,0,0,Clear,19.7,16,207,49
Pavagadh,2025-03-26,4,Wednesday,0,0,0,Clear,21.1,49,534,315
Pavagadh,2025-03-26,5,Wednesday,0,0,0,Clear,23.0,315,1277,739
Pavagadh,2025-03-26,6,Wednesday,0,0,0,Clear,23.3,739,2627,1375
Pavagadh,2025-03-26,7,Wednesday,0,0,0,Clear,26.0,1375,3615,1625
Pavagadh,2025-03-26,8,Wednesday,0,0,0,Clear,27.5,1625,4296,1723
Pavagadh,2025-03-26,9,Wednesday,0,0,0,Clear,30.0,1723,4431,1505
Pavagadh,2025-03-26,10,Wednesday,0,0,0,Clear,30.7,1505,4261,1241
Pavagadh,2025-03-26,11,Wednesday,0,0,0,Clear,32.2,1241,3780,1048
Pavagadh,2025-03-26,12,Wednesday,0,0,0,Clear,33.0,1048,3057,603
Pavagadh,2025-03-26,13,Wednesday,0,0,0,Clear,34.5,603,2571,726
Pavagadh,2025-03-26,14,Wednesday,0,0,0,Clear,35.0,726,2785,961
Pavagadh,2025-03-26,15,Wednesday,0,0,0,Clear,34.9,961,2926,1081
Pavagadh,2025-03-26,16,Wednesday,0,0,0,Clear,33.5,1081,3108,1146
Pavagadh,2025-03-26,17,Wednesday,0,0,0,Clear,32.3,1146,3967,1643
Pavagadh,2025-03-26,18,Wednesday,0,0,0,Clear,29.7,1643,4549,1709
Pavagadh,2025-03-26,19,Wednesday,0,0,0,Clear,29.6,1709,4660,1575
Pavagadh,2025-03-26,20,Wednesday,0,0,0,Clear,27.2,1575,4061,1138
Pavagadh,2025-03-26,21,Wednesday,0,0,0,Clear,26.3,1138,3115,658
Pavagadh,2025-03-26,22,Wednesday,0,0,0,Clear,23.7,658,2174,306
Pavagadh,2025-03-26,23,Wednesday,0,0,0,Clear,24.0,306,1360,95
Pavagadh,2025-03-27,0,Thursday,0,0,0,Sunny,19.9,95,802,31
Pavagadh,2025-03-27,1,Thursday,0,0,0,Sunny,20.0,31,456,24
Pavagadh,2025-03-27,2,Thursday,0,0,0,Sunny,19.8,24,303,20
Pavagadh,2025-03-27,3,Thursday,0,0,0,Sunny,19.9,20,241,50
Pavagadh,2025-03-27,4,Thursday,0,0,0,Sunny,20.7,50,651,388
Pavagadh,2025-03-27,5,Thursday,0,0,0,Sunny,20.9,388,1484,860
Pavagadh,2025-03-27,6,Thursday,0,0,0,Sunny,22.5,860,2537,1280
Pavagadh,2025-03-27,7,Thursday,0,0,0,Sunny,25.1,1280,3631,1676
Pavagadh,2025-03-27,8,Thursday,0,0,0,Sunny,25.5,1676,4519,1782
Pavagadh,2025-03-27,9,Thursday,0,0,0,Sunny,27.7,1782,4440,1512
Pavagadh,2025-03-27,10,Thursday,0,0,0,Sunny,29.4,1512,4181,1354
Pavagadh,2025-03-27,11,Thursday,0,0,0,Sunny,31.2,1354,4079,1314
Pavagadh,2025-03-27,12,Thursday,0,0,0,Sunny,31.8,1314,3206,652
Pavagadh,2025-03-27,13,Thursday,0,0,0,Sunny,32.6,652,2544,627
Pavagadh,2025-03-27,14,Thursday,0,0,0,Sunny,33.6,627,2454,829
Pavagadh,2025-03-27,15,Thursday,0,0,0,Sunny,32.8,829,2775,1053
Pavagadh,2025-03-27,16,Thursday,0,0,0,Sunny,32.2,1053,2721,987
Pavagadh,2025-03-27,17,Thursday,0,0,0,Sunny,31.4,987,3692,1650
Pavagadh,2025-03-27,18,Thursday,0,0,0,Sunny,28.4,1650,4571,1858
Pavagadh,2025-03-27,19,Thursday,0,0,0,Sunny,28.5,1858,4579,1558
Pavagadh,2025-03-27,20,Thursday,0,0,0,Sunny,26.1,1558,4353,1276
Pavagadh,2025-03-27,21,Thursday,0,0,0,Sunny,24.5,1276,3234,674
Pavagadh,2025-03-27,22,Thursday,0,0,0,Sunny,21.9,674,2140,242
Pavagadh,2025-03-27,23,Thursday,0,0,0,Sunny,21.5,242,1353,106
Pavagadh,2025-03-28,0,Friday,0,0,0,Clear,29.1,106,781,29
Pavagadh,2025-03-28,1,Friday,0,0,0,Clear,26.9,29,486,22
Pavagadh,2025-03-28,2,Friday,0,0,0,Clear,27.8,22,303,24
Pavagadh,2025-03-28,3,Friday,0,0,0,Clear,27.6,24,248,53
Pavagadh,2025-03-28,4,Friday,0,0,0,Clear,29.0,53,606,355
Pavagadh,2025-03-28,5,Friday,0,0,0,Clear,29.8,355,1362,764
Pavagadh,2025-03-28,6,Friday,0,0,0,Clear,30.2,764,3001,1671
Pavagadh,2025-03-28,7,Friday,0,0,0,Clear,32.7,1671,3897,1681
Pavagadh,2025-03-28,8,Friday,0,0,0,Clear,34.4,1681,4656,1878
Pavagadh,2025-03-28,9,Friday,0,0,0,Clear,36.9,1878,4557,1461
Pavagadh,2025-03-28,10,Friday,0,0,0,Clear,37.2,1461,4908,1796
Pavagadh,2025-03-28,11,Friday,0,0,0,Clear,38.4,1796,4399,1224
Pavagadh,2025-03-28,12,Friday,0,0,0,Clear,41.0,1224,3191,679
Pavagadh,2025-03-28,13,Friday,0,0,0,Clear,41.0,679,2617,638
Pavagadh,2025-03-28,14,Friday,0,0,0,Clear,40.7,638,2588,860
Pavagadh,2025-03-28,15,Friday,0,0,0,Clear,40.6,860,3359,1364
Pavagadh,2025-03-28,16,Friday,0,0,0,Clear,40.4,1364,3950,1540
Pavagadh,2025-03-28,17,Friday,0,0,0,Clear,39.6,1540,5207,2218
Pavagadh,2025-03-28,18,Friday,0,0,0,Clear,38.6,2218,5697,1978
Pavagadh,2025-03-28,19,Friday,0,0,0,Clear,36.5,1978,5364,1625
Pavagadh,2025-03-28,20,Friday,0,0,0,Clear,34.6,1625,4668,1289
Pavagadh,2025-03-28,21,Friday,0,0,0,Clear,31.7,1289,3487,704
Pavagadh,2025-03-28,22,Friday,0,0,0,Clear,30.7,704,2419,296
Pavagadh,2025-03-28,23,Friday,0,0,0,Clear,29.6,296,1537,142
Pavagadh,2025-03-29,0,Saturday,1,0,0,Clear,28.2,142,964,47
Pavagadh,2025-03-29,1,Saturday,1,0,0,Clear,27.8,47,580,32
Pavagadh,2025-03-29,2,Saturday,1,0,0,Clear,27.6,32,344,30
Pavagadh,2025-03-29,3,Saturday,1,0,0,Clear,27.9,30,303,82
Pavagadh,2025-03-29,4,Saturday,1,0,0,Clear,28.7,82,951,580
Pavagadh,2025-03-29,5,Saturday,1,0,0,Clear,29.6,580,2207,1245
Pavagadh,2025-03-29,6,Saturday,1,0,0,Clear,30.8,1245,4143,2171
Pavagadh,2025-03-29,7,Saturday,1,0,0,Clear,32.4,2171,5852,2633
Pavagadh,2025-03-29,8,Saturday,1,0,0,Clear,33.6,2633,7467,2927
Pavagadh,2025-03-29,9,Saturday,1,0,0,Clear,35.4,2927,7865,2361
Pavagadh,2025-03-29,10,Saturday,1,0,0,Clear,37.1,2361,7628,2483
Pavagadh,2025-03-29,11,Saturday,1,0,0,Clear,39.0,2483,6608,1721
Pavagadh,2025-03-29,12,Saturday,1,0,0,Clear,39.1,1721,5239,1243
Pavagadh,2025-03-29,13,Saturday,1,0,0,Clear,39.6,1243,4221,1217
Pavagadh,2025-03-29,14,Saturday,1,0,0,Clear,41.0,1217,4041,1391
Pavagadh,2025-03-29,15,Saturday,1,0,0,Clear,41.0,1391,4207,1528
Pavagadh,2025-03-29,16,Saturday,1,0,0,Clear,39.0,1528,4910,1987
Pavagadh,2025-03-29,17,Saturday,1,0,0,Clear,39.5,1987,6781,3147
Pavagadh,2025-03-29,18,Saturday,1,0,0,Clear,37.8,3147,6990,2377
Pavagadh,2025-03-29,19,Saturday,1,0,0,Clear,37.3,2377,6301,1964
Pavagadh,2025-03-29,20,Saturday,1,0,0,Clear,34.7,1964,6028,2019
Pavagadh,2025-03-29,21,Saturday,1,0,0,Clear,33.5,2019,4896,965
Pavagadh,2025-03-29,22,Saturday,1,0,0,Clear,31.3,965,3460,531
Pavagadh,2025-03-29,23,Saturday,1,0,0,Clear,30.0,531,2236,166
Pavagadh,2025-03-30,0,Sunday,1,1,1,Clear,23.5,166,1389,146
Pavagadh,2025-03-30,1,Sunday,1,1,1,Clear,22.8,146,941,115
Pavagadh,2025-03-30,2,Sunday,1,1,1,Clear,23.3,115,620,105
Pavagadh,2025-03-30,3,Sunday,1,1,1,Clear,23.0,105,663,247
Pavagadh,2025-03-30,4,Sunday,1,1,1,Clear,22.7,247,2843,1852
Pavagadh,2025-03-30,5,Sunday,1,1,1,Clear,24.6,1852,6381,3598
Pavagadh,2025-03-30,6,Sunday,1,1,1,Clear,26.3,3598,11286,5781
Pavagadh,2025-03-30,7,Sunday,1,1,1,Clear,28.0,5781,15129,6823
Pavagadh,2025-03-30,8,Sunday,1,1,1,Clear,29.7,6823,21151,9453
Pavagadh,2025-03-30,9,Sunday,1,1,1,Clear,31.1,9453,22728,8394
Pavagadh,2025-03-30,10,Sunday,1,1,1,Clear,32.5,8394,20490,6102
Pavagadh,2025-03-30,11,Sunday,1,1,1,Clear,34.4,6102,19088,5433
Pavagadh,2025-03-30,12,Sunday,1,1,1,Clear,35.6,5433,15721,3655
Pavagadh,2025-03-30,13,Sunday,1,1,1,Clear,36.3,3655,11669,2536
Pavagadh,2025-03-30,14,Sunday,1,1,1,Clear,36.3,2536,11630,3651
Pavagadh,2025-03-30,15,Sunday,1,1,1,Clear,36.1,3651,15206,6496
Pavagadh,2025-03-30,16,Sunday,1,1,1,Clear,34.8,6496,17102,6318
Pavagadh,2025-03-30,17,Sunday,1,1,1,Clear,33.6,6318,20219,7648
Pavagadh,2025-03-30,18,Sunday,1,1,1,Clear,32.5,7648,21891,8619
Pavagadh,2025-03-30,19,Sunday,1,1,1,Clear,31.3,8619,21215,7202
Pavagadh,2025-03-30,20,Sunday,1,1,1,Clear,30.1,7202,19986,5504
Pavagadh,2025-03-30,21,Sunday,1,1,1,Clear,27.0,5504,15385,3464
Pavagadh,2025-03-30,22,Sunday,1,1,1,Clear,26.0,3464,10612,1523
Pavagadh,2025-03-30,23,Sunday,1,1,1,Clear,24.5,1523,6148,433
Pavagadh,2025-03-31,0,Monday,0,1,0,Clear,30.0,433,3286,34
Pavagadh,2025-03-31,1,Monday,0,1,0,Clear,30.3,34,1675,30
Pavagadh,2025-03-31,2,Monday,0,1,0,Clear,27.8,30,1011,25
Pavagadh,2025-03-31,3,Monday,0,1,0,Clear,29.1,25,652,66
Pavagadh,2025-03-31,4,Monday,0,1,0,Clear,29.8,66,879,403
Pavagadh,2025-03-31,5,Monday,0,1,0,Clear,30.8,403,1994,1068
Pavagadh,2025-03-31,6,Monday,0,1,0,Clear,32.2,1068,3758,2017
Pavagadh,2025-03-31,7,Monday,0,1,0,Clear,34.0,2017,6298,3200
Pavagadh,2025-03-31,8,Monday,0,1,0,Clear,35.6,3200,7512,2918
Pavagadh,2025-03-31,9,Monday,0,1,0,Clear,37.2,2918,7410,2442
Pavagadh,2025-03-31,10,Monday,0,1,0,Clear,38.5,2442,6895,1938
Pavagadh,2025-03-31,11,Monday,0,1,0,Clear,40.5,1938,6234,1690
Pavagadh,2025-03-31,12,Monday,0,1,0,Clear,41.0,1690,5354,1195
Pavagadh,2025-03-31,13,Monday,0,1,0,Clear,41.0,1195,4367,1137
Pavagadh,2025-03-31,14,Monday,0,1,0,Clear,41.0,1137,4258,1286
Pavagadh,2025-03-31,15,Monday,0,1,0,Clear,41.0,1286,4470,1593
Pavagadh,2025-03-31,16,Monday,0,1,0,Clear,41.0,1593,4408,1554
Pavagadh,2025-03-31,17,Monday,0,1,0,Clear,40.1,1554,6123,2868
Pavagadh,2025-03-31,18,Monday,0,1,0,Clear,39.7,2868,6434,2205
Pavagadh,2025-03-31,19,Monday,0,1,0,Clear,36.7,2205,6893,2505
Pavagadh,2025-03-31,20,Monday,0,1,0,Clear,36.7,2505,5863,1622
Pavagadh,2025-03-31,21,Monday,0,1,0,Clear,33.1,1622,4693,1030
Pavagadh,2025-03-31,22,Monday,0,1,0,Clear,32.2,1030,3029,489
Pavagadh,2025-03-31,23,Monday,0,1,0,Clear,30.7,489,1967,140
Pavagadh,2025-04-01,0,Tuesday,0,0,0,Clear,29.8,140,1097,25
Pavagadh,2025-04-01,1,Tuesday,0,0,0,Clear,29.6,25,647,15
Pavagadh,2025-04-01,2,Tuesday,0,0,0,Clear,29.9,15,377,19
Pavagadh,2025-04-01,3,Tuesday,0,0,0,Clear,28.7,19,256,41
Pavagadh,2025-04-01,4,Tuesday,0,0,0,Clear,29.5,41,600,332
Pavagadh,2025-04-01,5,Tuesday,0,0,0,Clear,29.3,332,1017,489
Pavagadh,2025-04-01,6,Tuesday,0,0,0,Clear,31.9,489,2188,1196
Pavagadh,2025-04-01,7,Tuesday,0,0,0,Clear,33.4,1196,3775,1883
Pavagadh,2025-04-01,8,Tuesday,0,0,0,Clear,34.9,1883,4152,1549
Pavagadh,2025-04-01,9,Tuesday,0,0,0,Clear,36.5,1549,4682,1766
Pavagadh,2025-04-01,10,Tuesday,0,0,0,Clear,37.8,1766,4495,1285
Pavagadh,2025-04-01,11,Tuesday,0,0,0,Clear,40.6,1285,3574,918
Pavagadh,2025-04-01,12,Tuesday,0,0,0,Clear,41.0,918,2778,575
Pavagadh,2025-04-01,13,Tuesday,0,0,0,Clear,41.0,575,2414,716
Pavagadh,2025-04-01,14,Tuesday,0,0,0,Clear,41.0,716,2461,800
Pavagadh,2025-04-01,15,Tuesday,0,0,0,Clear,41.0,800,2752,1018
Pavagadh,2025-04-01,16,Tuesday,0,0,0,Clear,41.0,1018,2898,1075
Pavagadh,2025-04-01,17,Tuesday,0,0,0,Clear,39.1,1075,3200,1140
Pavagadh,2025-04-01,18,Tuesday,0,0,0,Clear,39.4,1140,4253,1822
Pavagadh,2025-04-01,19,Tuesday,0,0,0,Clear,37.0,1822,4438,1408
Pavagadh,2025-04-01,20,Tuesday,0,0,0,Clear,36.1,1408,3897,978
Pavagadh,2025-04-01,21,Tuesday,0,0,0,Clear,34.2,978,3077,661
Pavagadh,2025-04-01,22,Tuesday,0,0,0,Clear,32.1,661,1855,219
Pavagadh,2025-04-01,23,Tuesday,0,0,0,Clear,31.0,219,1053,77
Pavagadh,2025-04-02,0,Wednesday,0,0,0,Sunny,18.0,77,624,25
Pavagadh,2025-04-02,1,Wednesday,0,0,0,Sunny,18.0,25,363,20
Pavagadh,2025-04-02,2,Wednesday,0,0,0,Sunny,18.0,20,231,20
Pavagadh,2025-04-02,3,Wednesday,0,0,0,Sunny,18.0,20,177,46
Pavagadh,2025-04-02,4,Wednesday,0,0,0,Sunny,18.0,46,496,290
Pavagadh,2025-04-02,5,Wednesday,0,0,0,Sunny,18.0,290,1184,679
Pavagadh,2025-04-02,6,Wednesday,0,0,0,Sunny,19.5,679,2340,1261
Pavagadh,2025-04-02,7,Wednesday,0,0,0,Sunny,22.5,1261,2945,1198
Pavagadh,2025-04-02,8,Wednesday,0,0,0,Sunny,23.1,1198,3861,1642
Pavagadh,2025-04-02,9,Wednesday,0,0,0,Sunny,25.5,1642,4283,1521
Pavagadh,2025-04-02,10,Wednesday,0,0,0,Sunny,26.5,1521,3836,1104
Pavagadh,2025-04-02,11,Wednesday,0,0,0,Sunny,28.5,1104,3316,978
Pavagadh,2025-04-02,12,Wednesday,0,0,0,Sunny,29.3,978,2758,744
Pavagadh,2025-04-02,13,Wednesday,0,0,0,Sunny,29.4,744,2344,612
Pavagadh,2025-04-02,14,Wednesday,0,0,0,Sunny,30.2,612,2310,723
Pavagadh,2025-04-02,15,Wednesday,0,0,0,Sunny,29.3,723,2998,1200
Pavagadh,2025-04-02,16,Wednesday,0,0,0,Sunny,28.4,1200,3239,1118
Pavagadh,2025-04-02,17,Wednesday,0,0,0,Sunny,28.0,1118,4041,1717
Pavagadh,2025-04-02,18,Wednesday,0,0,0,Sunny,26.4,1717,4512,1671
Pavagadh,2025-04-02,19,Wednesday,0,0,0,Sunny,24.1,1671,4232,1412
Pavagadh,2025-04-02,20,Wednesday,0,0,0,Sunny,22.8,1412,3816,1059
Pavagadh,2025-04-02,21,Wednesday,0,0,0,Sunny,21.8,1059,2868,685
Pavagadh,2025-04-02,22,Wednesday,0,0,0,Sunny,20.6,685,1867,248
Pavagadh,2025-04-02,23,Wednesday,0,0,0,Sunny,18.6,248,1162,86
Pavagadh,2025-04-03,0,Thursday,0,0,0,Clear,26.7,86,706,27
Pavagadh,2025-04-03,1,Thursday,0,0,0,Clear,25.8,27,393,18
Pavagadh,2025-04-03,2,Thursday,0,0,0,Clear,25.3,18,230,16
Pavagadh,2025-04-03,3,Thursday,0,0,0,Clear,27.1,16,203,51
Pavagadh,2025-04-03,4,Thursday,0,0,0,Clear,26.2,51,462,258
Pavagadh,2025-04-03,5,Thursday,0,0,0,Clear,28.9,258,1145,659
Pavagadh,2025-04-03,6,Thursday,0,0,0,Clear,28.3,659,2328,1261
Pavagadh,2025-04-03,7,Thursday,0,0,0,Clear,29.6,1261,3095,1397
Pavagadh,2025-04-03,8,Thursday,0,0,0,Clear,31.6,1397,3877,1579
Pavagadh,2025-04-03,9,Thursday,0,0,0,Clear,33.9,1579,4474,1763
Pavagadh,2025-04-03,10,Thursday,0,0,0,Clear,36.1,1763,4518,1384
Pavagadh,2025-04-03,11,Thursday,0,0,0,Clear,36.8,1384,3891,1129
Pavagadh,2025-04-03,12,Thursday,0,0,0,Clear,39.3,1129,3068,657
Pavagadh,2025-04-03,13,Thursday,0,0,0,Clear,39.9,657,2500,565
Pavagadh,2025-04-03,14,Thursday,0,0,0,Clear,38.6,565,2657,1046
Pavagadh,2025-04-03,15,Thursday,0,0,0,Clear,38.1,1046,2590,895
Pavagadh,2025-04-03,16,Thursday,0,0,0,Clear,38.6,895,3768,1675
Pavagadh,2025-04-03,17,Thursday,0,0,0,Clear,37.4,1675,4275,1678
Pavagadh,2025-04-03,18,Thursday,0,0,0,Clear,36.1,1678,4764,1771
Pavagadh,2025-04-03,19,Thursday,0,0,0,Clear,33.8,1771,4365,1290
Pavagadh,2025-04-03,20,Thursday,0,0,0,Clear,32.5,1290,3713,1040
Pavagadh,2025-04-03,21,Thursday,0,0,0,Clear,31.2,1040,3163,688
Pavagadh,2025-04-03,22,Thursday,0,0,0,Clear,30.0,688,2050,242
Pavagadh,2025-04-03,23,Thursday,0,0,0,Clear,27.0,242,1353,75
Pavagadh,2025-04-04,0,Friday,0,0,0,Clear,27.6,75,725,39
Pavagadh,2025-04-04,1,Friday,0,0,0,Clear,26.7,39,435,21
Pavagadh,2025-04-04,2,Friday,0,0,0,Clear,27.8,21,273,26
Pavagadh,2025-04-04,3,Friday,0,0,0,Clear,27.1,26,212,43
Pavagadh,2025-04-04,4,Friday,0,0,0,Clear,27.2,43,675,416
Pavagadh,2025-04-04,5,Friday,0,0,0,Clear,28.2,416,1554,908
Pavagadh,2025-04-04,6,Friday,0,0,0,Clear,29.1,908,2669,1323
Pavagadh,2025-04-04,7,Friday,0,0,0,Clear,31.7,1323,3718,1726
Pavagadh,2025-04-04,8,Friday,0,0,0,Clear,32.7,1726,4398,1760
Pavagadh,2025-04-04,9,Friday,0,0,0,Clear,34.2,1760,5067,1933
Pavagadh,2025-04-04,10,Friday,0,0,0,Clear,36.1,1933,5337,1861
Pavagadh,2025-04-04,11,Friday,0,0,0,Clear,37.1,1861,4461,1213
Pavagadh,2025-04-04,12,Friday,0,0,0,Clear,37.8,1213,3592,740
Pavagadh,2025-04-04,13,Friday,0,0,0,Clear,38.6,740,3018,794
Pavagadh,2025-04-04,14,Friday,0,0,0,Clear,39.3,794,3115,1067
Pavagadh,2025-04-04,15,Friday,0,0,0,Clear,38.5,1067,3303,1123
Pavagadh,2025-04-04,16,Friday,0,0,0,Clear,38.7,1123,4184,1770
Pavagadh,2025-04-04,17,Friday,0,0,0,Clear,36.5,1770,5152,2090
Pavagadh,2025-04-04,18,Friday,0,0,0,Clear,36.1,2090,5180,1805
Pavagadh,2025-04-04,19,Friday,0,0,0,Clear,33.8,1805,5387,1834
Pavagadh,2025-04-04,20,Friday,0,0,0,Clear,32.6,1834,5171,1472
Pavagadh,2025-04-04,21,Friday,0,0,0,Clear,31.1,1472,3886,829
Pavagadh,2025-04-04,22,Friday,0,0,0,Clear,28.9,829,2543,370
Pavagadh,2025-04-04,23,Friday,0,0,0,Clear,28.3,370,1625,134
Pavagadh,2025-04-05,0,Saturday,1,0,0,Sunny,30.0,134,954,39
Pavagadh,2025-04-05,1,Saturday,1,0,0,Sunny,30.0,39,592,30
Pavagadh,2025-04-05,2,Saturday,1,0,0,Sunny,29.3,30,362,31
Pavagadh,2025-04-05,3,Saturday,1,0,0,Sunny,28.5,31,292,72
Pavagadh,2025-04-05,4,Saturday,1,0,0,Sunny,30.4,72,886,531
Pavagadh,2025-04-05,5,Saturday,1,0,0,Sunny,31.2,531,1916,1073
Pavagadh,2025-04-05,6,Saturday,1,0,0,Sunny,32.1,1073,3858,2092
Pavagadh,2025-04-05,7,Saturday,1,0,0,Sunny,33.4,2092,6075,2916
Pavagadh,2025-04-05,8,Saturday,1,0,0,Sunny,35.9,2916,6607,2548
Pavagadh,2025-04-05,9,Saturday,1,0,0,Sunny,37.4,2548,6430,1966
Pavagadh,2025-04-05,10,Saturday,1,0,0,Sunny,38.7,1966,6394,2061
Pavagadh,2025-04-05,11,Saturday,1,0,0,Sunny,40.3,2061,5832,1519
Pavagadh,2025-04-05,12,Saturday,1,0,0,Sunny,40.6,1519,4603,930
Pavagadh,2025-04-05,13,Saturday,1,0,0,Sunny,41.0,930,4249,1237
Pavagadh,2025-04-05,14,Saturday,1,0,0,Sunny,41.0,1237,3870,1207
Pavagadh,2025-04-05,15,Saturday,1,0,0,Sunny,41.0,1207,4289,1505
Pavagadh,2025-04-05,16,Saturday,1,0,0,Sunny,41.0,1505,5639,2342
Pavagadh,2025-04-05,17,Saturday,1,0,0,Sunny,40.0,2342,6827,2862
Pavagadh,2025-04-05,18,Saturday,1,0,0,Sunny,39.0,2862,7411,2805
Pavagadh,2025-04-05,19,Saturday,1,0,0,Sunny,37.6,2805,7103,2102
Pavagadh,2025-04-05,20,Saturday,1,0,0,Sunny,35.1,2102,5973,1567
Pavagadh,2025-04-05,21,Saturday,1,0,0,Sunny,33.8,1567,4798,1110
Pavagadh,2025-04-05,22,Saturday,1,0,0,Sunny,31.5,1110,3295,513
Pavagadh,2025-04-05,23,Saturday,1,0,0,Sunny,31.2,513,2196,198
Pavagadh,2025-04-06,0,Sunday,1,1,1,Clear,23.5,198,1462,161
Pavagadh,2025-04-06,1,Sunday,1,1,1,Clear,24.1,161,922,74
Pavagadh,2025-04-06,2,Sunday,1,1,1,Clear,24.1,74,664,131
Pavagadh,2025-04-06,3,Sunday,1,1,1,Clear,23.6,131,757,289
Pavagadh,2025-04-06,4,Sunday,1,1,1,Clear,24.1,289,2934,1876
Pavagadh,2025-04-06,5,Sunday,1,1,1,Clear,25.3,1876,8845,5417
Pavagadh,2025-04-06,6,Sunday,1,1,1,Clear,27.0,5417,14977,7554
Pavagadh,2025-04-06,7,Sunday,1,1,1,Clear,29.0,7554,17722,6395
Pavagadh,2025-04-06,8,Sunday,1,1,1,Clear,29.9,6395,22197,8776
Pavagadh,2025-04-06,9,Sunday,1,1,1,Clear,32.7,8776,21376,6959
Pavagadh,2025-04-06,10,Sunday,1,1,1,Clear,33.7,6959,18671,6006
Pavagadh,2025-04-06,11,Sunday,1,1,1,Clear,35.0,6006,18369,6345
Pavagadh,2025-04-06,12,Sunday,1,1,1,Clear,35.6,6345,15233,4062
Pavagadh,2025-04-06,13,Sunday,1,1,1,Clear,35.8,4062,11538,2850
Pavagadh,2025-04-06,14,Sunday,1,1,1,Clear,37.5,2850,12562,4778
Pavagadh,2025-04-06,15,Sunday,1,1,1,Clear,36.9,4778,14979,5985
Pavagadh,2025-04-06,16,Sunday,1,1,1,Clear,36.5,5985,18731,7750
Pavagadh,2025-04-06,17,Sunday,1,1,1,Clear,35.1,7750,20228,7529
Pavagadh,2025-04-06,18,Sunday,1,1,1,Clear,33.5,7529,25251,10032
Pavagadh,2025-04-06,19,Sunday,1,1,1,Clear,32.1,10032,25001,8579
Pavagadh,2025-04-06,20,Sunday,1,1,1,Clear,30.4,8579,21779,6398
Pavagadh,2025-04-06,21,Sunday,1,1,1,Clear,28.2,6398,16439,3067
Pavagadh,2025-04-06,22,Sunday,1,1,1,Clear,27.4,3067,10773,1410
Pavagadh,2025-04-06,23,Sunday,1,1,1,Clear,25.5,1410,6402,426
Pavagadh,2025-04-07,0,Monday,0,0,0,Rainy,27.2,426,3429,18
Pavagadh,2025-04-07,1,Monday,0,0,0,Rainy,27.1,18,1778,11
Pavagadh,2025-04-07,2,Monday,0,0,0,Rainy,25.9,11,1013,14
Pavagadh,2025-04-07,3,Monday,0,0,0,Rainy,25.5,14,600,33
Pavagadh,2025-04-07,4,Monday,0,0,0,Rainy,27.0,33,591,210
Pavagadh,2025-04-07,5,Monday,0,0,0,Rainy,28.4,210,857,398
Pavagadh,2025-04-07,6,Monday,0,0,0,Rainy,29.5,398,1706,914
Pavagadh,2025-04-07,7,Monday,0,0,0,Rainy,31.7,914,2160,909
Pavagadh,2025-04-07,8,Monday,0,0,0,Rainy,33.3,909,2910,1326
Pavagadh,2025-04-07,9,Monday,0,0,0,Rainy,34.2,1326,3192,1083
Pavagadh,2025-04-07,10,Monday,0,0,0,Rainy,36.5,1083,2682,757
Pavagadh,2025-04-07,11,Monday,0,0,0,Rainy,37.8,757,2459,741
Pavagadh,2025-04-07,12,Monday,0,0,0,Rainy,38.1,741,2090,564
Pavagadh,2025-04-07,13,Monday,0,0,0,Rainy,39.8,564,1690,349
Pavagadh,2025-04-07,14,Monday,0,0,0,Heavy Rain,39.3,349,1454,339
Pavagadh,2025-04-07,15,Monday,0,0,0,Rainy,39.8,339,1719,632
Pavagadh,2025-04-07,16,Monday,0,0,0,Heavy Rain,39.0,632,1729,578
Pavagadh,2025-04-07,17,Monday,0,0,0,Rainy,38.0,578,2430,1081
Pavagadh,2025-04-07,18,Monday,0,0,0,Rainy,36.0,1081,3063,1220
Pavagadh,2025-04-07,19,Monday,0,0,0,Rainy,34.7,1220,2805,890
Pavagadh,2025-04-07,20,Monday,0,0,0,Rainy,33.1,890,2341,673
Pavagadh,2025-04-07,21,Monday,0,0,0,Rainy,30.6,673,1951,498
Pavagadh,2025-04-07,22,Monday,0,0,0,Rainy,29.7,498,1265,165
Pavagadh,2025-04-07,23,Monday,0,0,0,Rainy,28.0,165,719,60
Pavagadh,2025-04-08,0,Tuesday,0,0,0,Clear,28.7,60,451,29
Pavagadh,2025-04-08,1,Tuesday,0,0,0,Clear,27.6,29,281,19
Pavagadh,2025-04-08,2,Tuesday,0,0,0,Clear,27.9,19,188,20
Pavagadh,2025-04-08,3,Tuesday,0,0,0,Clear,28.3,20,172,51
Pavagadh,2025-04-08,4,Tuesday,0,0,0,Clear,28.6,51,549,337
Pavagadh,2025-04-08,5,Tuesday,0,0,0,Clear,29.9,337,1095,613
Pavagadh,2025-04-08,6,Tuesday,0,0,0,Clear,31.4,613,1904,980
Pavagadh,2025-04-08,7,Tuesday,0,0,0,Clear,33.1,980,3325,1642
Pavagadh,2025-04-08,8,Tuesday,0,0,0,Clear,33.1,1642,4066,1675
Pavagadh,2025-04-08,9,Tuesday,0,0,0,Clear,36.6,1675,4415,1722
Pavagadh,2025-04-08,10,Tuesday,0,0,0,Clear,37.7,1722,4212,1352
Pavagadh,2025-04-08,11,Tuesday,0,0,0,Clear,40.1,1352,3575,958
Pavagadh,2025-04-08,12,Tuesday,0,0,0,Clear,39.4,958,2631,712
Pavagadh,2025-04-08,13,Tuesday,0,0,0,Clear,40.6,712,2307,712
Pavagadh,2025-04-08,14,Tuesday,0,0,0,Clear,40.0,712,2494,849
Pavagadh,2025-04-08,15,Tuesday,0,0,0,Clear,39.9,849,3000,1184
Pavagadh,2025-04-08,16,Tuesday,0,0,0,Clear,40.7,1184,3328,1152
Pavagadh,2025-04-08,17,Tuesday,0,0,0,Clear,38.9,1152,3920,1515
Pavagadh,2025-04-08,18,Tuesday,0,0,0,Clear,37.4,1515,4087,1420
Pavagadh,2025-04-08,19,Tuesday,0,0,0,Clear,35.9,1420,4109,1275
Pavagadh,2025-04-08,20,Tuesday,0,0,0,Clear,35.8,1275,3550,939
Pavagadh,2025-04-08,21,Tuesday,0,0,0,Clear,32.4,939,3087,805
Pavagadh,2025-04-08,22,Tuesday,0,0,0,Clear,31.6,805,2117,302
Pavagadh,2025-04-08,23,Tuesday,0,0,0,Clear,29.5,302,1351,105
Pavagadh,2025-04-09,0,Wednesday,0,0,0,Clear,19.9,105,840,31
Pavagadh,2025-04-09,1,Wednesday,0,0,0,Clear,20.7,31,487,16
Pavagadh,2025-04-09,2,Wednesday,0,0,0,Clear,19.0,16,303,17
Pavagadh,2025-04-09,3,Wednesday,0,0,0,Clear,19.4,17,233,52
Pavagadh,2025-04-09,4,Wednesday,0,0,0,Clear,20.6,52,516,296
Pavagadh,2025-04-09,5,Wednesday,0,0,0,Clear,20.6,296,1229,680
Pavagadh,2025-04-09,6,Wednesday,0,0,0,Clear,22.3,680,2287,1181
Pavagadh,2025-04-09,7,Wednesday,0,0,0,Clear,23.8,1181,3196,1432
Pavagadh,2025-04-09,8,Wednesday,0,0,0,Clear,25.6,1432,3502,1334
Pavagadh,2025-04-09,9,Wednesday,0,0,0,Clear,28.0,1334,4204,1592
Pavagadh,2025-04-09,10,Wednesday,0,0,0,Clear,30.0,1592,3741,1122
Pavagadh,2025-04-09,11,Wednesday,0,0,0,Clear,30.2,1122,3354,1008
Pavagadh,2025-04-09,12,Wednesday,0,0,0,Clear,31.5,1008,2785,643
Pavagadh,2025-04-09,13,Wednesday,0,0,0,Clear,31.7,643,2321,555
Pavagadh,2025-04-09,14,Wednesday,0,0,0,Clear,33.0,555,2330,739
Pavagadh,2025-04-09,15,Wednesday,0,0,0,Clear,32.8,739,2994,1234
Pavagadh,2025-04-09,16,Wednesday,0,0,0,Clear,32.7,1234,3524,1305
Pavagadh,2025-04-09,17,Wednesday,0,0,0,Clear,31.4,1305,4004,1580
Pavagadh,2025-04-09,18,Wednesday,0,0,0,Clear,28.9,1580,4546,1830
Pavagadh,2025-04-09,19,Wednesday,0,0,0,Clear,27.3,1830,4811,1650
Pavagadh,2025-04-09,20,Wednesday,0,0,0,Clear,24.5,1650,4164,913
Pavagadh,2025-04-09,21,Wednesday,0,0,0,Clear,24.9,913,2907,583
Pavagadh,2025-04-09,22,Wednesday,0,0,0,Clear,21.8,583,2142,285
Pavagadh,2025-04-09,23,Wednesday,0,0,0,Clear,22.3,285,1261,74
Pavagadh,2025-04-10,0,Thursday,0,0,0,Sunny,18.0,74,699,26
Pavagadh,2025-04-10,1,Thursday,0,0,0,Sunny,18.1,26,402,18
Pavagadh,2025-04-10,2,Thursday,0,0,0,Sunny,18.0,18,276,23
Pavagadh,2025-04-10,3,Thursday,0,0,0,Sunny,18.0,23,224,46
Pavagadh,2025-04-10,4,Thursday,0,0,0,Sunny,19.1,46,602,362
Pavagadh,2025-04-10,5,Thursday,0,0,0,Sunny,20.2,362,1300,729
Pavagadh,2025-04-10,6,Thursday,0,0,0,Sunny,20.5,729,2445,1348
Pavagadh,2025-04-10,7,Thursday,0,0,0,Sunny,22.4,1348,3269,1463
Pavagadh,2025-04-10,8,Thursday,0,0,0,Sunny,23.9,1463,3839,1442
Pavagadh,2025-04-10,9,Thursday,0,0,0,Sunny,24.6,1442,4139,1568
Pavagadh,2025-04-10,10,Thursday,0,0,0,Sunny,28.7,1568,3799,1307
Pavagadh,2025-04-10,11,Thursday,0,0,0,Sunny,29.2,1307,3460,939
Pavagadh,2025-04-10,12,Thursday,0,0,0,Sunny,30.3,939,3121,889
Pavagadh,2025-04-10,13,Thursday,0,0,0,Sunny,31.1,889,2550,655
Pavagadh,2025-04-10,14,Thursday,0,0,0,Sunny,31.5,655,2322,683
Pavagadh,2025-04-10,15,Thursday,0,0,0,Sunny,30.3,683,2746,1133
Pavagadh,2025-04-10,16,Thursday,0,0,0,Sunny,29.7,1133,3455,1357
Pavagadh,2025-04-10,17,Thursday,0,0,0,Sunny,28.6,1357,3928,1597
Pavagadh,2025-04-10,18,Thursday,0,0,0,Sunny,26.9,1597,4740,1908
Pavagadh,2025-04-10,19,Thursday,0,0,0,Sunny,25.9,1908,4868,1836
Pavagadh,2025-04-10,20,Thursday,0,0,0,Sunny,25.6,1836,4371,1287
Pavagadh,2025-04-10,21,Thursday,0,0,0,Sunny,22.7,1287,3252,600
Pavagadh,2025-04-10,22,Thursday,0,0,0,Sunny,22.1,600,2116,258
Pavagadh,2025-04-10,23,Thursday,0,0,0,Sunny,19.0,258,1258,87
Pavagadh,2025-04-11,0,Friday,0,0,0,Clear,19.2,87,654,31
Pavagadh,2025-04-11,1,Friday,0,0,0,Clear,18.4,31,424,22
Pavagadh,2025-04-11,2,Friday,0,0,0,Clear,18.3,22,261,24
Pavagadh,2025-04-11,3,Friday,0,0,0,Clear,19.3,24,213,49
Pavagadh,2025-04-11,4,Friday,0,0,0,Clear,19.6,49,691,416
Pavagadh,2025-04-11,5,Friday,0,0,0,Clear,19.8,416,1713,971
Pavagadh,2025-04-11,6,Friday,0,0,0,Clear,21.6,971,3418,1839
Pavagadh,2025-04-11,7,Friday,0,0,0,Clear,23.2,1839,4266,1856
Pavagadh,2025-04-11,8,Friday,0,0,0,Clear,25.4,1856,5268,2173
Pavagadh,2025-04-11,9,Friday,0,0,0,Clear,27.7,2173,4955,1710
Pavagadh,2025-04-11,10,Friday,0,0,0,Clear,29.4,1710,5142,1727
Pavagadh,2025-04-11,11,Friday,0,0,0,Clear,29.4,1727,4417,1309
Pavagadh,2025-04-11,12,Friday,0,0,0,Clear,30.5,1309,3520,784
Pavagadh,2025-04-11,13,Friday,0,0,0,Clear,31.9,784,2916,674
Pavagadh,2025-04-11,14,Friday,0,0,0,Clear,31.7,674,2945,1008
Pavagadh,2025-04-11,15,Friday,0,0,0,Clear,31.7,1008,2975,1105
Pavagadh,2025-04-11,16,Friday,0,0,0,Clear,29.8,1105,3517,1491
Pavagadh,2025-04-11,17,Friday,0,0,0,Clear,30.5,1491,4652,1947
Pavagadh,2025-04-11,18,Friday,0,0,0,Clear,28.7,1947,5889,2132
Pavagadh,2025-04-11,19,Friday,0,0,0,Clear,28.4,2132,5881,2066
Pavagadh,2025-04-11,20,Friday,0,0,0,Clear,25.8,2066,4895,1063
Pavagadh,2025-04-11,21,Friday,0,0,0,Clear,21.6,1063,3849,736
Pavagadh,2025-04-11,22,Friday,0,0,0,Clear,21.8,736,2505,274
Pavagadh,2025-04-11,23,Friday,0,0,0,Clear,20.4,274,1501,112
Pavagadh,2025-04-12,0,Saturday,1,0,0,Sunny,26.0,112,893,55
Pavagadh,2025-04-12,1,Saturday,1,0,0,Sunny,25.1,55,572,36
Pavagadh,2025-04-12,2,Saturday,1,0,0,Sunny,24.8,36,380,28
Pavagadh,2025-04-12,3,Saturday,1,0,0,Sunny,25.3,28,309,76
Pavagadh,2025-04-12,4,Saturday,1,0,0,Sunny,26.9,76,1099,688
Pavagadh,2025-04-12,5,Saturday,1,0,0,Sunny,28.6,688,2036,1067
Pavagadh,2025-04-12,6,Saturday,1,0,0,Sunny,28.9,1067,3668,1860
Pavagadh,2025-04-12,7,Saturday,1,0,0,Sunny,29.8,1860,4740,2147
Pavagadh,2025-04-12,8,Saturday,1,0,0,Sunny,31.6,2147,6422,2957
Pavagadh,2025-04-12,9,Saturday,1,0,0,Sunny,33.7,2957,6963,2563
Pavagadh,2025-04-12,10,Saturday,1,0,0,Sunny,34.6,2563,6759,2190
Pavagadh,2025-04-12,11,Saturday,1,0,0,Sunny,37.1,2190,5760,1497
Pavagadh,2025-04-12,12,Saturday,1,0,0,Sunny,36.8,1497,4590,1182
Pavagadh,2025-04-12,13,Saturday,1,0,0,Sunny,37.7,1182,3890,1064
Pavagadh,2025-04-12,14,Saturday,1,0,0,Sunny,39.4,1064,4234,1488
Pavagadh,2025-04-12,15,Saturday,1,0,0,Sunny,38.7,1488,4773,1698
Pavagadh,2025-04-12,16,Saturday,1,0,0,Sunny,37.4,1698,6338,2842
Pavagadh,2025-04-12,17,Saturday,1,0,0,Sunny,35.9,2842,6397,2314
Pavagadh,2025-04-12,18,Saturday,1,0,0,Sunny,34.2,2314,7774,3041
Pavagadh,2025-04-12,19,Saturday,1,0,0,Sunny,33.6,3041,6956,2060
Pavagadh,2025-04-12,20,Saturday,1,0,0,Sunny,32.3,2060,6037,1751
Pavagadh,2025-04-12,21,Saturday,1,0,0,Sunny,29.2,1751,4569,1011
Pavagadh,2025-04-12,22,Saturday,1,0,0,Sunny,28.5,1011,3130,483
Pavagadh,2025-04-12,23,Saturday,1,0,0,Sunny,27.2,483,1833,161
Pavagadh,2025-04-13,0,Sunday,1,0,0,Clear,26.2,161,1093,59
Pavagadh,2025-04-13,1,Sunday,1,0,0,Clear,25.3,59,668,55
Pavagadh,2025-04-13,2,Sunday,1,0,0,Clear,25.8,55,465,47
Pavagadh,2025-04-13,3,Sunday,1,0,0,Clear,24.2,47,384,120
Pavagadh,2025-04-13,4,Sunday,1,0,0,Clear,25.9,120,1440,899
Pavagadh,2025-04-13,5,Sunday,1,0,0,Clear,27.4,899,3036,1646
Pavagadh,2025-04-13,6,Sunday,1,0,0,Clear,29.9,1646,5930,3096
Pavagadh,2025-04-13,7,Sunday,1,0,0,Clear,29.7,3096,9340,4393
Pavagadh,2025-04-13,8,Sunday,1,0,0,Clear,31.3,4393,11580,4616
Pavagadh,2025-04-13,9,Sunday,1,0,0,Clear,33.8,4616,11799,3732
Pavagadh,2025-04-13,10,Sunday,1,0,0,Clear,34.4,3732,10827,3186
Pavagadh,2025-04-13,11,Sunday,1,0,0,Clear,37.1,3186,9169,2328
Pavagadh,2025-04-13,12,Sunday,1,0,0,Clear,37.1,2328,7629,1842
Pavagadh,2025-04-13,13,Sunday,1,0,0,Clear,37.3,1842,6786,1852
Pavagadh,2025-04-13,14,Sunday,1,0,0,Clear,37.8,1852,6514,1854
Pavagadh,2025-04-13,15,Sunday,1,0,0,Clear,38.3,1854,6449,2227
Pavagadh,2025-04-13,16,Sunday,1,0,0,Clear,37.8,2227,8477,3604
Pavagadh,2025-04-13,17,Sunday,1,0,0,Clear,36.2,3604,10677,4509
Pavagadh,2025-04-13,18,Sunday,1,0,0,Clear,34.5,4509,13255,5362
Pavagadh,2025-04-13,19,Sunday,1,0,0,Clear,32.9,5362,12290,3696
Pavagadh,2025-04-13,20,Sunday,1,0,0,Clear,31.5,3696,10232,2805
Pavagadh,2025-04-13,21,Sunday,1,0,0,Clear,30.5,2805,7321,1590
Pavagadh,2025-04-13,22,Sunday,1,0,0,Clear,28.2,1590,4279,633
Pavagadh,2025-04-13,23,Sunday,1,0,0,Clear,26.9,633,2688,257
Pavagadh,2025-04-14,0,Monday,0,1,1,Clear,29.2,257,1490,59
Pavagadh,2025-04-14,1,Monday,0,1,1,Clear,28.0,59,887,36
Pavagadh,2025-04-14,2,Monday,0,1,1,Clear,28.0,36,540,38
Pavagadh,2025-04-14,3,Monday,0,1,1,Clear,28.4,38,387,93
Pavagadh,2025-04-14,4,Monday,0,1,1,Clear,30.4,93,1251,781
Pavagadh,2025-04-14,5,Monday,0,1,1,Clear,29.2,781,2166,1101
Pavagadh,2025-04-14,6,Monday,0,1,1,Clear,32.8,1101,4216,2220
Pavagadh,2025-04-14,7,Monday,0,1,1,Clear,33.5,2220,7226,3687
Pavagadh,2025-04-14,8,Monday,0,1,1,Clear,33.9,3687,8686,3450
Pavagadh,2025-04-14,9,Monday,0,1,1,Clear,37.0,3450,8859,2795
Pavagadh,2025-04-14,10,Monday,0,1,1,Clear,38.1,2795,8806,3010
Pavagadh,2025-04-14,11,Monday,0,1,1,Clear,39.3,3010,8317,2767
Pavagadh,2025-04-14,12,Monday,0,1,1,Clear,40.5,2767,6608,1595
Pavagadh,2025-04-14,13,Monday,0,1,1,Clear,41.0,1595,5713,1386
Pavagadh,2025-04-14,14,Monday,0,1,1,Clear,41.0,1386,5534,1599
Pavagadh,2025-04-14,15,Monday,0,1,1,Clear,41.0,1599,6103,2068
Pavagadh,2025-04-14,16,Monday,0,1,1,Clear,41.0,2068,7580,3341
Pavagadh,2025-04-14,17,Monday,0,1,1,Clear,39.8,3341,10151,4291
Pavagadh,2025-04-14,18,Monday,0,1,1,Clear,38.9,4291,10591,3830
Pavagadh,2025-04-14,19,Monday,0,1,1,Clear,35.9,3830,11773,3844
Pavagadh,2025-04-14,20,Monday,0,1,1,Clear,35.1,3844,9494,2281
Pavagadh,2025-04-14,21,Monday,0,1,1,Clear,34.0,2281,6961,1567
Pavagadh,2025-04-14,22,Monday,0,1,1,Clear,31.8,1567,4800,510
Pavagadh,2025-04-14,23,Monday,0,1,1,Clear,30.7,510,2880,263
Pavagadh,2025-04-15,0,Tuesday,0,0,0,Cloudy,19.9,263,1667,30
Pavagadh,2025-04-15,1,Tuesday,0,0,0,Cloudy,18.0,30,897,16
Pavagadh,2025-04-15,2,Tuesday,0,0,0,Cloudy,18.0,16,517,20
Pavagadh,2025-04-15,3,Tuesday,0,0,0,Cloudy,18.0,20,328,38
Pavagadh,2025-04-15,4,Tuesday,0,0,0,Cloudy,19.2,38,508,242
Pavagadh,2025-04-15,5,Tuesday,0,0,0,Cloudy,20.2,242,949,511
Pavagadh,2025-04-15,6,Tuesday,0,0,0,Cloudy,21.3,511,2372,1347
Pavagadh,2025-04-15,7,Tuesday,0,0,0,Cloudy,22.5,1347,3564,1689
Pavagadh,2025-04-15,8,Tuesday,0,0,0,Cloudy,24.4,1689,4162,1570
Pavagadh,2025-04-15,9,Tuesday,0,0,0,Cloudy,26.0,1570,3928,1320
Pavagadh,2025-04-15,10,Tuesday,0,0,0,Cloudy,28.2,1320,4042,1314
Pavagadh,2025-04-15,11,Tuesday,0,0,0,Cloudy,28.5,1314,3606,922
Pavagadh,2025-04-15,12,Tuesday,0,0,0,Cloudy,30.5,922,2894,674
Pavagadh,2025-04-15,13,Tuesday,0,0,0,Cloudy,31.4,674,2367,608
Pavagadh,2025-04-15,14,Tuesday,0,0,0,Cloudy,31.8,608,2080,617
Pavagadh,2025-04-15,15,Tuesday,0,0,0,Cloudy,31.9,617,2399,872
Pavagadh,2025-04-15,16,Tuesday,0,0,0,Cloudy,30.8,872,2882,1208
Pavagadh,2025-04-15,17,Tuesday,0,0,0,Cloudy,30.3,1208,3760,1530
Pavagadh,2025-04-15,18,Tuesday,0,0,0,Cloudy,28.3,1530,4674,1976
Pavagadh,2025-04-15,19,Tuesday,0,0,0,Cloudy,26.3,1976,4395,1328
Pavagadh,2025-04-15,20,Tuesday,0,0,0,Cloudy,25.1,1328,4294,1225
Pavagadh,2025-04-15,21,Tuesday,0,0,0,Cloudy,23.9,1225,3180,636
Pavagadh,2025-04-15,22,Tuesday,0,0,0,Cloudy,21.4,636,2128,272
Pavagadh,2025-04-15,23,Tuesday,0,0,0,Cloudy,19.4,272,1328,79
Pavagadh,2025-04-16,0,Wednesday,0,0,0,Clear,18.0,79,757,24
Pavagadh,2025-04-16,1,Wednesday,0,0,0,Clear,18.0,24,416,16
Pavagadh,2025-04-16,2,Wednesday,0,0,0,Clear,18.0,16,267,19
Pavagadh,2025-04-16,3,Wednesday,0,0,0,Clear,18.0,19,222,54
Pavagadh,2025-04-16,4,Wednesday,0,0,0,Clear,18.0,54,513,298
Pavagadh,2025-04-16,5,Wednesday,0,0,0,Clear,18.0,298,1383,823
Pavagadh,2025-04-16,6,Wednesday,0,0,0,Clear,20.1,823,2368,1190
Pavagadh,2025-04-16,7,Wednesday,0,0,0,Clear,21.6,1190,2984,1182
Pavagadh,2025-04-16,8,Wednesday,0,0,0,Clear,23.1,1182,3779,1555
Pavagadh,2025-04-16,9,Wednesday,0,0,0,Clear,24.4,1555,4101,1511
Pavagadh,2025-04-16,10,Wednesday,0,0,0,Clear,26.9,1511,3785,1219
Pavagadh,2025-04-16,11,Wednesday,0,0,0,Clear,28.0,1219,3234,994
Pavagadh,2025-04-16,12,Wednesday,0,0,0,Clear,29.0,994,2714,670
Pavagadh,2025-04-16,13,Wednesday,0,0,0,Clear,29.0,670,2311,541
Pavagadh,2025-04-16,14,Wednesday,0,0,0,Clear,30.3,541,2322,758
Pavagadh,2025-04-16,15,Wednesday,0,0,0,Clear,30.0,758,2524,981
Pavagadh,2025-04-16,16,Wednesday,0,0,0,Clear,29.1,981,3400,1460
Pavagadh,2025-04-16,17,Wednesday,0,0,0,Clear,27.9,1460,4171,1720
Pavagadh,2025-04-16,18,Wednesday,0,0,0,Clear,27.1,1720,4909,2047
Pavagadh,2025-04-16,19,Wednesday,0,0,0,Clear,25.5,2047,5294,1869
Pavagadh,2025-04-16,20,Wednesday,0,0,0,Clear,23.7,1869,4178,992
Pavagadh,2025-04-16,21,Wednesday,0,0,0,Clear,21.3,992,2952,596
Pavagadh,2025-04-16,22,Wednesday,0,0,0,Clear,19.7,596,1918,296
Pavagadh,2025-04-16,23,Wednesday,0,0,0,Clear,18.5,296,1162,91
Pavagadh,2025-04-17,0,Thursday,0,0,0,Sunny,28.1,91,700,32
Pavagadh,2025-04-17,1,Thursday,0,0,0,Sunny,28.6,32,403,18
Pavagadh,2025-04-17,2,Thursday,0,0,0,Sunny,27.3,18,248,21
Pavagadh,2025-04-17,3,Thursday,0,0,0,Sunny,27.6,21,207,59
Pavagadh,2025-04-17,4,Thursday,0,0,0,Sunny,28.5,59,548,323
Pavagadh,2025-04-17,5,Thursday,0,0,0,Sunny,28.8,323,1166,645
Pavagadh,2025-04-17,6,Thursday,0,0,0,Sunny,31.0,645,2463,1392
Pavagadh,2025-04-17,7,Thursday,0,0,0,Sunny,31.6,1392,3679,1690
Pavagadh,2025-04-17,8,Thursday,0,0,0,Sunny,33.2,1690,4605,1913
Pavagadh,2025-04-17,9,Thursday,0,0,0,Sunny,36.2,1913,4229,1387
Pavagadh,2025-04-17,10,Thursday,0,0,0,Sunny,37.2,1387,3994,1263
Pavagadh,2025-04-17,11,Thursday,0,0,0,Sunny,38.5,1263,3781,1312
Pavagadh,2025-04-17,12,Thursday,0,0,0,Sunny,39.3,1312,3038,708
Pavagadh,2025-04-17,13,Thursday,0,0,0,Sunny,40.9,708,2737,723
Pavagadh,2025-04-17,14,Thursday,0,0,0,Sunny,41.0,723,2248,643
Pavagadh,2025-04-17,15,Thursday,0,0,0,Sunny,41.0,643,2850,1166
Pavagadh,2025-04-17,16,Thursday,0,0,0,Sunny,39.3,1166,3290,1299
Pavagadh,2025-04-17,17,Thursday,0,0,0,Sunny,38.1,1299,4339,1729
Pavagadh,2025-04-17,18,Thursday,0,0,0,Sunny,37.1,1729,5144,2121
Pavagadh,2025-04-17,19,Thursday,0,0,0,Sunny,34.9,2121,5062,1677
Pavagadh,2025-04-17,20,Thursday,0,0,0,Sunny,34.8,1677,4545,1333
Pavagadh,2025-04-17,21,Thursday,0,0,0,Sunny,33.1,1333,3181,587
Pavagadh,2025-04-17,22,Thursday,0,0,0,Sunny,31.4,587,2063,232
Pavagadh,2025-04-17,23,Thursday,0,0,0,Sunny,30.1,232,1257,109
Pavagadh,2025-04-18,0,Friday,0,1,0,Clear,25.8,109,717,45
Pavagadh,2025-04-18,1,Friday,0,1,0,Clear,26.8,45,441,32
Pavagadh,2025-04-18,2,Friday,0,1,0,Clear,24.3,32,293,37
Pavagadh,2025-04-18,3,Friday,0,1,0,Clear,25.4,37,251,75
Pavagadh,2025-04-18,4,Friday,0,1,0,Clear,25.6,75,1024,648
Pavagadh,2025-04-18,5,Friday,0,1,0,Clear,27.2,648,1954,1031
Pavagadh,2025-04-18,6,Friday,0,1,0,Clear,28.8,1031,3186,1532
Pavagadh,2025-04-18,7,Friday,0,1,0,Clear,30.2,1532,5746,2867
Pavagadh,2025-04-18,8,Friday,0,1,0,Clear,33.3,2867,6737,2679
Pavagadh,2025-04-18,9,Friday,0,1,0,Clear,33.0,2679,7320,2508
Pavagadh,2025-04-18,10,Friday,0,1,0,Clear,34.4,2508,6936,2265
Pavagadh,2025-04-18,11,Friday,0,1,0,Clear,36.5,2265,6389,1987
Pavagadh,2025-04-18,12,Friday,0,1,0,Clear,37.5,1987,4737,1003
Pavagadh,2025-04-18,13,Friday,0,1,0,Clear,39.1,1003,4176,1256
Pavagadh,2025-04-18,14,Friday,0,1,0,Clear,39.9,1256,4304,1606
Pavagadh,2025-04-18,15,Friday,0,1,0,Clear,38.5,1606,5187,2101
Pavagadh,2025-04-18,16,Friday,0,1,0,Clear,38.2,2101,5900,2210
Pavagadh,2025-04-18,17,Friday,0,1,0,Clear,35.6,2210,7081,2905
Pavagadh,2025-04-18,18,Friday,0,1,0,Clear,35.3,2905,8563,3328
Pavagadh,2025-04-18,19,Friday,0,1,0,Clear,34.9,3328,7949,2422
Pavagadh,2025-04-18,20,Friday,0,1,0,Clear,33.1,2422,6194,1503
Pavagadh,2025-04-18,21,Friday,0,1,0,Clear,30.6,1503,4580,912
Pavagadh,2025-04-18,22,Friday,0,1,0,Clear,28.8,912,3200,467
Pavagadh,2025-04-18,23,Friday,0,1,0,Clear,28.3,467,1981,187
Pavagadh,2025-04-19,0,Saturday,1,0,0,Cloudy,28.4,187,1094,42
Pavagadh,2025-04-19,1,Saturday,1,0,0,Cloudy,27.5,42,610,31
Pavagadh,2025-04-19,2,Saturday,1,0,0,Cloudy,27.0,31,372,36
Pavagadh,2025-04-19,3,Saturday,1,0,0,Cloudy,26.3,36,310,73
Pavagadh,2025-04-19,4,Saturday,1,0,0,Cloudy,27.4,73,962,585
Pavagadh,2025-04-19,5,Saturday,1,0,0,Cloudy,29.1,585,1852,1004
Pavagadh,2025-04-19,6,Saturday,1,0,0,Cloudy,29.7,1004,3302,1676
Pavagadh,2025-04-19,7,Saturday,1,0,0,Cloudy,30.3,1676,4961,2349
Pavagadh,2025-04-19,8,Saturday,1,0,0,Cloudy,32.6,2349,6242,2602
Pavagadh,2025-04-19,9,Saturday,1,0,0,Cloudy,35.7,2602,6363,2125
Pavagadh,2025-04-19,10,Saturday,1,0,0,Cloudy,36.9,2125,6164,2038
Pavagadh,2025-04-19,11,Saturday,1,0,0,Cloudy,37.3,2038,6247,2107
Pavagadh,2025-04-19,12,Saturday,1,0,0,Cloudy,38.8,2107,5507,1506
Pavagadh,2025-04-19,13,Saturday,1,0,0,Cloudy,41.0,1506,4157,862
Pavagadh,2025-04-19,14,Saturday,1,0,0,Rainy,39.1,862,3375,828
Pavagadh,2025-04-19,15,Saturday,1,0,0,Cloudy,39.6,828,3925,1584
Pavagadh,2025-04-19,16,Saturday,1,0,0,Rainy,39.9,1584,3677,1254
Pavagadh,2025-04-19,17,Saturday,1,0,0,Rainy,38.2,1254,4403,1750
Pavagadh,2025-04-19,18,Saturday,1,0,0,Cloudy,35.9,1750,5957,2708
Pavagadh,2025-04-19,19,Saturday,1,0,0,Cloudy,34.3,2708,6660,2675
Pavagadh,2025-04-19,20,Saturday,1,0,0,Cloudy,33.3,2675,6782,2147
Pavagadh,2025-04-19,21,Saturday,1,0,0,Cloudy,31.8,2147,5243,1019
Pavagadh,2025-04-19,22,Saturday,1,0,0,Cloudy,30.1,1019,3565,519
Pavagadh,2025-04-19,23,Saturday,1,0,0,Cloudy,29.1,519,2335,140
Pavagadh,2025-04-20,0,Sunday,1,0,1,Cloudy,30.1,140,1279,103
Pavagadh,2025-04-20,1,Sunday,1,0,1,Cloudy,30.1,103,830,81
Pavagadh,2025-04-20,2,Sunday,1,0,1,Cloudy,29.6,81,546,73
Pavagadh,2025-04-20,3,Sunday,1,0,1,Cloudy,29.0,73,640,250
Pavagadh,2025-04-20,4,Sunday,1,0,1,Cloudy,29.3,250,3451,2299
Pavagadh,2025-04-20,5,Sunday,1,0,1,Cloudy,31.5,2299,6358,3377
Pavagadh,2025-04-20,6,Sunday,1,0,1,Cloudy,33.0,3377,10850,5271
Pavagadh,2025-04-20,7,Sunday,1,0,1,Cloudy,34.1,5271,17607,8579
Pavagadh,2025-04-20,8,Sunday,1,0,1,Cloudy,36.4,8579,19804,7731
Pavagadh,2025-04-20,9,Sunday,1,0,1,Cloudy,38.1,7731,22621,8610
Pavagadh,2025-04-20,10,Sunday,1,0,1,Cloudy,40.0,8610,19264,5762
Pavagadh,2025-04-20,11,Sunday,1,0,1,Cloudy,39.4,5762,18508,5869
Pavagadh,2025-04-20,12,Sunday,1,0,1,Cloudy,41.0,5869,16854,4161
Pavagadh,2025-04-20,13,Sunday,1,0,1,Cloudy,41.0,4161,12920,3031
Pavagadh,2025-04-20,14,Sunday,1,0,1,Rainy,41.0,3031,10475,2709
Pavagadh,2025-04-20,15,Sunday,1,0,1,Cloudy,41.0,2709,12215,4970
Pavagadh,2025-04-20,16,Sunday,1,0,1,Cloudy,41.0,4970,13699,5368
Pavagadh,2025-04-20,17,Sunday,1,0,1,Cloudy,40.2,5368,20604,9425
Pavagadh,2025-04-20,18,Sunday,1,0,1,Cloudy,40.4,9425,27771,12223
Pavagadh,2025-04-20,19,Sunday,1,0,1,Cloudy,37.6,12223,24211,6861
Pavagadh,2025-04-20,20,Sunday,1,0,1,Cloudy,35.5,6861,20331,5935
Pavagadh,2025-04-20,21,Sunday,1,0,1,Cloudy,34.4,5935,15763,3158
Pavagadh,2025-04-20,22,Sunday,1,0,1,Cloudy,33.1,3158,10765,1849
Pavagadh,2025-04-20,23,Sunday,1,0,1,Cloudy,30.6,1849,6878,511
Pavagadh,2025-04-21,0,Monday,0,0,0,Rainy,20.4,511,4301,18
Pavagadh,2025-04-21,1,Monday,0,0,0,Rainy,20.6,18,2359,12
Pavagadh,2025-04-21,2,Monday,0,0,0,Rainy,19.7,12,1396,12
Pavagadh,2025-04-21,3,Monday,0,0,0,Rainy,18.7,12,835,30
Pavagadh,2025-04-21,4,Monday,0,0,0,Rainy,20.7,30,682,181
Pavagadh,2025-04-21,5,Monday,0,0,0,Rainy,20.2,181,914,417
Pavagadh,2025-04-21,6,Monday,0,0,0,Rainy,22.9,417,1656,857
Pavagadh,2025-04-21,7,Monday,0,0,0,Rainy,24.2,857,2500,1212
Pavagadh,2025-04-21,8,Monday,0,0,0,Rainy,24.7,1212,3028,1244
Pavagadh,2025-04-21,9,Monday,0,0,0,Rainy,27.0,1244,2972,1089
Pavagadh,2025-04-21,10,Monday,0,0,0,Rainy,28.7,1089,2532,649
Pavagadh,2025-04-21,11,Monday,0,0,0,Rainy,31.5,649,2233,663
Pavagadh,2025-04-21,12,Monday,0,0,0,Rainy,32.7,663,2094,533
Pavagadh,2025-04-21,13,Monday,0,0,0,Rainy,32.4,533,1834,444
Pavagadh,2025-04-21,14,Monday,0,0,0,Rainy,32.5,444,1630,541
Pavagadh,2025-04-21,15,Monday,0,0,0,Rainy,31.9,541,1865,757
Pavagadh,2025-04-21,16,Monday,0,0,0,Rainy,31.3,757,2361,957
Pavagadh,2025-04-21,17,Monday,0,0,0,Rainy,30.7,957,2663,949
Pavagadh,2025-04-21,18,Monday,0,0,0,Rainy,28.9,949,3057,1212
Pavagadh,2025-04-21,19,Monday,0,0,0,Rainy,27.4,1212,3115,1016
Pavagadh,2025-04-21,20,Monday,0,0,0,Rainy,26.4,1016,2715,780
Pavagadh,2025-04-21,21,Monday,0,0,0,Rainy,24.4,780,2098,445
Pavagadh,2025-04-21,22,Monday,0,0,0,Rainy,22.9,445,1252,159
Pavagadh,2025-04-21,23,Monday,0,0,0,Rainy,21.9,159,785,61
Pavagadh,2025-04-22,0,Tuesday,0,0,0,Clear,29.2,61,481,31
Pavagadh,2025-04-22,1,Tuesday,0,0,0,Clear,29.0,31,266,18
Pavagadh,2025-04-22,2,Tuesday,0,0,0,Clear,29.1,18,177,21
Pavagadh,2025-04-22,3,Tuesday,0,0,0,Clear,29.2,21,159,42
Pavagadh,2025-04-22,4,Tuesday,0,0,0,Clear,30.5,42,481,290
Pavagadh,2025-04-22,5,Tuesday,0,0,0,Clear,31.0,290,1183,688
Pavagadh,2025-04-22,6,Tuesday,0,0,0,Clear,32.9,688,2395,1263
Pavagadh,2025-04-22,7,Tuesday,0,0,0,Clear,33.1,1263,3220,1309
Pavagadh,2025-04-22,8,Tuesday,0,0,0,Clear,36.2,1309,3827,1466
Pavagadh,2025-04-22,9,Tuesday,0,0,0,Clear,37.0,1466,3471,1176
Pavagadh,2025-04-22,10,Tuesday,0,0,0,Clear,38.8,1176,4047,1476
Pavagadh,2025-04-22,11,Tuesday,0,0,0,Clear,41.0,1476,3760,1110
Pavagadh,2025-04-22,12,Tuesday,0,0,0,Clear,41.0,1110,2911,549
Pavagadh,2025-04-22,13,Tuesday,0,0,0,Clear,41.0,549,2397,548
Pavagadh,2025-04-22,14,Tuesday,0,0,0,Clear,41.0,548,2292,690
Pavagadh,2025-04-22,15,Tuesday,0,0,0,Clear,41.0,690,2520,926
Pavagadh,2025-04-22,16,Tuesday,0,0,0,Clear,41.0,926,3023,1225
Pavagadh,2025-04-22,17,Tuesday,0,0,0,Clear,40.3,1225,3806,1539
Pavagadh,2025-04-22,18,Tuesday,0,0,0,Clear,39.7,1539,4238,1655
Pavagadh,2025-04-22,19,Tuesday,0,0,0,Clear,38.4,1655,4048,1419
Pavagadh,2025-04-22,20,Tuesday,0,0,0,Clear,36.6,1419,4026,1201
Pavagadh,2025-04-22,21,Tuesday,0,0,0,Clear,34.7,1201,3233,840
Pavagadh,2025-04-22,22,Tuesday,0,0,0,Clear,31.7,840,2065,247
Pavagadh,2025-04-22,23,Tuesday,0,0,0,Clear,30.9,247,1179,82
Pavagadh,2025-04-23,0,Wednesday,0,0,0,Clear,19.4,82,708,25
Pavagadh,2025-04-23,1,Wednesday,0,0,0,Clear,18.0,25,403,12
Pavagadh,2025-04-23,2,Wednesday,0,0,0,Clear,18.0,12,232,16
Pavagadh,2025-04-23,3,Wednesday,0,0,0,Clear,18.0,16,176,40
Pavagadh,2025-04-23,4,Wednesday,0,0,0,Clear,18.0,40,413,242
Pavagadh,2025-04-23,5,Wednesday,0,0,0,Clear,21.3,242,1142,665
Pavagadh,2025-04-23,6,Wednesday,0,0,0,Clear,21.1,665,2237,1185
Pavagadh,2025-04-23,7,Wednesday,0,0,0,Clear,23.2,1185,2971,1307
Pavagadh,2025-04-23,8,Wednesday,0,0,0,Clear,24.7,1307,3509,1310
Pavagadh,2025-04-23,9,Wednesday,0,0,0,Clear,26.9,1310,3391,1145
Pavagadh,2025-04-23,10,Wednesday,0,0,0,Clear,27.9,1145,3874,1383
Pavagadh,2025-04-23,11,Wednesday,0,0,0,Clear,28.8,1383,3962,1360
Pavagadh,2025-04-23,12,Wednesday,0,0,0,Clear,30.1,1360,3244,764
Pavagadh,2025-04-23,13,Wednesday,0,0,0,Clear,31.1,764,2878,794
Pavagadh,2025-04-23,14,Wednesday,0,0,0,Clear,30.6,794,2626,686
Pavagadh,2025-04-23,15,Wednesday,0,0,0,Clear,31.4,686,2429,815
Pavagadh,2025-04-23,16,Wednesday,0,0,0,Clear,30.3,815,3173,1394
Pavagadh,2025-04-23,17,Wednesday,0,0,0,Clear,28.2,1394,3784,1404
Pavagadh,2025-04-23,18,Wednesday,0,0,0,Clear,28.1,1404,4852,1963
Pavagadh,2025-04-23,19,Wednesday,0,0,0,Clear,25.9,1963,4490,1366
Pavagadh,2025-04-23,20,Wednesday,0,0,0,Clear,24.8,1366,4349,1221
Pavagadh,2025-04-23,21,Wednesday,0,0,0,Clear,23.3,1221,3554,690
Pavagadh,2025-04-23,22,Wednesday,0,0,0,Clear,21.1,690,2428,309
Pavagadh,2025-04-23,23,Wednesday,0,0,0,Clear,20.2,309,1360,87
Pavagadh,2025-04-24,0,Thursday,0,0,0,Cloudy,27.7,87,751,27
Pavagadh,2025-04-24,1,Thursday,0,0,0,Cloudy,26.9,27,409,17
Pavagadh,2025-04-24,2,Thursday,0,0,0,Cloudy,26.8,17,267,19
Pavagadh,2025-04-24,3,Thursday,0,0,0,Cloudy,28.6,19,214,43
Pavagadh,2025-04-24,4,Thursday,0,0,0,Cloudy,28.2,43,530,304
Pavagadh,2025-04-24,5,Thursday,0,0,0,Cloudy,29.8,304,1136,631
Pavagadh,2025-04-24,6,Thursday,0,0,0,Cloudy,30.2,631,2173,1119
Pavagadh,2025-04-24,7,Thursday,0,0,0,Cloudy,31.6,1119,3125,1416
Pavagadh,2025-04-24,8,Thursday,0,0,0,Cloudy,33.9,1416,3988,1574
Pavagadh,2025-04-24,9,Thursday,0,0,0,Cloudy,35.1,1574,3933,1445
Pavagadh,2025-04-24,10,Thursday,0,0,0,Cloudy,36.9,1445,3506,1068
Pavagadh,2025-04-24,11,Thursday,0,0,0,Cloudy,37.3,1068,3167,923
Pavagadh,2025-04-24,12,Thursday,0,0,0,Cloudy,39.4,923,2632,680
Pavagadh,2025-04-24,13,Thursday,0,0,0,Cloudy,39.9,680,2281,623
Pavagadh,2025-04-24,14,Thursday,0,0,0,Cloudy,40.6,623,2242,742
Pavagadh,2025-04-24,15,Thursday,0,0,0,Cloudy,39.1,742,2770,1135
Pavagadh,2025-04-24,16,Thursday,0,0,0,Rainy,39.5,1135,2779,870
Pavagadh,2025-04-24,17,Thursday,0,0,0,Rainy,40.0,870,3077,1204
Pavagadh,2025-04-24,18,Thursday,0,0,0,Cloudy,37.8,1204,3576,1430
Pavagadh,2025-04-24,19,Thursday,0,0,0,Cloudy,36.5,1430,3951,1492
Pavagadh,2025-04-24,20,Thursday,0,0,0,Cloudy,34.0,1492,3687,1238
Pavagadh,2025-04-24,21,Thursday,0,0,0,Cloudy,32.9,1238,2896,590
Pavagadh,2025-04-24,22,Thursday,0,0,0,Cloudy,30.1,590,2033,328
Pavagadh,2025-04-24,23,Thursday,0,0,0,Cloudy,28.3,328,1319,95
Pavagadh,2025-04-25,0,Friday,0,0,0,Clear,28.8,95,789,31
Pavagadh,2025-04-25,1,Friday,0,0,0,Clear,27.8,31,432,15
Pavagadh,2025-04-25,2,Friday,0,0,0,Clear,27.5,15,267,22
Pavagadh,2025-04-25,3,Friday,0,0,0,Clear,27.7,22,235,63
Pavagadh,2025-04-25,4,Friday,0,0,0,Clear,26.9,63,769,483
Pavagadh,2025-04-25,5,Friday,0,0,0,Clear,29.9,483,1370,679
Pavagadh,2025-04-25,6,Friday,0,0,0,Clear,30.6,679,2763,1544
Pavagadh,2025-04-25,7,Friday,0,0,0,Clear,32.8,1544,4202,1952
Pavagadh,2025-04-25,8,Friday,0,0,0,Clear,34.6,1952,5075,2065
Pavagadh,2025-04-25,9,Friday,0,0,0,Clear,35.3,2065,5267,1709
Pavagadh,2025-04-25,10,Friday,0,0,0,Clear,36.9,1709,4409,1226
Pavagadh,2025-04-25,11,Friday,0,0,0,Clear,39.1,1226,4134,1212
Pavagadh,2025-04-25,12,Friday,0,0,0,Clear,38.6,1212,3129,611
Pavagadh,2025-04-25,13,Friday,0,0,0,Clear,41.0,611,2607,623
Pavagadh,2025-04-25,14,Friday,0,0,0,Clear,41.0,623,2751,928
Pavagadh,2025-04-25,15,Friday,0,0,0,Clear,40.6,928,3147,1164
Pavagadh,2025-04-25,16,Friday,0,0,0,Clear,40.9,1164,3724,1482
Pavagadh,2025-04-25,17,Friday,0,0,0,Clear,38.2,1482,4736,2003
Pavagadh,2025-04-25,18,Friday,0,0,0,Clear,38.1,2003,6118,2526
Pavagadh,2025-04-25,19,Friday,0,0,0,Clear,36.4,2526,5372,1606
Pavagadh,2025-04-25,20,Friday,0,0,0,Clear,34.3,1606,5024,1314
Pavagadh,2025-04-25,21,Friday,0,0,0,Clear,31.2,1314,3959,824
Pavagadh,2025-04-25,22,Friday,0,0,0,Clear,30.3,824,2535,292
Pavagadh,2025-04-25,23,Friday,0,0,0,Clear,28.4,292,1758,130
Pavagadh,2025-04-26,0,Saturday,1,0,0,Rainy,27.0,130,940,27
Pavagadh,2025-04-26,1,Saturday,1,0,0,Rainy,25.9,27,573,18
Pavagadh,2025-04-26,2,Saturday,1,0,0,Rainy,28.2,18,325,18
Pavagadh,2025-04-26,3,Saturday,1,0,0,Rainy,25.8,18,252,52
Pavagadh,2025-04-26,4,Saturday,1,0,0,Heavy Rain,27.2,52,391,180
Pavagadh,2025-04-26,5,Saturday,1,0,0,Heavy Rain,28.7,180,818,444
Pavagadh,2025-04-26,6,Saturday,1,0,0,Heavy Rain,29.5,444,1370,673
Pavagadh,2025-04-26,7,Saturday,1,0,0,Heavy Rain,31.5,673,2030,989
Pavagadh,2025-04-26,8,Saturday,1,0,0,Heavy Rain,33.1,989,2376,969
Pavagadh,2025-04-26,9,Saturday,1,0,0,Heavy Rain,35.1,969,2697,916
Pavagadh,2025-04-26,10,Saturday,1,0,0,Heavy Rain,36.5,916,2466,734
Pavagadh,2025-04-26,11,Saturday,1,0,0,Heavy Rain,36.9,734,2355,724
Pavagadh,2025-04-26,12,Saturday,1,0,0,Heavy Rain,38.9,724,1863,383
Pavagadh,2025-04-26,13,Saturday,1,0,0,Heavy Rain,38.8,383,1512,356
Pavagadh,2025-04-26,14,Saturday,1,0,0,Heavy Rain,39.2,356,1397,420
Pavagadh,2025-04-26,15,Saturday,1,0,0,Heavy Rain,40.0,420,1695,666
Pavagadh,2025-04-26,16,Saturday,1,0,0,Heavy Rain,39.0,666,1989,744
Pavagadh,2025-04-26,17,Saturday,1,0,0,Heavy Rain,36.6,744,2530,1030
Pavagadh,2025-04-26,18,Saturday,1,0,0,Heavy Rain,36.2,1030,2701,972
Pavagadh,2025-04-26,19,Saturday,1,0,0,Heavy Rain,34.2,972,2805,925
Pavagadh,2025-04-26,20,Saturday,1,0,0,Heavy Rain,33.2,925,2523,683
Pavagadh,2025-04-26,21,Saturday,1,0,0,Heavy Rain,31.7,683,1748,346
Pavagadh,2025-04-26,22,Saturday,1,0,0,Rainy,29.8,346,1332,331
Pavagadh,2025-04-26,23,Saturday,1,0,0,Rainy,28.3,331,881,113
Pavagadh,2025-04-27,0,Sunday,1,0,0,Sunny,25.4,113,564,65
Pavagadh,2025-04-27,1,Sunday,1,0,0,Sunny,24.9,65,342,39
Pavagadh,2025-04-27,2,Sunday,1,0,0,Sunny,23.2,39,268,45
Pavagadh,2025-04-27,3,Sunday,1,0,0,Sunny,23.6,45,296,111
Pavagadh,2025-04-27,4,Sunday,1,0,0,Sunny,25.4,111,1404,925
Pavagadh,2025-04-27,5,Sunday,1,0,0,Sunny,25.4,925,2905,1599
Pavagadh,2025-04-27,6,Sunday,1,0,0,Sunny,26.6,1599,5769,3160
Pavagadh,2025-04-27,7,Sunday,1,0,0,Sunny,29.5,3160,7996,3699
Pavagadh,2025-04-27,8,Sunday,1,0,0,Sunny,31.8,3699,9897,4065
Pavagadh,2025-04-27,9,Sunday,1,0,0,Sunny,33.3,4065,10724,3882
Pavagadh,2025-04-27,10,Sunday,1,0,0,Sunny,34.1,3882,9703,2784
Pavagadh,2025-04-27,11,Sunday,1,0,0,Sunny,35.4,2784,9183,2875
Pavagadh,2025-04-27,12,Sunday,1,0,0,Sunny,37.4,2875,6943,1615
Pavagadh,2025-04-27,13,Sunday,1,0,0,Sunny,38.7,1615,6103,1563
Pavagadh,2025-04-27,14,Sunday,1,0,0,Sunny,37.1,1563,6096,1867
Pavagadh,2025-04-27,15,Sunday,1,0,0,Sunny,36.7,1867,7822,3285
Pavagadh,2025-04-27,16,Sunday,1,0,0,Sunny,36.5,3285,9182,3438
Pavagadh,2025-04-27,17,Sunday,1,0,0,Sunny,35.5,3438,10203,3770
Pavagadh,2025-04-27,18,Sunday,1,0,0,Sunny,34.9,3770,11567,4328
Pavagadh,2025-04-27,19,Sunday,1,0,0,Sunny,33.5,4328,11154,3713
Pavagadh,2025-04-27,20,Sunday,1,0,0,Sunny,31.2,3713,10782,3367
Pavagadh,2025-04-27,21,Sunday,1,0,0,Sunny,30.3,3367,8028,1496
Pavagadh,2025-04-27,22,Sunday,1,0,0,Sunny,28.4,1496,5788,816
Pavagadh,2025-04-27,23,Sunday,1,0,0,Sunny,25.9,816,3804,261
Pavagadh,2025-04-28,0,Monday,0,0,0,Clear,21.1,261,2095,29
Pavagadh,2025-04-28,1,Monday,0,0,0,Clear,19.7,29,1134,23
Pavagadh,2025-04-28,2,Monday,0,0,0,Clear,19.9,23,603,19
Pavagadh,2025-04-28,3,Monday,0,0,0,Clear,19.5,19,406,45
Pavagadh,2025-04-28,4,Monday,0,0,0,Clear,21.2,45,590,260
Pavagadh,2025-04-28,5,Monday,0,0,0,Clear,22.6,260,1311,729
Pavagadh,2025-04-28,6,Monday,0,0,0,Clear,23.9,729,3041,1695
Pavagadh,2025-04-28,7,Monday,0,0,0,Clear,25.3,1695,3568,1394
Pavagadh,2025-04-28,8,Monday,0,0,0,Clear,27.3,1394,4251,1733
Pavagadh,2025-04-28,9,Monday,0,0,0,Clear,28.9,1733,4319,1392
Pavagadh,2025-04-28,10,Monday,0,0,0,Clear,29.9,1392,3713,1031
Pavagadh,2025-04-28,11,Monday,0,0,0,Clear,31.5,1031,3662,1167
Pavagadh,2025-04-28,12,Monday,0,0,0,Clear,31.8,1167,3001,771
Pavagadh,2025-04-28,13,Monday,0,0,0,Clear,33.1,771,2443,590
Pavagadh,2025-04-28,14,Monday,0,0,0,Clear,35.4,590,2639,1009
Pavagadh,2025-04-28,15,Monday,0,0,0,Clear,33.3,1009,2820,1006
Pavagadh,2025-04-28,16,Monday,0,0,0,Clear,33.2,1006,3326,1356
Pavagadh,2025-04-28,17,Monday,0,0,0,Clear,32.2,1356,3838,1475
Pavagadh,2025-04-28,18,Monday,0,0,0,Clear,29.3,1475,4401,1638
Pavagadh,2025-04-28,19,Monday,0,0,0,Clear,28.2,1638,3972,1214
Pavagadh,2025-04-28,20,Monday,0,0,0,Clear,26.4,1214,3568,980
Pavagadh,2025-04-28,21,Monday,0,0,0,Clear,24.2,980,2812,620
Pavagadh,2025-04-28,22,Monday,0,0,0,Clear,23.3,620,1858,272
Pavagadh,2025-04-28,23,Monday,0,0,0,Clear,21.4,272,1174,88
Pavagadh,2025-04-29,0,Tuesday,0,0,0,Sunny,18.7,88,642,28
Pavagadh,2025-04-29,1,Tuesday,0,0,0,Sunny,18.0,28,370,20
Pavagadh,2025-04-29,2,Tuesday,0,0,0,Sunny,18.0,20,228,17
Pavagadh,2025-04-29,3,Tuesday,0,0,0,Sunny,18.0,17,168,41
Pavagadh,2025-04-29,4,Tuesday,0,0,0,Sunny,18.0,41,532,319
Pavagadh,2025-04-29,5,Tuesday,0,0,0,Sunny,19.0,319,1313,767
Pavagadh,2025-04-29,6,Tuesday,0,0,0,Sunny,20.0,767,1938,891
Pavagadh,2025-04-29,7,Tuesday,0,0,0,Sunny,21.5,891,3195,1597
Pavagadh,2025-04-29,8,Tuesday,0,0,0,Sunny,25.0,1597,4262,2005
Pavagadh,2025-04-29,9,Tuesday,0,0,0,Sunny,25.8,2005,4201,1319
Pavagadh,2025-04-29,10,Tuesday,0,0,0,Sunny,26.3,1319,4394,1455
Pavagadh,2025-04-29,11,Tuesday,0,0,0,Sunny,27.6,1455,3763,983
Pavagadh,2025-04-29,12,Tuesday,0,0,0,Sunny,29.9,983,3093,698
Pavagadh,2025-04-29,13,Tuesday,0,0,0,Sunny,30.1,698,2473,658
Pavagadh,2025-04-29,14,Tuesday,0,0,0,Sunny,30.4,658,2608,853
Pavagadh,2025-04-29,15,Tuesday,0,0,0,Sunny,30.3,853,2815,950
Pavagadh,2025-04-29,16,Tuesday,0,0,0,Sunny,29.5,950,3503,1454
Pavagadh,2025-04-29,17,Tuesday,0,0,0,Sunny,28.5,1454,3667,1378
Pavagadh,2025-04-29,18,Tuesday,0,0,0,Sunny,27.7,1378,4857,2096
Pavagadh,2025-04-29,19,Tuesday,0,0,0,Sunny,25.4,2096,4851,1581
Pavagadh,2025-04-29,20,Tuesday,0,0,0,Sunny,22.3,1581,4085,1182
Pavagadh,2025-04-29,21,Tuesday,0,0,0,Sunny,22.0,1182,2958,580
Pavagadh,2025-04-29,22,Tuesday,0,0,0,Sunny,20.5,580,2024,292
Pavagadh,2025-04-29,23,Tuesday,0,0,0,Sunny,19.9,292,1340,105
Pavagadh,2025-04-30,0,Wednesday,0,0,0,Clear,23.0,105,818,31
Pavagadh,2025-04-30,1,Wednesday,0,0,0,Clear,20.8,31,422,19
Pavagadh,2025-04-30,2,Wednesday,0,0,0,Clear,22.1,19,245,17
Pavagadh,2025-04-30,3,Wednesday,0,0,0,Clear,22.9,17,190,41
Pavagadh,2025-04-30,4,Wednesday,0,0,0,Clear,22.5,41,535,315
Pavagadh,2025-04-30,5,Wednesday,0,0,0,Clear,23.6,315,1271,723
Pavagadh,2025-04-30,6,Wednesday,0,0,0,Clear,25.5,723,2287,1156
Pavagadh,2025-04-30,7,Wednesday,0,0,0,Clear,27.5,1156,3287,1494
Pavagadh,2025-04-30,8,Wednesday,0,0,0,Clear,29.2,1494,4160,1763
Pavagadh,2025-04-30,9,Wednesday,0,0,0,Clear,31.2,1763,4735,1634
Pavagadh,2025-04-30,10,Wednesday,0,0,0,Clear,31.2,1634,4590,1360
Pavagadh,2025-04-30,11,Wednesday,0,0,0,Clear,34.1,1360,3697,996
Pavagadh,2025-04-30,12,Wednesday,0,0,0,Clear,35.5,996,2913,674
Pavagadh,2025-04-30,13,Wednesday,0,0,0,Clear,36.5,674,2393,537
Pavagadh,2025-04-30,14,Wednesday,0,0,0,Clear,35.0,537,2261,692
Pavagadh,2025-04-30,15,Wednesday,0,0,0,Clear,35.6,692,2797,1101
Pavagadh,2025-04-30,16,Wednesday,0,0,0,Clear,34.1,1101,3036,1129
Pavagadh,2025-04-30,17,Wednesday,0,0,0,Clear,33.7,1129,3483,1568
Pavagadh,2025-04-30,18,Wednesday,0,0,0,Clear,31.0,1568,4282,1692
Pavagadh,2025-04-30,19,Wednesday,0,0,0,Clear,30.0,1692,4285,1560
Pavagadh,2025-04-30,20,Wednesday,0,0,0,Clear,28.9,1560,3905,1106
Pavagadh,2025-04-30,21,Wednesday,0,0,0,Clear,26.5,1106,2926,519
Pavagadh,2025-04-30,22,Wednesday,0,0,0,Clear,24.5,519,2051,244
Pavagadh,2025-04-30,23,Wednesday,0,0,0,Clear,24.2,244,1289,93
Pavagadh,2025-05-01,0,Thursday,0,0,0,Clear,29.2,93,751,39
Pavagadh,2025-05-01,1,Thursday,0,0,0,Clear,29.2,39,429,20
Pavagadh,2025-05-01,2,Thursday,0,0,0,Clear,28.5,20,257,22
Pavagadh,2025-05-01,3,Thursday,0,0,0,Clear,29.3,22,210,52
Pavagadh,2025-05-01,4,Thursday,0,0,0,Clear,29.6,52,607,365
Pavagadh,2025-05-01,5,Thursday,0,0,0,Clear,29.5,365,1446,836
Pavagadh,2025-05-01,6,Thursday,0,0,0,Clear,32.3,836,2224,1073
Pavagadh,2025-05-01,7,Thursday,0,0,0,Clear,33.5,1073,3351,1616
Pavagadh,2025-05-01,8,Thursday,0,0,0,Clear,36.6,1616,4256,1727
Pavagadh,2025-05-01,9,Thursday,0,0,0,Clear,37.2,1727,4432,1731
Pavagadh,2025-05-01,10,Thursday,0,0,0,Clear,38.4,1731,4025,1224
Pavagadh,2025-05-01,11,Thursday,0,0,0,Clear,40.5,1224,3757,1149
Pavagadh,2025-05-01,12,Thursday,0,0,0,Clear,41.0,1149,3447,998
Pavagadh,2025-05-01,13,Thursday,0,0,0,Clear,40.5,998,2914,715
Pavagadh,2025-05-01,14,Thursday,0,0,0,Clear,41.0,715,2678,850
Pavagadh,2025-05-01,15,Thursday,0,0,0,Clear,41.0,850,2949,1036
Pavagadh,2025-05-01,16,Thursday,0,0,0,Clear,41.0,1036,3488,1330
Pavagadh,2025-05-01,17,Thursday,0,0,0,Clear,40.8,1330,4412,1708
Pavagadh,2025-05-01,18,Thursday,0,0,0,Clear,39.4,1708,4742,1692
Pavagadh,2025-05-01,19,Thursday,0,0,0,Clear,37.7,1692,5222,1876
Pavagadh,2025-05-01,20,Thursday,0,0,0,Clear,35.6,1876,4596,1300
Pavagadh,2025-05-01,21,Thursday,0,0,0,Clear,33.1,1300,3437,709
Pavagadh,2025-05-01,22,Thursday,0,0,0,Clear,33.8,709,2346,288
Pavagadh,2025-05-01,23,Thursday,0,0,0,Clear,30.4,288,1434,108
Pavagadh,2025-05-02,0,Friday,0,0,0,Clear,18.0,108,853,32
Pavagadh,2025-05-02,1,Friday,0,0,0,Clear,18.0,32,497,25
Pavagadh,2025-05-02,2,Friday,0,0,0,Clear,18.0,25,299,17
Pavagadh,2025-05-02,3,Friday,0,0,0,Clear,18.0,17,222,52
Pavagadh,2025-05-02,4,Friday,0,0,0,Clear,18.2,52,627,375
Pavagadh,2025-05-02,5,Friday,0,0,0,Clear,20.3,375,1228,655
Pavagadh,2025-05-02,6,Friday,0,0,0,Clear,21.1,655,2529,1396
Pavagadh,2025-05-02,7,Friday,0,0,0,Clear,23.4,1396,4478,2375
Pavagadh,2025-05-02,8,Friday,0,0,0,Clear,23.9,2375,4847,1792
Pavagadh,2025-05-02,9,Friday,0,0,0,Clear,26.9,1792,5237,1920
Pavagadh,2025-05-02,10,Friday,0,0,0,Clear,27.8,1920,4974,1472
Pavagadh,2025-05-02,11,Friday,0,0,0,Clear,29.7,1472,4256,1349
Pavagadh,2025-05-02,12,Friday,0,0,0,Clear,30.2,1349,3611,855
Pavagadh,2025-05-02,13,Friday,0,0,0,Clear,31.0,855,3041,818
Pavagadh,2025-05-02,14,Friday,0,0,0,Clear,31.7,818,2990,1077
Pavagadh,2025-05-02,15,Friday,0,0,0,Clear,30.1,1077,3408,1317
Pavagadh,2025-05-02,16,Friday,0,0,0,Clear,30.9,1317,4141,1631
Pavagadh,2025-05-02,17,Friday,0,0,0,Clear,28.7,1631,5081,2048
Pavagadh,2025-05-02,18,Friday,0,0,0,Clear,27.4,2048,5772,2402
Pavagadh,2025-05-02,19,Friday,0,0,0,Clear,26.3,2402,5033,1497
Pavagadh,2025-05-02,20,Friday,0,0,0,Clear,25.1,1497,4161,1149
Pavagadh,2025-05-02,21,Friday,0,0,0,Clear,23.1,1149,3308,669
Pavagadh,2025-05-02,22,Friday,0,0,0,Clear,21.5,669,2312,299
Pavagadh,2025-05-02,23,Friday,0,0,0,Clear,18.6,299,1349,116
Pavagadh,2025-05-03,0,Saturday,1,0,0,Clear,20.2,116,797,43
Pavagadh,2025-05-03,1,Saturday,1,0,0,Clear,18.5,43,452,27
Pavagadh,2025-05-03,2,Saturday,1,0,0,Clear,18.7,27,299,30
Pavagadh,2025-05-03,3,Saturday,1,0,0,Clear,18.6,30,271,74
Pavagadh,2025-05-03,4,Saturday,1,0,0,Clear,19.2,74,760,448
Pavagadh,2025-05-03,5,Saturday,1,0,0,Clear,20.1,448,1956,1149
Pavagadh,2025-05-03,6,Saturday,1,0,0,Clear,21.3,1149,3300,1634
Pavagadh,2025-05-03,7,Saturday,1,0,0,Clear,21.4,1634,5986,3020
Pavagadh,2025-05-03,8,Saturday,1,0,0,Clear,24.6,3020,8224,3402
Pavagadh,2025-05-03,9,Saturday,1,0,0,Clear,26.7,3402,8111,2635
Pavagadh,2025-05-03,10,Saturday,1,0,0,Clear,29.4,2635,6842,1801
Pavagadh,2025-05-03,11,Saturday,1,0,0,Clear,30.4,1801,6356,1927
Pavagadh,2025-05-03,12,Saturday,1,0,0,Clear,31.8,1927,5205,1251
Pavagadh,2025-05-03,13,Saturday,1,0,0,Clear,32.0,1251,4296,1056
Pavagadh,2025-05-03,14,Saturday,1,0,0,Clear,31.3,1056,4787,1837
Pavagadh,2025-05-03,15,Saturday,1,0,0,Clear,32.0,1837,5294,2102
Pavagadh,2025-05-03,16,Saturday,1,0,0,Clear,31.3,2102,6156,2210
Pavagadh,2025-05-03,17,Saturday,1,0,0,Clear,29.3,2210,6752,2500
Pavagadh,2025-05-03,18,Saturday,1,0,0,Clear,28.2,2500,7877,2805
Pavagadh,2025-05-03,19,Saturday,1,0,0,Clear,27.0,2805,7235,2213
Pavagadh,2025-05-03,20,Saturday,1,0,0,Clear,25.4,2213,6428,1899
Pavagadh,2025-05-03,21,Saturday,1,0,0,Clear,22.5,1899,4950,1058
Pavagadh,2025-05-03,22,Saturday,1,0,0,Clear,21.5,1058,3519,532
Pavagadh,2025-05-03,23,Saturday,1,0,0,Clear,20.5,532,2300,146
Pavagadh,2025-05-04,0,Sunday,1,0,0,Clear,19.4,146,1403,71
Pavagadh,2025-05-04,1,Sunday,1,0,0,Clear,18.3,71,846,42
Pavagadh,2025-05-04,2,Sunday,1,0,0,Clear,18.4,42,527,43
Pavagadh,2025-05-04,3,Sunday,1,0,0,Clear,18.5,43,457,117
Pavagadh,2025-05-04,4,Sunday,1,0,0,Clear,19.7,117,1535,944
Pavagadh,2025-05-04,5,Sunday,1,0,0,Clear,20.8,944,3132,1640
Pavagadh,2025-05-04,6,Sunday,1,0,0,Clear,21.8,1640,5697,2970
Pavagadh,2025-05-04,7,Sunday,1,0,0,Clear,24.0,2970,10010,5065
Pavagadh,2025-05-04,8,Sunday,1,0,0,Clear,25.3,5065,10950,4301
Pavagadh,2025-05-04,9,Sunday,1,0,0,Clear,27.1,4301,12433,4601
Pavagadh,2025-05-04,10,Sunday,1,0,0,Clear,29.5,4601,11446,3593
Pavagadh,2025-05-04,11,Sunday,1,0,0,Clear,31.3,3593,9251,2112
Pavagadh,2025-05-04,12,Sunday,1,0,0,Clear,30.0,2112,7324,1480
Pavagadh,2025-05-04,13,Sunday,1,0,0,Clear,31.5,1480,6084,1847
Pavagadh,2025-05-04,14,Sunday,1,0,0,Clear,32.1,1847,5546,1670
Pavagadh,2025-05-04,15,Sunday,1,0,0,Clear,32.8,1670,7314,3100
Pavagadh,2025-05-04,16,Sunday,1,0,0,Clear,30.3,3100,7904,2851
Pavagadh,2025-05-04,17,Sunday,1,0,0,Clear,29.7,2851,10688,4427
Pavagadh,2025-05-04,18,Sunday,1,0,0,Clear,28.2,4427,10906,3981
Pavagadh,2025-05-04,19,Sunday,1,0,0,Clear,27.0,3981,10944,3659
Pavagadh,2025-05-04,20,Sunday,1,0,0,Clear,26.0,3659,9861,2859
Pavagadh,2025-05-04,21,Sunday,1,0,0,Clear,23.8,2859,7577,1607
Pavagadh,2025-05-04,22,Sunday,1,0,0,Clear,21.7,1607,4993,590
Pavagadh,2025-05-04,23,Sunday,1,0,0,Clear,20.5,590,3083,242
Pavagadh,2025-05-05,0,Monday,0,0,0,Cloudy,23.0,242,1556,34
Pavagadh,2025-05-05,1,Monday,0,0,0,Cloudy,24.0,34,859,19
Pavagadh,2025-05-05,2,Monday,0,0,0,Cloudy,22.0,19,492,17
Pavagadh,2025-05-05,3,Monday,0,0,0,Cloudy,23.3,17,344,54
Pavagadh,2025-05-05,4,Monday,0,0,0,Cloudy,24.0,54,636,333
Pavagadh,2025-05-05,5,Monday,0,0,0,Cloudy,24.8,333,1272,675
Pavagadh,2025-05-05,6,Monday,0,0,0,Cloudy,25.7,675,2277,1159
Pavagadh,2025-05-05,7,Monday,0,0,0,Cloudy,27.2,1159,3340,1572
Pavagadh,2025-05-05,8,Monday,0,0,0,Cloudy,29.9,1572,4473,1990
Pavagadh,2025-05-05,9,Monday,0,0,0,Cloudy,31.8,1990,4493,1541
Pavagadh,2025-05-05,10,Monday,0,0,0,Cloudy,32.9,1541,4464,1492
Pavagadh,2025-05-05,11,Monday,0,0,0,Cloudy,35.1,1492,3678,1034
Pavagadh,2025-05-05,12,Monday,0,0,0,Cloudy,35.2,1034,2814,610
Pavagadh,2025-05-05,13,Monday,0,0,0,Cloudy,35.8,610,2744,794
Pavagadh,2025-05-05,14,Monday,0,0,0,Rainy,36.3,794,2443,607
Pavagadh,2025-05-05,15,Monday,0,0,0,Cloudy,35.7,607,2493,896
Pavagadh,2025-05-05,16,Monday,0,0,0,Rainy,35.9,896,2419,732
Pavagadh,2025-05-05,17,Monday,0,0,0,Cloudy,33.9,732,3250,1478
Pavagadh,2025-05-05,18,Monday,0,0,0,Cloudy,33.8,1478,4201,1766
Pavagadh,2025-05-05,19,Monday,0,0,0,Cloudy,31.8,1766,4170,1300
Pavagadh,2025-05-05,20,Monday,0,0,0,Cloudy,30.0,1300,4223,1306
Pavagadh,2025-05-05,21,Monday,0,0,0,Cloudy,27.9,1306,3271,699
Pavagadh,2025-05-05,22,Monday,0,0,0,Cloudy,26.3,699,2102,239
Pavagadh,2025-05-05,23,Monday,0,0,0,Cloudy,23.8,239,1354,90
Pavagadh,2025-05-06,0,Tuesday,0,0,0,Sunny,29.1,90,744,25
Pavagadh,2025-05-06,1,Tuesday,0,0,0,Sunny,29.1,25,398,15
Pavagadh,2025-05-06,2,Tuesday,0,0,0,Sunny,28.9,15,244,18
Pavagadh,2025-05-06,3,Tuesday,0,0,0,Sunny,28.7,18,210,56
Pavagadh,2025-05-06,4,Tuesday,0,0,0,Sunny,29.4,56,644,392
Pavagadh,2025-05-06,5,Tuesday,0,0,0,Sunny,31.3,392,1021,509
Pavagadh,2025-05-06,6,Tuesday,0,0,0,Sunny,31.3,509,2320,1266
Pavagadh,2025-05-06,7,Tuesday,0,0,0,Sunny,32.9,1266,3675,1671
Pavagadh,2025-05-06,8,Tuesday,0,0,0,Sunny,36.0,1671,4188,1540
Pavagadh,2025-05-06,9,Tuesday,0,0,0,Sunny,36.9,1540,4151,1332
Pavagadh,2025-05-06,10,Tuesday,0,0,0,Sunny,38.1,1332,3802,1242
Pavagadh,2025-05-06,11,Tuesday,0,0,0,Sunny,38.7,1242,3435,971
Pavagadh,2025-05-06,12,Tuesday,0,0,0,Sunny,40.1,971,2899,745
Pavagadh,2025-05-06,13,Tuesday,0,0,0,Sunny,41.0,745,2626,685
Pavagadh,2025-05-06,14,Tuesday,0,0,0,Sunny,41.0,685,2426,717
Pavagadh,2025-05-06,15,Tuesday,0,0,0,Sunny,41.0,717,2800,1082
Pavagadh,2025-05-06,16,Tuesday,0,0,0,Sunny,40.7,1082,3042,1180
Pavagadh,2025-05-06,17,Tuesday,0,0,0,Sunny,40.7,1180,3816,1666
Pavagadh,2025-05-06,18,Tuesday,0,0,0,Sunny,38.3,1666,4732,1985
Pavagadh,2025-05-06,19,Tuesday,0,0,0,Sunny,36.2,1985,4659,1460
Pavagadh,2025-05-06,20,Tuesday,0,0,0,Sunny,34.7,1460,3939,976
Pavagadh,2025-05-06,21,Tuesday,0,0,0,Sunny,32.6,976,2928,574
Pavagadh,2025-05-06,22,Tuesday,0,0,0,Sunny,32.1,574,1992,249
Pavagadh,2025-05-06,23,Tuesday,0,0,0,Sunny,31.0,249,1383,82
Pavagadh,2025-05-07,0,Wednesday,0,0,0,Rainy,18.2,82,778,18
Pavagadh,2025-05-07,1,Wednesday,0,0,0,Rainy,18.0,18,451,14
Pavagadh,2025-05-07,2,Wednesday,0,0,0,Rainy,18.0,14,262,9
Pavagadh,2025-05-07,3,Wednesday,0,0,0,Rainy,18.0,9,168,26
Pavagadh,2025-05-07,4,Wednesday,0,0,0,Rainy,18.0,26,340,185
Pavagadh,2025-05-07,5,Wednesday,0,0,0,Rainy,18.8,185,776,429
Pavagadh,2025-05-07,6,Wednesday,0,0,0,Rainy,20.2,429,1572,833
Pavagadh,2025-05-07,7,Wednesday,0,0,0,Rainy,20.6,833,2217,925
Pavagadh,2025-05-07,8,Wednesday,0,0,0,Rainy,22.0,925,2647,1036
Pavagadh,2025-05-07,9,Wednesday,0,0,0,Rainy,23.7,1036,2782,875
Pavagadh,2025-05-07,10,Wednesday,0,0,0,Rainy,26.5,875,2570,758
Pavagadh,2025-05-07,11,Wednesday,0,0,0,Rainy,27.5,758,2450,820
Pavagadh,2025-05-07,12,Wednesday,0,0,0,Rainy,28.6,820,1851,388
Pavagadh,2025-05-07,13,Wednesday,0,0,0,Rainy,29.4,388,1599,469
Pavagadh,2025-05-07,14,Wednesday,0,0,0,Rainy,30.1,469,1608,499
Pavagadh,2025-05-07,15,Wednesday,0,0,0,Rainy,28.9,499,1811,682
Pavagadh,2025-05-07,16,Wednesday,0,0,0,Rainy,26.3,682,1904,669
Pavagadh,2025-05-07,17,Wednesday,0,0,0,Heavy Rain,28.8,669,1828,572
Pavagadh,2025-05-07,18,Wednesday,0,0,0,Rainy,26.2,572,2746,1248
Pavagadh,2025-05-07,19,Wednesday,0,0,0,Rainy,24.3,1248,2537,805
Pavagadh,2025-05-07,20,Wednesday,0,0,0,Rainy,23.1,805,2432,727
Pavagadh,2025-05-07,21,Wednesday,0,0,0,Rainy,22.0,727,1925,424
Pavagadh,2025-05-07,22,Wednesday,0,0,0,Rainy,20.8,424,1325,174
Pavagadh,2025-05-07,23,Wednesday,0,0,0,Rainy,18.6,174,800,57
Pavagadh,2025-05-08,0,Thursday,0,0,0,Clear,19.6,57,470,28
Pavagadh,2025-05-08,1,Thursday,0,0,0,Clear,18.0,28,279,20
Pavagadh,2025-05-08,2,Thursday,0,0,0,Clear,18.1,20,176,19
Pavagadh,2025-05-08,3,Thursday,0,0,0,Clear,18.0,19,148,41
Pavagadh,2025-05-08,4,Thursday,0,0,0,Clear,18.2,41,554,344
Pavagadh,2025-05-08,5,Thursday,0,0,0,Clear,19.6,344,1196,667
Pavagadh,2025-05-08,6,Thursday,0,0,0,Clear,21.8,667,2443,1323
Pavagadh,2025-05-08,7,Thursday,0,0,0,Clear,22.1,1323,3258,1409
Pavagadh,2025-05-08,8,Thursday,0,0,0,Clear,24.7,1409,4172,1719
Pavagadh,2025-05-08,9,Thursday,0,0,0,Clear,25.6,1719,4474,1593
Pavagadh,2025-05-08,10,Thursday,0,0,0,Clear,27.3,1593,4182,1212
Pavagadh,2025-05-08,11,Thursday,0,0,0,Clear,28.6,1212,4307,1439
Pavagadh,2025-05-08,12,Thursday,0,0,0,Clear,30.3,1439,3438,723
Pavagadh,2025-05-08,13,Thursday,0,0,0,Clear,30.8,723,2869,623
Pavagadh,2025-05-08,14,Thursday,0,0,0,Clear,31.0,623,2603,804
Pavagadh,2025-05-08,15,Thursday,0,0,0,Clear,31.2,804,3034,1098
Pavagadh,2025-05-08,16,Thursday,0,0,0,Clear,29.8,1098,3179,1135
Pavagadh,2025-05-08,17,Thursday,0,0,0,Clear,28.9,1135,4053,1673
Pavagadh,2025-05-08,18,Thursday,0,0,0,Clear,29.3,1673,4305,1720
Pavagadh,2025-05-08,19,Thursday,0,0,0,Clear,26.2,1720,4351,1554
Pavagadh,2025-05-08,20,Thursday,0,0,0,Clear,24.7,1554,3958,1136
Pavagadh,2025-05-08,21,Thursday,0,0,0,Clear,23.3,1136,3107,645
Pavagadh,2025-05-08,22,Thursday,0,0,0,Clear,20.2,645,2016,249
Pavagadh,2025-05-08,23,Thursday,0,0,0,Clear,19.3,249,1215,93
Pavagadh,2025-05-09,0,Friday,0,0,0,Cloudy,21.5,93,686,28
Pavagadh,2025-05-09,1,Friday,0,0,0,Cloudy,21.2,28,428,21
Pavagadh,2025-05-09,2,Friday,0,0,0,Cloudy,21.0,21,279,20
Pavagadh,2025-05-09,3,Friday,0,0,0,Cloudy,21.7,20,210,42
Pavagadh,2025-05-09,4,Friday,0,0,0,Cloudy,21.1,42,591,356
Pavagadh,2025-05-09,5,Friday,0,0,0,Cloudy,21.9,356,1489,876
Pavagadh,2025-05-09,6,Friday,0,0,0,Cloudy,23.9,876,2496,1204
Pavagadh,2025-05-09,7,Friday,0,0,0,Cloudy,25.5,1204,4019,1950
Pavagadh,2025-05-09,8,Friday,0,0,0,Cloudy,27.0,1950,5018,1956
Pavagadh,2025-05-09,9,Friday,0,0,0,Cloudy,28.4,1956,4371,1274
Pavagadh,2025-05-09,10,Friday,0,0,0,Cloudy,29.8,1274,4609,1649
Pavagadh,2025-05-09,11,Friday,0,0,0,Cloudy,32.4,1649,4171,1211
Pavagadh,2025-05-09,12,Friday,0,0,0,Cloudy,33.0,1211,3668,1002
Pavagadh,2025-05-09,13,Friday,0,0,0,Cloudy,34.3,1002,3124,832
Pavagadh,2025-05-09,14,Friday,0,0,0,Rainy,33.8,832,2390,577
Pavagadh,2025-05-09,15,Friday,0,0,0,Rainy,34.4,577,2195,681
Pavagadh,2025-05-09,16,Friday,0,0,0,Cloudy,33.6,681,3442,1644
Pavagadh,2025-05-09,17,Friday,0,0,0,Cloudy,30.7,1644,4996,2239
Pavagadh,2025-05-09,18,Friday,0,0,0,Cloudy,30.3,2239,5647,2094
Pavagadh,2025-05-09,19,Friday,0,0,0,Cloudy,28.4,2094,4633,1227
Pavagadh,2025-05-09,20,Friday,0,0,0,Cloudy,25.9,1227,3883,1150
Pavagadh,2025-05-09,21,Friday,0,0,0,Cloudy,26.0,1150,3054,637
Pavagadh,2025-05-09,22,Friday,0,0,0,Cloudy,24.3,637,1984,342
Pavagadh,2025-05-09,23,Friday,0,0,0,Cloudy,23.1,342,1284,110
Pavagadh,2025-05-10,0,Saturday,1,0,0,Clear,31.2,110,732,50
Pavagadh,2025-05-10,1,Saturday,1,0,0,Clear,29.9,50,435,25
Pavagadh,2025-05-10,2,Saturday,1,0,0,Clear,29.0,25,262,30
Pavagadh,2025-05-10,3,Saturday,1,0,0,Clear,28.6,30,240,72
Pavagadh,2025-05-10,4,Saturday,1,0,0,Clear,29.9,72,989,633
Pavagadh,2025-05-10,5,Saturday,1,0,0,Clear,31.4,633,1976,1089
Pavagadh,2025-05-10,6,Saturday,1,0,0,Clear,32.6,1089,4540,2549
Pavagadh,2025-05-10,7,Saturday,1,0,0,Clear,34.9,2549,6614,2998
Pavagadh,2025-05-10,8,Saturday,1,0,0,Clear,36.0,2998,6972,2498
Pavagadh,2025-05-10,9,Saturday,1,0,0,Clear,37.4,2498,7086,2609
Pavagadh,2025-05-10,10,Saturday,1,0,0,Clear,38.9,2609,6776,2234
Pavagadh,2025-05-10,11,Saturday,1,0,0,Clear,40.1,2234,5823,1590
Pavagadh,2025-05-10,12,Saturday,1,0,0,Clear,40.2,1590,4856,1112
Pavagadh,2025-05-10,13,Saturday,1,0,0,Clear,41.0,1112,3937,1119
Pavagadh,2025-05-10,14,Saturday,1,0,0,Clear,41.0,1119,3936,1274
Pavagadh,2025-05-10,15,Saturday,1,0,0,Clear,41.0,1274,4633,1875
Pavagadh,2025-05-10,16,Saturday,1,0,0,Clear,41.0,1875,6027,2611
Pavagadh,2025-05-10,17,Saturday,1,0,0,Clear,40.0,2611,7142,2669
Pavagadh,2025-05-10,18,Saturday,1,0,0,Clear,38.7,2669,7559,2815
Pavagadh,2025-05-10,19,Saturday,1,0,0,Clear,38.2,2815,7748,2517
Pavagadh,2025-05-10,20,Saturday,1,0,0,Clear,36.8,2517,6153,1521
Pavagadh,2025-05-10,21,Saturday,1,0,0,Clear,33.9,1521,4918,1073
Pavagadh,2025-05-10,22,Saturday,1,0,0,Clear,32.3,1073,3401,420
Pavagadh,2025-05-10,23,Saturday,1,0,0,Clear,31.5,420,1883,158
Pavagadh,2025-05-11,0,Sunday,1,0,0,Clear,19.1,158,1122,70
Pavagadh,2025-05-11,1,Sunday,1,0,0,Clear,18.0,70,646,42
Pavagadh,2025-05-11,2,Sunday,1,0,0,Clear,18.0,42,382,41
Pavagadh,2025-05-11,3,Sunday,1,0,0,Clear,18.0,41,351,99
Pavagadh,2025-05-11,4,Sunday,1,0,0,Clear,18.0,99,1440,918
Pavagadh,2025-05-11,5,Sunday,1,0,0,Clear,18.8,918,3033,1685
Pavagadh,2025-05-11,6,Sunday,1,0,0,Clear,21.2,1685,6907,3808
Pavagadh,2025-05-11,7,Sunday,1,0,0,Clear,22.0,3808,9376,3917
Pavagadh,2025-05-11,8,Sunday,1,0,0,Clear,24.5,3917,11733,4747
Pavagadh,2025-05-11,9,Sunday,1,0,0,Clear,25.9,4747,11083,3719
Pavagadh,2025-05-11,10,Sunday,1,0,0,Clear,27.0,3719,9844,2856
Pavagadh,2025-05-11,11,Sunday,1,0,0,Clear,28.9,2856,8956,2580
Pavagadh,2025-05-11,12,Sunday,1,0,0,Clear,30.3,2580,7443,1730
Pavagadh,2025-05-11,13,Sunday,1,0,0,Clear,31.3,1730,6239,1672
Pavagadh,2025-05-11,14,Sunday,1,0,0,Clear,31.4,1672,6301,2047
Pavagadh,2025-05-11,15,Sunday,1,0,0,Clear,31.5,2047,7413,2722
Pavagadh,2025-05-11,16,Sunday,1,0,0,Clear,29.9,2722,8536,3129
Pavagadh,2025-05-11,17,Sunday,1,0,0,Clear,28.3,3129,11929,5132
Pavagadh,2025-05-11,18,Sunday,1,0,0,Clear,27.6,5132,13689,5119
Pavagadh,2025-05-11,19,Sunday,1,0,0,Clear,25.1,5119,12087,3297
Pavagadh,2025-05-11,20,Sunday,1,0,0,Clear,24.3,3297,11056,3191
Pavagadh,2025-05-11,21,Sunday,1,0,0,Clear,21.7,3191,8318,1490
Pavagadh,2025-05-11,22,Sunday,1,0,0,Clear,19.8,1490,5267,576
Pavagadh,2025-05-11,23,Sunday,1,0,0,Clear,20.0,576,3262,221
Pavagadh,2025-05-12,0,Monday,0,0,0,Clear,23.6,221,1725,32
Pavagadh,2025-05-12,1,Monday,0,0,0,Clear,23.2,32,942,22
Pavagadh,2025-05-12,2,Monday,0,0,0,Clear,22.1,22,556,15
Pavagadh,2025-05-12,3,Monday,0,0,0,Clear,23.7,15,348,46
Pavagadh,2025-05-12,4,Monday,0,0,0,Clear,23.9,46,696,383
Pavagadh,2025-05-12,5,Monday,0,0,0,Clear,25.7,383,1145,581
Pavagadh,2025-05-12,6,Monday,0,0,0,Clear,26.5,581,2616,1437
Pavagadh,2025-05-12,7,Monday,0,0,0,Clear,28.6,1437,4079,1946
Pavagadh,2025-05-12,8,Monday,0,0,0,Clear,29.3,1946,5131,2026
Pavagadh,2025-05-12,9,Monday,0,0,0,Clear,32.0,2026,5296,1687
Pavagadh,2025-05-12,10,Monday,0,0,0,Clear,33.3,1687,4810,1327
Pavagadh,2025-05-12,11,Monday,0,0,0,Clear,34.7,1327,4268,1215
Pavagadh,2025-05-12,12,Monday,0,0,0,Clear,36.0,1215,3509,842
Pavagadh,2025-05-12,13,Monday,0,0,0,Clear,35.7,842,2855,772
Pavagadh,2025-05-12,14,Monday,0,0,0,Clear,35.8,772,2486,824
Pavagadh,2025-05-12,15,Monday,0,0,0,Clear,37.1,824,2886,1047
Pavagadh,2025-05-12,16,Monday,0,0,0,Clear,36.6,1047,3520,1352
Pavagadh,2025-05-12,17,Monday,0,0,0,Clear,33.8,1352,4322,1801
Pavagadh,2025-05-12,18,Monday,0,0,0,Clear,33.5,1801,5138,2059
Pavagadh,2025-05-12,19,Monday,0,0,0,Clear,31.8,2059,5150,1702
Pavagadh,2025-05-12,20,Monday,0,0,0,Clear,31.2,1702,4580,1121
Pavagadh,2025-05-12,21,Monday,0,0,0,Clear,28.7,1121,3425,532
Pavagadh,2025-05-12,22,Monday,0,0,0,Clear,27.0,532,2309,289
Pavagadh,2025-05-12,23,Monday,0,0,0,Clear,25.3,289,1395,112
Pavagadh,2025-05-13,0,Tuesday,0,0,0,Clear,24.8,112,853,28
Pavagadh,2025-05-13,1,Tuesday,0,0,0,Clear,25.1,28,452,13
Pavagadh,2025-05-13,2,Tuesday,0,0,0,Clear,25.2,13,288,17
Pavagadh,2025-05-13,3,Tuesday,0,0,0,Clear,25.3,17,215,40
Pavagadh,2025-05-13,4,Tuesday,0,0,0,Clear,26.5,40,604,360
Pavagadh,2025-05-13,5,Tuesday,0,0,0,Clear,27.0,360,1292,720
Pavagadh,2025-05-13,6,Tuesday,0,0,0,Clear,28.7,720,2256,1147
Pavagadh,2025-05-13,7,Tuesday,0,0,0,Clear,29.9,1147,3397,1509
Pavagadh,2025-05-13,8,Tuesday,0,0,0,Clear,31.4,1509,4080,1538
Pavagadh,2025-05-13,9,Tuesday,0,0,0,Clear,33.6,1538,4263,1581
Pavagadh,2025-05-13,10,Tuesday,0,0,0,Clear,35.1,1581,4087,1349
Pavagadh,2025-05-13,11,Tuesday,0,0,0,Clear,36.7,1349,3500,981
Pavagadh,2025-05-13,12,Tuesday,0,0,0,Clear,38.0,981,3020,802
Pavagadh,2025-05-13,13,Tuesday,0,0,0,Clear,38.3,802,2596,717
Pavagadh,2025-05-13,14,Tuesday,0,0,0,Clear,38.5,717,2312,709
Pavagadh,2025-05-13,15,Tuesday,0,0,0,Clear,37.8,709,2433,840
Pavagadh,2025-05-13,16,Tuesday,0,0,0,Clear,36.9,840,2835,1072
Pavagadh,2025-05-13,17,Tuesday,0,0,0,Clear,36.7,1072,3655,1512
Pavagadh,2025-05-13,18,Tuesday,0,0,0,Clear,34.5,1512,4252,1630
Pavagadh,2025-05-13,19,Tuesday,0,0,0,Clear,34.0,1630,4073,1336
Pavagadh,2025-05-13,20,Tuesday,0,0,0,Clear,32.2,1336,3781,1129
Pavagadh,2025-05-13,21,Tuesday,0,0,0,Clear,30.6,1129,3161,773
Pavagadh,2025-05-13,22,Tuesday,0,0,0,Clear,28.0,773,2043,278
Pavagadh,2025-05-13,23,Tuesday,0,0,0,Clear,27.7,278,1221,80
Pavagadh,2025-05-14,0,Wednesday,0,0,0,Sunny,18.6,80,715,29
Pavagadh,2025-05-14,1,Wednesday,0,0,0,Sunny,18.0,29,411,17
Pavagadh,2025-05-14,2,Wednesday,0,0,0,Sunny,18.0,17,253,21
Pavagadh,2025-05-14,3,Wednesday,0,0,0,Sunny,18.8,21,185,44
Pavagadh,2025-05-14,4,Wednesday,0,0,0,Sunny,18.2,44,523,312
Pavagadh,2025-05-14,5,Wednesday,0,0,0,Sunny,19.9,312,1206,684
Pavagadh,2025-05-14,6,Wednesday,0,0,0,Sunny,20.3,684,2233,1148
Pavagadh,2025-05-14,7,Wednesday,0,0,0,Sunny,23.0,1148,3180,1400
Pavagadh,2025-05-14,8,Wednesday,0,0,0,Sunny,24.6,1400,3775,1485
Pavagadh,2025-05-14,9,Wednesday,0,0,0,Sunny,26.2,1485,3686,1297
Pavagadh,2025-05-14,10,Wednesday,0,0,0,Sunny,27.8,1297,3779,1184
Pavagadh,2025-05-14,11,Wednesday,0,0,0,Sunny,29.9,1184,3645,1087
Pavagadh,2025-05-14,12,Wednesday,0,0,0,Sunny,29.4,1087,2813,609
Pavagadh,2025-05-14,13,Wednesday,0,0,0,Sunny,29.9,609,2363,649
Pavagadh,2025-05-14,14,Wednesday,0,0,0,Sunny,31.0,649,2344,743
Pavagadh,2025-05-14,15,Wednesday,0,0,0,Sunny,30.8,743,2465,936
Pavagadh,2025-05-14,16,Wednesday,0,0,0,Sunny,30.1,936,2859,1051
Pavagadh,2025-05-14,17,Wednesday,0,0,0,Sunny,29.2,1051,3897,1778
Pavagadh,2025-05-14,18,Wednesday,0,0,0,Sunny,27.8,1778,4329,1607
Pavagadh,2025-05-14,19,Wednesday,0,0,0,Sunny,25.3,1607,4127,1415
Pavagadh,2025-05-14,20,Wednesday,0,0,0,Sunny,24.1,1415,3656,880
Pavagadh,2025-05-14,21,Wednesday,0,0,0,Sunny,22.6,880,2924,626
Pavagadh,2025-05-14,22,Wednesday,0,0,0,Sunny,20.1,626,1980,244
Pavagadh,2025-05-14,23,Wednesday,0,0,0,Sunny,19.6,244,1235,82
Pavagadh,2025-05-15,0,Thursday,0,0,0,Cloudy,27.0,82,710,25
Pavagadh,2025-05-15,1,Thursday,0,0,0,Cloudy,25.0,25,409,17
Pavagadh,2025-05-15,2,Thursday,0,0,0,Cloudy,26.3,17,242,19
Pavagadh,2025-05-15,3,Thursday,0,0,0,Cloudy,25.7,19,201,52
Pavagadh,2025-05-15,4,Thursday,0,0,0,Cloudy,26.9,52,575,344
Pavagadh,2025-05-15,5,Thursday,0,0,0,Cloudy,27.8,344,1179,645
Pavagadh,2025-05-15,6,Thursday,0,0,0,Cloudy,29.3,645,1946,970
Pavagadh,2025-05-15,7,Thursday,0,0,0,Cloudy,31.2,970,3304,1599
Pavagadh,2025-05-15,8,Thursday,0,0,0,Cloudy,33.1,1599,4163,1736
Pavagadh,2025-05-15,9,Thursday,0,0,0,Cloudy,34.0,1736,4442,1567
Pavagadh,2025-05-15,10,Thursday,0,0,0,Cloudy,35.7,1567,3959,1128
Pavagadh,2025-05-15,11,Thursday,0,0,0,Cloudy,38.0,1128,3587,1042
Pavagadh,2025-05-15,12,Thursday,0,0,0,Cloudy,38.6,1042,3021,758
Pavagadh,2025-05-15,13,Thursday,0,0,0,Cloudy,39.0,758,2540,589
Pavagadh,2025-05-15,14,Thursday,0,0,0,Cloudy,39.0,589,2663,917
Pavagadh,2025-05-15,15,Thursday,0,0,0,Cloudy,39.8,917,2809,1033
Pavagadh,2025-05-15,16,Thursday,0,0,0,Cloudy,37.9,1033,2922,1040
Pavagadh,2025-05-15,17,Thursday,0,0,0,Rainy,36.5,1040,3130,1098
Pavagadh,2025-05-15,18,Thursday,0,0,0,Cloudy,36.2,1098,4324,1884
Pavagadh,2025-05-15,19,Thursday,0,0,0,Cloudy,34.4,1884,4433,1440
Pavagadh,2025-05-15,20,Thursday,0,0,0,Cloudy,33.0,1440,3629,898
Pavagadh,2025-05-15,21,Thursday,0,0,0,Cloudy,29.8,898,2624,503
Pavagadh,2025-05-15,22,Thursday,0,0,0,Cloudy,29.2,503,1659,255
Pavagadh,2025-05-15,23,Thursday,0,0,0,Cloudy,28.3,255,1045,82
Pavagadh,2025-05-16,0,Friday,0,0,0,Sunny,18.0,82,629,31
Pavagadh,2025-05-16,1,Friday,0,0,0,Sunny,18.0,31,380,22
Pavagadh,2025-05-16,2,Friday,0,0,0,Sunny,18.0,22,230,23
Pavagadh,2025-05-16,3,Friday,0,0,0,Sunny,18.0,23,199,50
Pavagadh,2025-05-16,4,Friday,0,0,0,Sunny,18.0,50,669,413
Pavagadh,2025-05-16,5,Friday,0,0,0,Sunny,18.3,413,1502,844
Pavagadh,2025-05-16,6,Friday,0,0,0,Sunny,20.1,844,2650,1401
Pavagadh,2025-05-16,7,Friday,0,0,0,Sunny,21.2,1401,4254,2045
Pavagadh,2025-05-16,8,Friday,0,0,0,Sunny,24.1,2045,4968,1961
Pavagadh,2025-05-16,9,Friday,0,0,0,Sunny,24.6,1961,4884,1642
Pavagadh,2025-05-16,10,Friday,0,0,0,Sunny,25.7,1642,4176,1161
Pavagadh,2025-05-16,11,Friday,0,0,0,Sunny,27.7,1161,4060,1355
Pavagadh,2025-05-16,12,Friday,0,0,0,Sunny,28.4,1355,3420,989
Pavagadh,2025-05-16,13,Friday,0,0,0,Sunny,29.3,989,2973,858
Pavagadh,2025-05-16,14,Friday,0,0,0,Sunny,28.7,858,3239,1140
Pavagadh,2025-05-16,15,Friday,0,0,0,Sunny,29.9,1140,3444,1189
Pavagadh,2025-05-16,16,Friday,0,0,0,Sunny,27.3,1189,4013,1503
Pavagadh,2025-05-16,17,Friday,0,0,0,Sunny,26.9,1503,4793,1889
Pavagadh,2025-05-16,18,Friday,0,0,0,Sunny,25.9,1889,5565,2132
Pavagadh,2025-05-16,19,Friday,0,0,0,Sunny,24.9,2132,5183,1666
Pavagadh,2025-05-16,20,Friday,0,0,0,Sunny,23.2,1666,4735,1365
Pavagadh,2025-05-16,21,Friday,0,0,0,Sunny,21.3,1365,3794,797
Pavagadh,2025-05-16,22,Friday,0,0,0,Sunny,19.9,797,2480,332
Pavagadh,2025-05-16,23,Friday,0,0,0,Sunny,19.1,332,1478,95
Pavagadh,2025-05-17,0,Saturday,1,0,0,Clear,23.2,95,875,45
Pavagadh,2025-05-17,1,Saturday,1,0,0,Clear,22.3,45,547,33
Pavagadh,2025-05-17,2,Saturday,1,0,0,Clear,21.5,33,349,38
Pavagadh,2025-05-17,3,Saturday,1,0,0,Clear,22.7,38,298,78
Pavagadh,2025-05-17,4,Saturday,1,0,0,Clear,23.4,78,1011,623
Pavagadh,2025-05-17,5,Saturday,1,0,0,Clear,23.9,623,2065,1129
Pavagadh,2025-05-17,6,Saturday,1,0,0,Clear,25.9,1129,4090,2203
Pavagadh,2025-05-17,7,Saturday,1,0,0,Clear,27.9,2203,6422,2939
Pavagadh,2025-05-17,8,Saturday,1,0,0,Clear,28.3,2939,7248,2778
Pavagadh,2025-05-17,9,Saturday,1,0,0,Clear,32.1,2778,7628,2511
Pavagadh,2025-05-17,10,Saturday,1,0,0,Clear,32.7,2511,7051,2107
Pavagadh,2025-05-17,11,Saturday,1,0,0,Clear,33.8,2107,6589,2033
Pavagadh,2025-05-17,12,Saturday,1,0,0,Clear,34.2,2033,5252,1360
Pavagadh,2025-05-17,13,Saturday,1,0,0,Clear,35.4,1360,4582,1208
Pavagadh,2025-05-17,14,Saturday,1,0,0,Clear,35.1,1208,4217,1146
Pavagadh,2025-05-17,15,Saturday,1,0,0,Clear,35.1,1146,4478,1501
Pavagadh,2025-05-17,16,Saturday,1,0,0,Clear,35.0,1501,5396,1943
Pavagadh,2025-05-17,17,Saturday,1,0,0,Clear,33.2,1943,7321,3006
Pavagadh,2025-05-17,18,Saturday,1,0,0,Clear,32.6,3006,7866,3058
Pavagadh,2025-05-17,19,Saturday,1,0,0,Clear,31.7,3058,7663,2698
Pavagadh,2025-05-17,20,Saturday,1,0,0,Clear,29.7,2698,6636,1837
Pavagadh,2025-05-17,21,Saturday,1,0,0,Clear,26.7,1837,5263,1086
Pavagadh,2025-05-17,22,Saturday,1,0,0,Clear,25.2,1086,4009,463
Pavagadh,2025-05-17,23,Saturday,1,0,0,Clear,24.4,463,2330,171
Pavagadh,2025-05-18,0,Sunday,1,0,0,Clear,29.4,171,1466,81
Pavagadh,2025-05-18,1,Sunday,1,0,0,Clear,30.5,81,918,45
Pavagadh,2025-05-18,2,Sunday,1,0,0,Clear,27.8,45,597,49
Pavagadh,2025-05-18,3,Sunday,1,0,0,Clear,29.1,49,500,129
Pavagadh,2025-05-18,4,Sunday,1,0,0,Clear,30.1,129,1338,771
Pavagadh,2025-05-18,5,Sunday,1,0,0,Clear,31.0,771,2852,1591
Pavagadh,2025-05-18,6,Sunday,1,0,0,Clear,32.4,1591,5859,3141
Pavagadh,2025-05-18,7,Sunday,1,0,0,Clear,33.8,3141,8776,4041
Pavagadh,2025-05-18,8,Sunday,1,0,0,Clear,35.4,4041,10526,4237
Pavagadh,2025-05-18,9,Sunday,1,0,0,Clear,37.7,4237,10501,3519
Pavagadh,2025-05-18,10,Sunday,1,0,0,Clear,39.3,3519,11161,3980
Pavagadh,2025-05-18,11,Sunday,1,0,0,Clear,41.0,3980,9915,3097
Pavagadh,2025-05-18,12,Sunday,1,0,0,Clear,41.0,3097,8412,2155
Pavagadh,2025-05-18,13,Sunday,1,0,0,Clear,41.0,2155,7224,1741
Pavagadh,2025-05-18,14,Sunday,1,0,0,Clear,41.0,1741,6027,1869
Pavagadh,2025-05-18,15,Sunday,1,0,0,Clear,41.0,1869,6372,2388
Pavagadh,2025-05-18,16,Sunday,1,0,0,Clear,41.0,2388,7766,3135
Pavagadh,2025-05-18,17,Sunday,1,0,0,Clear,40.5,3135,10136,4317
Pavagadh,2025-05-18,18,Sunday,1,0,0,Clear,40.0,4317,11683,4157
Pavagadh,2025-05-18,19,Sunday,1,0,0,Clear,38.3,4157,12375,4347
Pavagadh,2025-05-18,20,Sunday,1,0,0,Clear,35.8,4347,10855,2557
Pavagadh,2025-05-18,21,Sunday,1,0,0,Clear,34.9,2557,8166,1410
Pavagadh,2025-05-18,22,Sunday,1,0,0,Clear,32.1,1410,5634,709
Pavagadh,2025-05-18,23,Sunday,1,0,0,Clear,32.1,709,3394,234
Pavagadh,2025-05-19,0,Monday,0,0,0,Cloudy,24.4,234,1729,27
Pavagadh,2025-05-19,1,Monday,0,0,0,Cloudy,21.8,27,920,19
Pavagadh,2025-05-19,2,Monday,0,0,0,Cloudy,22.7,19,583,18
Pavagadh,2025-05-19,3,Monday,0,0,0,Cloudy,23.4,18,396,50
Pavagadh,2025-05-19,4,Monday,0,0,0,Cloudy,22.5,50,615,304
Pavagadh,2025-05-19,5,Monday,0,0,0,Cloudy,26.0,304,1074,550
Pavagadh,2025-05-19,6,Monday,0,0,0,Cloudy,26.2,550,2071,1094
Pavagadh,2025-05-19,7,Monday,0,0,0,Cloudy,28.0,1094,3302,1581
Pavagadh,2025-05-19,8,Monday,0,0,0,Cloudy,29.8,1581,4301,1766
Pavagadh,2025-05-19,9,Monday,0,0,0,Cloudy,30.4,1766,4452,1637
Pavagadh,2025-05-19,10,Monday,0,0,0,Cloudy,32.6,1637,4247,1295
Pavagadh,2025-05-19,11,Monday,0,0,0,Cloudy,34.7,1295,3790,936
Pavagadh,2025-05-19,12,Monday,0,0,0,Cloudy,35.2,936,2855,669
Pavagadh,2025-05-19,13,Monday,0,0,0,Cloudy,35.3,669,2324,540
Pavagadh,2025-05-19,14,Monday,0,0,0,Rainy,36.7,540,1903,473
Pavagadh,2025-05-19,15,Monday,0,0,0,Rainy,35.4,473,1988,687
Pavagadh,2025-05-19,16,Monday,0,0,0,Cloudy,34.9,687,2856,1296
Pavagadh,2025-05-19,17,Monday,0,0,0,Cloudy,34.4,1296,3593,1462
Pavagadh,2025-05-19,18,Monday,0,0,0,Cloudy,32.2,1462,4571,1919
Pavagadh,2025-05-19,19,Monday,0,0,0,Cloudy,30.6,1919,4541,1585
Pavagadh,2025-05-19,20,Monday,0,0,0,Cloudy,29.6,1585,3970,1180
Pavagadh,2025-05-19,21,Monday,0,0,0,Cloudy,27.7,1180,2944,731
Pavagadh,2025-05-19,22,Monday,0,0,0,Cloudy,27.2,731,1873,230
Pavagadh,2025-05-19,23,Monday,0,0,0,Cloudy,25.2,230,1178,98
Pavagadh,2025-05-20,0,Tuesday,0,0,0,Clear,25.3,98,725,29
Pavagadh,2025-05-20,1,Tuesday,0,0,0,Clear,23.5,29,437,13
Pavagadh,2025-05-20,2,Tuesday,0,0,0,Clear,23.7,13,258,18
Pavagadh,2025-05-20,3,Tuesday,0,0,0,Clear,23.5,18,198,41
Pavagadh,2025-05-20,4,Tuesday,0,0,0,Clear,23.7,41,572,335
Pavagadh,2025-05-20,5,Tuesday,0,0,0,Clear,25.1,335,1043,541
Pavagadh,2025-05-20,6,Tuesday,0,0,0,Clear,27.0,541,2302,1246
Pavagadh,2025-05-20,7,Tuesday,0,0,0,Clear,28.9,1246,2801,1195
Pavagadh,2025-05-20,8,Tuesday,0,0,0,Clear,30.4,1195,3724,1531
Pavagadh,2025-05-20,9,Tuesday,0,0,0,Clear,31.3,1531,4166,1618
Pavagadh,2025-05-20,10,Tuesday,0,0,0,Clear,33.6,1618,3851,1108
Pavagadh,2025-05-20,11,Tuesday,0,0,0,Clear,35.5,1108,3719,1036
Pavagadh,2025-05-20,12,Tuesday,0,0,0,Clear,35.5,1036,3086,707
Pavagadh,2025-05-20,13,Tuesday,0,0,0,Clear,36.0,707,2585,616
Pavagadh,2025-05-20,14,Tuesday,0,0,0,Clear,37.4,616,2510,852
Pavagadh,2025-05-20,15,Tuesday,0,0,0,Clear,36.8,852,2439,821
Pavagadh,2025-05-20,16,Tuesday,0,0,0,Clear,35.8,821,3340,1454
Pavagadh,2025-05-20,17,Tuesday,0,0,0,Clear,34.9,1454,4126,1660
Pavagadh,2025-05-20,18,Tuesday,0,0,0,Clear,33.7,1660,4309,1591
Pavagadh,2025-05-20,19,Tuesday,0,0,0,Clear,31.8,1591,4159,1271
Pavagadh,2025-05-20,20,Tuesday,0,0,0,Clear,31.1,1271,3595,1122
Pavagadh,2025-05-20,21,Tuesday,0,0,0,Clear,28.1,1122,2663,613
Pavagadh,2025-05-20,22,Tuesday,0,0,0,Clear,26.9,613,1942,277
Pavagadh,2025-05-20,23,Tuesday,0,0,0,Clear,26.6,277,1164,76
Pavagadh,2025-05-21,0,Wednesday,0,0,0,Clear,23.0,76,696,27
Pavagadh,2025-05-21,1,Wednesday,0,0,0,Clear,23.1,27,398,18
Pavagadh,2025-05-21,2,Wednesday,0,0,0,Clear,21.4,18,260,23
Pavagadh,2025-05-21,3,Wednesday,0,0,0,Clear,22.5,23,214,44
Pavagadh,2025-05-21,4,Wednesday,0,0,0,Clear,22.8,44,464,255
Pavagadh,2025-05-21,5,Wednesday,0,0,0,Clear,23.2,255,1207,692
Pavagadh,2025-05-21,6,Wednesday,0,0,0,Clear,24.3,692,2153,1082
Pavagadh,2025-05-21,7,Wednesday,0,0,0,Clear,26.7,1082,3363,1596
Pavagadh,2025-05-21,8,Wednesday,0,0,0,Clear,29.2,1596,3678,1529
Pavagadh,2025-05-21,9,Wednesday,0,0,0,Clear,30.6,1529,3766,1221
Pavagadh,2025-05-21,10,Wednesday,0,0,0,Clear,32.0,1221,3772,1207
Pavagadh,2025-05-21,11,Wednesday,0,0,0,Clear,32.3,1207,3475,1003
Pavagadh,2025-05-21,12,Wednesday,0,0,0,Clear,34.6,1003,2775,674
Pavagadh,2025-05-21,13,Wednesday,0,0,0,Clear,36.0,674,2417,697
Pavagadh,2025-05-21,14,Wednesday,0,0,0,Clear,36.1,697,2484,831
Pavagadh,2025-05-21,15,Wednesday,0,0,0,Clear,35.4,831,2625,856
Pavagadh,2025-05-21,16,Wednesday,0,0,0,Clear,35.0,856,3262,1334
Pavagadh,2025-05-21,17,Wednesday,0,0,0,Clear,33.3,1334,3868,1501
Pavagadh,2025-05-21,18,Wednesday,0,0,0,Clear,31.5,1501,4531,1773
Pavagadh,2025-05-21,19,Wednesday,0,0,0,Clear,30.6,1773,4702,1600
Pavagadh,2025-05-21,20,Wednesday,0,0,0,Clear,29.1,1600,3792,849
Pavagadh,2025-05-21,21,Wednesday,0,0,0,Clear,27.0,849,2913,654
Pavagadh,2025-05-21,22,Wednesday,0,0,0,Clear,26.0,654,1915,276
Pavagadh,2025-05-21,23,Wednesday,0,0,0,Clear,23.6,276,1184,100
Pavagadh,2025-05-22,0,Thursday,0,0,0,Clear,24.2,100,653,30
Pavagadh,2025-05-22,1,Thursday,0,0,0,Clear,22.3,30,373,19
Pavagadh,2025-05-22,2,Thursday,0,0,0,Clear,21.4,19,225,17
Pavagadh,2025-05-22,3,Thursday,0,0,0,Clear,22.7,17,179,51
Pavagadh,2025-05-22,4,Thursday,0,0,0,Clear,23.1,51,578,358
Pavagadh,2025-05-22,5,Thursday,0,0,0,Clear,23.9,358,1193,643
Pavagadh,2025-05-22,6,Thursday,0,0,0,Clear,25.9,643,2227,1152
Pavagadh,2025-05-22,7,Thursday,0,0,0,Clear,27.9,1152,3067,1360
Pavagadh,2025-05-22,8,Thursday,0,0,0,Clear,28.6,1360,4466,1982
Pavagadh,2025-05-22,9,Thursday,0,0,0,Clear,30.9,1982,4721,1746
Pavagadh,2025-05-22,10,Thursday,0,0,0,Clear,32.6,1746,4234,1215
Pavagadh,2025-05-22,11,Thursday,0,0,0,Clear,34.1,1215,3763,1070
Pavagadh,2025-05-22,12,Thursday,0,0,0,Clear,35.2,1070,3031,866
Pavagadh,2025-05-22,13,Thursday,0,0,0,Clear,36.9,866,2504,625
Pavagadh,2025-05-22,14,Thursday,0,0,0,Clear,36.8,625,2563,851
Pavagadh,2025-05-22,15,Thursday,0,0,0,Clear,36.5,851,2830,1004
Pavagadh,2025-05-22,16,Thursday,0,0,0,Clear,34.3,1004,3516,1419
Pavagadh,2025-05-22,17,Thursday,0,0,0,Clear,34.7,1419,4416,1824
Pavagadh,2025-05-22,18,Thursday,0,0,0,Clear,32.5,1824,4746,1745
Pavagadh,2025-05-22,19,Thursday,0,0,0,Clear,30.3,1745,5219,1836
Pavagadh,2025-05-22,20,Thursday,0,0,0,Clear,29.5,1836,4642,1232
Pavagadh,2025-05-22,21,Thursday,0,0,0,Clear,27.0,1232,3664,703
Pavagadh,2025-05-22,22,Thursday,0,0,0,Clear,25.6,703,2211,232
Pavagadh,2025-05-22,23,Thursday,0,0,0,Clear,24.6,232,1314,80
Pavagadh,2025-05-23,0,Friday,0,0,0,Clear,18.0,80,789,33
Pavagadh,2025-05-23,1,Friday,0,0,0,Clear,18.0,33,447,23
Pavagadh,2025-05-23,2,Friday,0,0,0,Clear,18.0,23,280,22
Pavagadh,2025-05-23,3,Friday,0,0,0,Clear,18.0,22,239,63
Pavagadh,2025-05-23,4,Friday,0,0,0,Clear,18.0,63,711,428
Pavagadh,2025-05-23,5,Friday,0,0,0,Clear,19.5,428,1456,808
Pavagadh,2025-05-23,6,Friday,0,0,0,Clear,21.7,808,2607,1372
Pavagadh,2025-05-23,7,Friday,0,0,0,Clear,22.4,1372,3644,1658
Pavagadh,2025-05-23,8,Friday,0,0,0,Clear,23.7,1658,4650,1987
Pavagadh,2025-05-23,9,Friday,0,0,0,Clear,26.3,1987,4844,1779
Pavagadh,2025-05-23,10,Friday,0,0,0,Clear,27.6,1779,4542,1402
Pavagadh,2025-05-23,11,Friday,0,0,0,Clear,27.8,1402,4243,1289
Pavagadh,2025-05-23,12,Friday,0,0,0,Clear,29.4,1289,3631,890
Pavagadh,2025-05-23,13,Friday,0,0,0,Clear,30.5,890,2841,675
Pavagadh,2025-05-23,14,Friday,0,0,0,Clear,30.9,675,2742,845
Pavagadh,2025-05-23,15,Friday,0,0,0,Clear,30.6,845,2810,987
Pavagadh,2025-05-23,16,Friday,0,0,0,Clear,29.9,987,3615,1556
Pavagadh,2025-05-23,17,Friday,0,0,0,Clear,28.9,1556,4952,2245
Pavagadh,2025-05-23,18,Friday,0,0,0,Clear,28.0,2245,4840,1720
Pavagadh,2025-05-23,19,Friday,0,0,0,Clear,25.1,1720,4890,1679
Pavagadh,2025-05-23,20,Friday,0,0,0,Clear,23.3,1679,4283,1202
Pavagadh,2025-05-23,21,Friday,0,0,0,Clear,21.6,1202,3480,830
Pavagadh,2025-05-23,22,Friday,0,0,0,Clear,20.2,830,2459,325
Pavagadh,2025-05-23,23,Friday,0,0,0,Clear,18.7,325,1413,94
Pavagadh,2025-05-24,0,Saturday,1,0,0,Cloudy,21.6,94,877,53
Pavagadh,2025-05-24,1,Saturday,1,0,0,Cloudy,19.9,53,468,28
Pavagadh,2025-05-24,2,Saturday,1,0,0,Cloudy,20.0,28,264,27
Pavagadh,2025-05-24,3,Saturday,1,0,0,Cloudy,21.7,27,224,70
Pavagadh,2025-05-24,4,Saturday,1,0,0,Cloudy,20.9,70,976,623
Pavagadh,2025-05-24,5,Saturday,1,0,0,Cloudy,22.2,623,2064,1107
Pavagadh,2025-05-24,6,Saturday,1,0,0,Cloudy,23.4,1107,3994,2082
Pavagadh,2025-05-24,7,Saturday,1,0,0,Cloudy,24.5,2082,6127,2983
Pavagadh,2025-05-24,8,Saturday,1,0,0,Cloudy,26.5,2983,7216,2732
Pavagadh,2025-05-24,9,Saturday,1,0,0,Cloudy,29.0,2732,7256,2393
Pavagadh,2025-05-24,10,Saturday,1,0,0,Cloudy,30.8,2393,6590,2045
Pavagadh,2025-05-24,11,Saturday,1,0,0,Cloudy,31.2,2045,6005,1872
Pavagadh,2025-05-24,12,Saturday,1,0,0,Cloudy,31.7,1872,4810,1126
Pavagadh,2025-05-24,13,Saturday,1,0,0,Cloudy,33.8,1126,3850,858
Pavagadh,2025-05-24,14,Saturday,1,0,0,Rainy,34.2,858,3037,761
Pavagadh,2025-05-24,15,Saturday,1,0,0,Cloudy,33.3,761,4142,1782
Pavagadh,2025-05-24,16,Saturday,1,0,0,Rainy,32.6,1782,3804,1222
Pavagadh,2025-05-24,17,Saturday,1,0,0,Cloudy,30.8,1222,4713,1881
Pavagadh,2025-05-24,18,Saturday,1,0,0,Cloudy,30.9,1881,6938,3342
Pavagadh,2025-05-24,19,Saturday,1,0,0,Cloudy,27.4,3342,6916,2223
Pavagadh,2025-05-24,20,Saturday,1,0,0,Cloudy,26.3,2223,5895,1447
Pavagadh,2025-05-24,21,Saturday,1,0,0,Cloudy,24.9,1447,4731,1101
Pavagadh,2025-05-24,22,Saturday,1,0,0,Cloudy,23.4,1101,3141,434
Pavagadh,2025-05-24,23,Saturday,1,0,0,Cloudy,21.9,434,1942,128
Pavagadh,2025-05-25,0,Sunday,1,0,0,Clear,28.7,128,1178,71
Pavagadh,2025-05-25,1,Sunday,1,0,0,Clear,27.3,71,702,51
Pavagadh,2025-05-25,2,Sunday,1,0,0,Clear,27.0,51,449,52
Pavagadh,2025-05-25,3,Sunday,1,0,0,Clear,26.9,52,381,104
Pavagadh,2025-05-25,4,Sunday,1,0,0,Clear,27.4,104,1173,714
Pavagadh,2025-05-25,5,Sunday,1,0,0,Clear,28.8,714,3041,1794
Pavagadh,2025-05-25,6,Sunday,1,0,0,Clear,29.7,1794,6209,3398
Pavagadh,2025-05-25,7,Sunday,1,0,0,Clear,32.1,3398,8257,3539
Pavagadh,2025-05-25,8,Sunday,1,0,0,Clear,33.8,3539,8870,3060
Pavagadh,2025-05-25,9,Sunday,1,0,0,Clear,35.8,3060,9842,3614
Pavagadh,2025-05-25,10,Sunday,1,0,0,Clear,36.2,3614,10567,3324
Pavagadh,2025-05-25,11,Sunday,1,0,0,Clear,36.7,3324,9366,2461
Pavagadh,2025-05-25,12,Sunday,1,0,0,Clear,39.9,2461,7066,1540
Pavagadh,2025-05-25,13,Sunday,1,0,0,Clear,39.4,1540,5850,1471
Pavagadh,2025-05-25,14,Sunday,1,0,0,Clear,39.1,1471,5597,1874
Pavagadh,2025-05-25,15,Sunday,1,0,0,Clear,39.7,1874,6153,2297
Pavagadh,2025-05-25,16,Sunday,1,0,0,Clear,38.5,2297,8317,3695
Pavagadh,2025-05-25,17,Sunday,1,0,0,Clear,38.1,3695,10003,4020
Pavagadh,2025-05-25,18,Sunday,1,0,0,Clear,36.7,4020,12014,4882
Pavagadh,2025-05-25,19,Sunday,1,0,0,Clear,34.6,4882,11339,3655
Pavagadh,2025-05-25,20,Sunday,1,0,0,Clear,33.3,3655,9809,2404
Pavagadh,2025-05-25,21,Sunday,1,0,0,Clear,31.2,2404,7858,1837
Pavagadh,2025-05-25,22,Sunday,1,0,0,Clear,30.5,1837,4737,622
Pavagadh,2025-05-25,23,Sunday,1,0,0,Clear,27.6,622,2942,307
Pavagadh,2025-05-26,0,Monday,0,0,0,Clear,29.1,307,1665,24
Pavagadh,2025-05-26,1,Monday,0,0,0,Clear,28.0,24,938,27
Pavagadh,2025-05-26,2,Monday,0,0,0,Clear,27.2,27,519,20
Pavagadh,2025-05-26,3,Monday,0,0,0,Clear,28.1,20,338,47
Pavagadh,2025-05-26,4,Monday,0,0,0,Clear,28.8,47,648,337
Pavagadh,2025-05-26,5,Monday,0,0,0,Clear,30.5,337,1255,671
Pavagadh,2025-05-26,6,Monday,0,0,0,Clear,30.1,671,2511,1365
Pavagadh,2025-05-26,7,Monday,0,0,0,Clear,32.7,1365,3841,1857
Pavagadh,2025-05-26,8,Monday,0,0,0,Clear,34.0,1857,4867,1985
Pavagadh,2025-05-26,9,Monday,0,0,0,Clear,36.3,1985,4504,1496
Pavagadh,2025-05-26,10,Monday,0,0,0,Clear,37.1,1496,4140,1178
Pavagadh,2025-05-26,11,Monday,0,0,0,Clear,39.1,1178,3601,1017
Pavagadh,2025-05-26,12,Monday,0,0,0,Clear,40.3,1017,2910,731
Pavagadh,2025-05-26,13,Monday,0,0,0,Clear,41.0,731,2495,623
Pavagadh,2025-05-26,14,Monday,0,0,0,Clear,41.0,623,2234,673
Pavagadh,2025-05-26,15,Monday,0,0,0,Clear,41.0,673,2528,1029
Pavagadh,2025-05-26,16,Monday,0,0,0,Clear,40.2,1029,3155,1285
Pavagadh,2025-05-26,17,Monday,0,0,0,Clear,40.6,1285,4205,1790
Pavagadh,2025-05-26,18,Monday,0,0,0,Clear,37.4,1790,4618,1620
Pavagadh,2025-05-26,19,Monday,0,0,0,Clear,35.6,1620,4764,1479
Pavagadh,2025-05-26,20,Monday,0,0,0,Clear,34.0,1479,4452,1319
Pavagadh,2025-05-26,21,Monday,0,0,0,Clear,32.2,1319,3296,693
Pavagadh,2025-05-26,22,Monday,0,0,0,Clear,31.5,693,2264,331
Pavagadh,2025-05-26,23,Monday,0,0,0,Clear,30.3,331,1433,97
Pavagadh,2025-05-27,0,Tuesday,0,0,0,Clear,23.8,97,783,27
Pavagadh,2025-05-27,1,Tuesday,0,0,0,Clear,23.7,27,438,18
Pavagadh,2025-05-27,2,Tuesday,0,0,0,Clear,23.7,18,258,17
Pavagadh,2025-05-27,3,Tuesday,0,0,0,Clear,23.4,17,197,41
Pavagadh,2025-05-27,4,Tuesday,0,0,0,Clear,24.9,41,495,284
Pavagadh,2025-05-27,5,Tuesday,0,0,0,Clear,24.6,284,1058,583
Pavagadh,2025-05-27,6,Tuesday,0,0,0,Clear,27.9,583,2345,1296
Pavagadh,2025-05-27,7,Tuesday,0,0,0,Clear,27.6,1296,3110,1419
Pavagadh,2025-05-27,8,Tuesday,0,0,0,Clear,30.7,1419,3981,1670
Pavagadh,2025-05-27,9,Tuesday,0,0,0,Clear,31.5,1670,4724,1853
Pavagadh,2025-05-27,10,Tuesday,0,0,0,Clear,32.8,1853,4631,1518
Pavagadh,2025-05-27,11,Tuesday,0,0,0,Clear,33.3,1518,3653,837
Pavagadh,2025-05-27,12,Tuesday,0,0,0,Clear,35.6,837,2959,772
Pavagadh,2025-05-27,13,Tuesday,0,0,0,Clear,35.9,772,2467,555
Pavagadh,2025-05-27,14,Tuesday,0,0,0,Clear,37.0,555,2650,940
Pavagadh,2025-05-27,15,Tuesday,0,0,0,Clear,37.2,940,2668,885
Pavagadh,2025-05-27,16,Tuesday,0,0,0,Clear,34.7,885,3322,1358
Pavagadh,2025-05-27,17,Tuesday,0,0,0,Clear,32.9,1358,4331,1797
Pavagadh,2025-05-27,18,Tuesday,0,0,0,Clear,32.6,1797,4584,1763
Pavagadh,2025-05-27,19,Tuesday,0,0,0,Clear,30.9,1763,4683,1709
Pavagadh,2025-05-27,20,Tuesday,0,0,0,Clear,29.6,1709,3817,887
Pavagadh,2025-05-27,21,Tuesday,0,0,0,Clear,28.2,887,3049,667
Pavagadh,2025-05-27,22,Tuesday,0,0,0,Clear,27.2,667,1919,245
Pavagadh,2025-05-27,23,Tuesday,0,0,0,Clear,24.6,245,1160,74
Pavagadh,2025-05-28,0,Wednesday,0,0,0,Rainy,28.2,74,611,18
Pavagadh,2025-05-28,1,Wednesday,0,0,0,Rainy,27.6,18,363,13
Pavagadh,2025-05-28,2,Wednesday,0,0,0,Rainy,26.3,13,209,12
Pavagadh,2025-05-28,3,Wednesday,0,0,0,Rainy,27.6,12,163,28
Pavagadh,2025-05-28,4,Wednesday,0,0,0,Rainy,28.4,28,374,211
Pavagadh,2025-05-28,5,Wednesday,0,0,0,Rainy,29.6,211,786,424
Pavagadh,2025-05-28,6,Wednesday,0,0,0,Rainy,30.5,424,1690,924
Pavagadh,2025-05-28,7,Wednesday,0,0,0,Rainy,32.3,924,2427,1092
Pavagadh,2025-05-28,8,Wednesday,0,0,0,Rainy,34.6,1092,2784,1085
Pavagadh,2025-05-28,9,Wednesday,0,0,0,Rainy,35.9,1085,2824,902
Pavagadh,2025-05-28,10,Wednesday,0,0,0,Rainy,38.3,902,2839,871
Pavagadh,2025-05-28,11,Wednesday,0,0,0,Rainy,39.4,871,2499,646
Pavagadh,2025-05-28,12,Wednesday,0,0,0,Rainy,39.1,646,1934,475
Pavagadh,2025-05-28,13,Wednesday,0,0,0,Rainy,40.4,475,1584,342
Pavagadh,2025-05-28,14,Wednesday,0,0,0,Heavy Rain,40.5,342,1223,303
Pavagadh,2025-05-28,15,Wednesday,0,0,0,Heavy Rain,40.5,303,1197,351
Pavagadh,2025-05-28,16,Wednesday,0,0,0,Rainy,40.8,351,1744,819
Pavagadh,2025-05-28,17,Wednesday,0,0,0,Rainy,37.9,819,2103,865
Pavagadh,2025-05-28,18,Wednesday,0,0,0,Rainy,38.2,865,2742,1172
Pavagadh,2025-05-28,19,Wednesday,0,0,0,Rainy,35.6,1172,2736,879
Pavagadh,2025-05-28,20,Wednesday,0,0,0,Rainy,34.1,879,2577,764
Pavagadh,2025-05-28,21,Wednesday,0,0,0,Rainy,32.4,764,1949,425
Pavagadh,2025-05-28,22,Wednesday,0,0,0,Rainy,30.7,425,1349,205
Pavagadh,2025-05-28,23,Wednesday,0,0,0,Rainy,29.2,205,780,60
Pavagadh,2025-05-29,0,Thursday,0,0,0,Sunny,23.7,60,468,29
Pavagadh,2025-05-29,1,Thursday,0,0,0,Sunny,23.5,29,291,18
Pavagadh,2025-05-29,2,Thursday,0,0,0,Sunny,22.6,18,188,20
Pavagadh,2025-05-29,3,Thursday,0,0,0,Sunny,22.4,20,170,49
Pavagadh,2025-05-29,4,Thursday,0,0,0,Sunny,23.6,49,536,332
Pavagadh,2025-05-29,5,Thursday,0,0,0,Sunny,24.8,332,1216,701
Pavagadh,2025-05-29,6,Thursday,0,0,0,Sunny,25.9,701,2175,1114
Pavagadh,2025-05-29,7,Thursday,0,0,0,Sunny,28.4,1114,3059,1422
Pavagadh,2025-05-29,8,Thursday,0,0,0,Sunny,30.0,1422,3979,1745
Pavagadh,2025-05-29,9,Thursday,0,0,0,Sunny,32.7,1745,4291,1571
Pavagadh,2025-05-29,10,Thursday,0,0,0,Sunny,33.0,1571,4410,1471
Pavagadh,2025-05-29,11,Thursday,0,0,0,Sunny,33.6,1471,3701,985
Pavagadh,2025-05-29,12,Thursday,0,0,0,Sunny,35.7,985,3011,803
Pavagadh,2025-05-29,13,Thursday,0,0,0,Sunny,36.3,803,2737,799
Pavagadh,2025-05-29,14,Thursday,0,0,0,Sunny,36.1,799,2379,674
Pavagadh,2025-05-29,15,Thursday,0,0,0,Sunny,35.7,674,2663,977
Pavagadh,2025-05-29,16,Thursday,0,0,0,Sunny,35.7,977,3053,1274
Pavagadh,2025-05-29,17,Thursday,0,0,0,Sunny,35.1,1274,3856,1606
Pavagadh,2025-05-29,18,Thursday,0,0,0,Sunny,32.7,1606,4393,1729
Pavagadh,2025-05-29,19,Thursday,0,0,0,Sunny,30.8,1729,4218,1336
Pavagadh,2025-05-29,20,Thursday,0,0,0,Sunny,30.1,1336,3570,1029
Pavagadh,2025-05-29,21,Thursday,0,0,0,Sunny,28.0,1029,2838,716
Pavagadh,2025-05-29,22,Thursday,0,0,0,Sunny,26.6,716,1997,258
Pavagadh,2025-05-29,23,Thursday,0,0,0,Sunny,24.9,258,1290,101
Pavagadh,2025-05-30,0,Friday,0,0,0,Clear,24.6,101,796,38
Pavagadh,2025-05-30,1,Friday,0,0,0,Clear,24.4,38,460,15
Pavagadh,2025-05-30,2,Friday,0,0,0,Clear,23.6,15,282,20
Pavagadh,2025-05-30,3,Friday,0,0,0,Clear,25.0,20,241,66
Pavagadh,2025-05-30,4,Friday,0,0,0,Clear,24.9,66,711,427
Pavagadh,2025-05-30,5,Friday,0,0,0,Clear,26.3,427,1495,823
Pavagadh,2025-05-30,6,Friday,0,0,0,Clear,28.3,823,3231,1806
Pavagadh,2025-05-30,7,Friday,0,0,0,Clear,29.7,1806,3769,1546
Pavagadh,2025-05-30,8,Friday,0,0,0,Clear,31.5,1546,4663,2004
Pavagadh,2025-05-30,9,Friday,0,0,0,Clear,32.9,2004,5083,2003
Pavagadh,2025-05-30,10,Friday,0,0,0,Clear,35.6,2003,5090,1638
Pavagadh,2025-05-30,11,Friday,0,0,0,Clear,35.9,1638,5025,1549
Pavagadh,2025-05-30,12,Friday,0,0,0,Clear,36.7,1549,3954,957
Pavagadh,2025-05-30,13,Friday,0,0,0,Clear,37.5,957,3448,912
Pavagadh,2025-05-30,14,Friday,0,0,0,Clear,38.3,912,3392,1069
Pavagadh,2025-05-30,15,Friday,0,0,0,Clear,37.1,1069,3894,1467
Pavagadh,2025-05-30,16,Friday,0,0,0,Clear,37.3,1467,4414,1595
Pavagadh,2025-05-30,17,Friday,0,0,0,Clear,37.1,1595,5095,1880
Pavagadh,2025-05-30,18,Friday,0,0,0,Clear,34.6,1880,4868,1676
Pavagadh,2025-05-30,19,Friday,0,0,0,Clear,33.2,1676,5422,1973
Pavagadh,2025-05-30,20,Friday,0,0,0,Clear,31.7,1973,5476,1789
Pavagadh,2025-05-30,21,Friday,0,0,0,Clear,29.3,1789,4275,753
Pavagadh,2025-05-30,22,Friday,0,0,0,Clear,27.1,753,2866,380
Pavagadh,2025-05-30,23,Friday,0,0,0,Clear,26.0,380,1817,92
